travel_type,market,measure,unit,state,state_abbrev,period_type,year,quarter,period_label,is_calendar_year_end,value,source,source_file,original_table,original_title
Overnight,All overnight,Trips,000 trips,Australia,AUS,quarter,2019,Q1,Q1 2019,False,28339.589,Tourism Research Australia: Domestic Tourism Statistics,domestic_tourism_overnight_backcast_2019_2024.xlsx,Table 1,"Backcast Overnight Trips ('000), Australia and States"
Overnight,All overnight,Trips,000 trips,Australia,AUS,quarter,2019,Q2,Q2 2019,False,26136.233,Tourism Research Australia: Domestic Tourism Statistics,domestic_tourism_overnight_backcast_2019_2024.xlsx,Table 1,"Backcast Overnight Trips ('000), Australia and States"
Overnight,All overnight,Trips,000 trips,Australia,AUS,quarter,2019,Q3,Q3 2019,False,26571.899,Tourism Research Australia: Domestic Tourism Statistics,domestic_tourism_overnight_backcast_2019_2024.xlsx,Table 1,"Backcast Overnight Trips ('000), Australia and States"
Overnight,All overnight,Trips,000 trips,Australia,AUS,quarter,2019,Q4,Q4 2019,True,28574.832,Tourism Research Australia: Domestic Tourism Statistics,domestic_tourism_overnight_backcast_2019_2024.xlsx,Table 1,"Backcast Overnight Trips ('000), Australia and States"
Overnight,All overnight,Trips,000 trips,Australia,AUS,quarter,2020,Q1,Q1 2020,False,27064.08,Tourism Research Australia: Domestic Tourism Statistics,domestic_tourism_overnight_backcast_2019_2024.xlsx,Table 1,"Backcast Overnight Trips ('000), Australia and States"
Overnight,All overnight,Trips,000 trips,Australia,AUS,quarter,2020,Q2,Q2 2020,False,13735.222,Tourism Research Australia: Domestic Tourism Statistics,domestic_tourism_overnight_backcast_2019_2024.xlsx,Table 1,"Backcast Overnight Trips ('000), Australia and States"
Overnight,All overnight,Trips,000 trips,Australia,AUS,quarter,2020,Q3,Q3 2020,False,18925.141,Tourism Research Australia: Domestic Tourism Statistics,domestic_tourism_overnight_backcast_2019_2024.xlsx,Table 1,"Backcast Overnight Trips ('000), Australia and States"
Overnight,All overnight,Trips,000 trips,Australia,AUS,quarter,2020,Q4,Q4 2020,True,24704.445,Tourism Research Australia: Domestic Tourism Statistics,domestic_tourism_overnight_backcast_2019_2024.xlsx,Table 1,"Backcast Overnight Trips ('000), Australia and States"
Overnight,All overnight,Trips,000 trips,Australia,AUS,quarter,2021,Q1,Q1 2021,False,26551.204,Tourism Research Australia: Domestic Tourism Statistics,domestic_tourism_overnight_backcast_2019_2024.xlsx,Table 1,"Backcast Overnight Trips ('000), Australia and States"
Overnight,All overnight,Trips,000 trips,Australia,AUS,quarter,2021,Q2,Q2 2021,False,25997.297,Tourism Research Australia: Domestic Tourism Statistics,domestic_tourism_overnight_backcast_2019_2024.xlsx,Table 1,"Backcast Overnight Trips ('000), Australia and States"
Overnight,All overnight,Trips,000 trips,Australia,AUS,quarter,2021,Q3,Q3 2021,False,15334.5,Tourism Research Australia: Domestic Tourism Statistics,domestic_tourism_overnight_backcast_2019_2024.xlsx,Table 1,"Backcast Overnight Trips ('000), Australia and States"
Overnight,All overnight,Trips,000 trips,Australia,AUS,quarter,2021,Q4,Q4 2021,True,24147.465,Tourism Research Australia: Domestic Tourism Statistics,domestic_tourism_overnight_backcast_2019_2024.xlsx,Table 1,"Backcast Overnight Trips ('000), Australia and States"
Overnight,All overnight,Trips,000 trips,Australia,AUS,quarter,2022,Q1,Q1 2022,False,27232.759,Tourism Research Australia: Domestic Tourism Statistics,domestic_tourism_overnight_backcast_2019_2024.xlsx,Table 1,"Backcast Overnight Trips ('000), Australia and States"
Overnight,All overnight,Trips,000 trips,Australia,AUS,quarter,2022,Q2,Q2 2022,False,27351.462,Tourism Research Australia: Domestic Tourism Statistics,domestic_tourism_overnight_backcast_2019_2024.xlsx,Table 1,"Backcast Overnight Trips ('000), Australia and States"
Overnight,All overnight,Trips,000 trips,Australia,AUS,quarter,2022,Q3,Q3 2022,False,27013.899,Tourism Research Australia: Domestic Tourism Statistics,domestic_tourism_overnight_backcast_2019_2024.xlsx,Table 1,"Backcast Overnight Trips ('000), Australia and States"
Overnight,All overnight,Trips,000 trips,Australia,AUS,quarter,2022,Q4,Q4 2022,True,28883.381,Tourism Research Australia: Domestic Tourism Statistics,domestic_tourism_overnight_backcast_2019_2024.xlsx,Table 1,"Backcast Overnight Trips ('000), Australia and States"
Overnight,All overnight,Trips,000 trips,Australia,AUS,quarter,2023,Q1,Q1 2023,False,29402.648,Tourism Research Australia: Domestic Tourism Statistics,domestic_tourism_overnight_backcast_2019_2024.xlsx,Table 1,"Backcast Overnight Trips ('000), Australia and States"
Overnight,All overnight,Trips,000 trips,Australia,AUS,quarter,2023,Q2,Q2 2023,False,27610.81,Tourism Research Australia: Domestic Tourism Statistics,domestic_tourism_overnight_backcast_2019_2024.xlsx,Table 1,"Backcast Overnight Trips ('000), Australia and States"
Overnight,All overnight,Trips,000 trips,Australia,AUS,quarter,2023,Q3,Q3 2023,False,26863.288,Tourism Research Australia: Domestic Tourism Statistics,domestic_tourism_overnight_backcast_2019_2024.xlsx,Table 1,"Backcast Overnight Trips ('000), Australia and States"
Overnight,All overnight,Trips,000 trips,Australia,AUS,quarter,2023,Q4,Q4 2023,True,29234.698,Tourism Research Australia: Domestic Tourism Statistics,domestic_tourism_overnight_backcast_2019_2024.xlsx,Table 1,"Backcast Overnight Trips ('000), Australia and States"
Overnight,All overnight,Trips,000 trips,Australia,AUS,quarter,2024,Q1,Q1 2024,False,29514.151,Tourism Research Australia: Domestic Tourism Statistics,domestic_tourism_overnight_backcast_2019_2024.xlsx,Table 1,"Backcast Overnight Trips ('000), Australia and States"
Overnight,All overnight,Trips,000 trips,Australia,AUS,quarter,2024,Q2,Q2 2024,False,27086.396,Tourism Research Australia: Domestic Tourism Statistics,domestic_tourism_overnight_backcast_2019_2024.xlsx,Table 1,"Backcast Overnight Trips ('000), Australia and States"
Overnight,All overnight,Trips,000 trips,Australia,AUS,quarter,2024,Q3,Q3 2024,False,26595.113,Tourism Research Australia: Domestic Tourism Statistics,domestic_tourism_overnight_backcast_2019_2024.xlsx,Table 1,"Backcast Overnight Trips ('000), Australia and States"
Overnight,All overnight,Trips,000 trips,Australia,AUS,quarter,2024,Q4,Q4 2024,True,29578.645,Tourism Research Australia: Domestic Tourism Statistics,domestic_tourism_overnight_backcast_2019_2024.xlsx,Table 1,"Backcast Overnight Trips ('000), Australia and States"
Overnight,All overnight,Trips,000 trips,New South Wales,NSW,quarter,2019,Q1,Q1 2019,False,10058.372,Tourism Research Australia: Domestic Tourism Statistics,domestic_tourism_overnight_backcast_2019_2024.xlsx,Table 1,"Backcast Overnight Trips ('000), Australia and States"
Overnight,All overnight,Trips,000 trips,New South Wales,NSW,quarter,2019,Q2,Q2 2019,False,9308.252,Tourism Research Australia: Domestic Tourism Statistics,domestic_tourism_overnight_backcast_2019_2024.xlsx,Table 1,"Backcast Overnight Trips ('000), Australia and States"
Overnight,All overnight,Trips,000 trips,New South Wales,NSW,quarter,2019,Q3,Q3 2019,False,9421.108,Tourism Research Australia: Domestic Tourism Statistics,domestic_tourism_overnight_backcast_2019_2024.xlsx,Table 1,"Backcast Overnight Trips ('000), Australia and States"
Overnight,All overnight,Trips,000 trips,New South Wales,NSW,quarter,2019,Q4,Q4 2019,True,10273.49,Tourism Research Australia: Domestic Tourism Statistics,domestic_tourism_overnight_backcast_2019_2024.xlsx,Table 1,"Backcast Overnight Trips ('000), Australia and States"
Overnight,All overnight,Trips,000 trips,New South Wales,NSW,quarter,2020,Q1,Q1 2020,False,9301.787,Tourism Research Australia: Domestic Tourism Statistics,domestic_tourism_overnight_backcast_2019_2024.xlsx,Table 1,"Backcast Overnight Trips ('000), Australia and States"
Overnight,All overnight,Trips,000 trips,New South Wales,NSW,quarter,2020,Q2,Q2 2020,False,4768.726,Tourism Research Australia: Domestic Tourism Statistics,domestic_tourism_overnight_backcast_2019_2024.xlsx,Table 1,"Backcast Overnight Trips ('000), Australia and States"
Overnight,All overnight,Trips,000 trips,New South Wales,NSW,quarter,2020,Q3,Q3 2020,False,7015.5,Tourism Research Australia: Domestic Tourism Statistics,domestic_tourism_overnight_backcast_2019_2024.xlsx,Table 1,"Backcast Overnight Trips ('000), Australia and States"
Overnight,All overnight,Trips,000 trips,New South Wales,NSW,quarter,2020,Q4,Q4 2020,True,8873.119,Tourism Research Australia: Domestic Tourism Statistics,domestic_tourism_overnight_backcast_2019_2024.xlsx,Table 1,"Backcast Overnight Trips ('000), Australia and States"
Overnight,All overnight,Trips,000 trips,New South Wales,NSW,quarter,2021,Q1,Q1 2021,False,8893.157,Tourism Research Australia: Domestic Tourism Statistics,domestic_tourism_overnight_backcast_2019_2024.xlsx,Table 1,"Backcast Overnight Trips ('000), Australia and States"
Overnight,All overnight,Trips,000 trips,New South Wales,NSW,quarter,2021,Q2,Q2 2021,False,9166.014,Tourism Research Australia: Domestic Tourism Statistics,domestic_tourism_overnight_backcast_2019_2024.xlsx,Table 1,"Backcast Overnight Trips ('000), Australia and States"
Overnight,All overnight,Trips,000 trips,New South Wales,NSW,quarter,2021,Q3,Q3 2021,False,2803.916,Tourism Research Australia: Domestic Tourism Statistics,domestic_tourism_overnight_backcast_2019_2024.xlsx,Table 1,"Backcast Overnight Trips ('000), Australia and States"
Overnight,All overnight,Trips,000 trips,New South Wales,NSW,quarter,2021,Q4,Q4 2021,True,7306.228,Tourism Research Australia: Domestic Tourism Statistics,domestic_tourism_overnight_backcast_2019_2024.xlsx,Table 1,"Backcast Overnight Trips ('000), Australia and States"
Overnight,All overnight,Trips,000 trips,New South Wales,NSW,quarter,2022,Q1,Q1 2022,False,9083.719,Tourism Research Australia: Domestic Tourism Statistics,domestic_tourism_overnight_backcast_2019_2024.xlsx,Table 1,"Backcast Overnight Trips ('000), Australia and States"
Overnight,All overnight,Trips,000 trips,New South Wales,NSW,quarter,2022,Q2,Q2 2022,False,9428.113,Tourism Research Australia: Domestic Tourism Statistics,domestic_tourism_overnight_backcast_2019_2024.xlsx,Table 1,"Backcast Overnight Trips ('000), Australia and States"
Overnight,All overnight,Trips,000 trips,New South Wales,NSW,quarter,2022,Q3,Q3 2022,False,9257.429,Tourism Research Australia: Domestic Tourism Statistics,domestic_tourism_overnight_backcast_2019_2024.xlsx,Table 1,"Backcast Overnight Trips ('000), Australia and States"
Overnight,All overnight,Trips,000 trips,New South Wales,NSW,quarter,2022,Q4,Q4 2022,True,10203.996,Tourism Research Australia: Domestic Tourism Statistics,domestic_tourism_overnight_backcast_2019_2024.xlsx,Table 1,"Backcast Overnight Trips ('000), Australia and States"
Overnight,All overnight,Trips,000 trips,New South Wales,NSW,quarter,2023,Q1,Q1 2023,False,10262.309,Tourism Research Australia: Domestic Tourism Statistics,domestic_tourism_overnight_backcast_2019_2024.xlsx,Table 1,"Backcast Overnight Trips ('000), Australia and States"
Overnight,All overnight,Trips,000 trips,New South Wales,NSW,quarter,2023,Q2,Q2 2023,False,9607.094,Tourism Research Australia: Domestic Tourism Statistics,domestic_tourism_overnight_backcast_2019_2024.xlsx,Table 1,"Backcast Overnight Trips ('000), Australia and States"
Overnight,All overnight,Trips,000 trips,New South Wales,NSW,quarter,2023,Q3,Q3 2023,False,9358.609,Tourism Research Australia: Domestic Tourism Statistics,domestic_tourism_overnight_backcast_2019_2024.xlsx,Table 1,"Backcast Overnight Trips ('000), Australia and States"
Overnight,All overnight,Trips,000 trips,New South Wales,NSW,quarter,2023,Q4,Q4 2023,True,10385.176,Tourism Research Australia: Domestic Tourism Statistics,domestic_tourism_overnight_backcast_2019_2024.xlsx,Table 1,"Backcast Overnight Trips ('000), Australia and States"
Overnight,All overnight,Trips,000 trips,New South Wales,NSW,quarter,2024,Q1,Q1 2024,False,10294.761,Tourism Research Australia: Domestic Tourism Statistics,domestic_tourism_overnight_backcast_2019_2024.xlsx,Table 1,"Backcast Overnight Trips ('000), Australia and States"
Overnight,All overnight,Trips,000 trips,New South Wales,NSW,quarter,2024,Q2,Q2 2024,False,9336.224,Tourism Research Australia: Domestic Tourism Statistics,domestic_tourism_overnight_backcast_2019_2024.xlsx,Table 1,"Backcast Overnight Trips ('000), Australia and States"
Overnight,All overnight,Trips,000 trips,New South Wales,NSW,quarter,2024,Q3,Q3 2024,False,9156.842,Tourism Research Australia: Domestic Tourism Statistics,domestic_tourism_overnight_backcast_2019_2024.xlsx,Table 1,"Backcast Overnight Trips ('000), Australia and States"
Overnight,All overnight,Trips,000 trips,New South Wales,NSW,quarter,2024,Q4,Q4 2024,True,10592.612,Tourism Research Australia: Domestic Tourism Statistics,domestic_tourism_overnight_backcast_2019_2024.xlsx,Table 1,"Backcast Overnight Trips ('000), Australia and States"
Overnight,All overnight,Trips,000 trips,Victoria,VIC,quarter,2019,Q1,Q1 2019,False,8583.953,Tourism Research Australia: Domestic Tourism Statistics,domestic_tourism_overnight_backcast_2019_2024.xlsx,Table 1,"Backcast Overnight Trips ('000), Australia and States"
Overnight,All overnight,Trips,000 trips,Victoria,VIC,quarter,2019,Q2,Q2 2019,False,7298.266,Tourism Research Australia: Domestic Tourism Statistics,domestic_tourism_overnight_backcast_2019_2024.xlsx,Table 1,"Backcast Overnight Trips ('000), Australia and States"
Overnight,All overnight,Trips,000 trips,Victoria,VIC,quarter,2019,Q3,Q3 2019,False,7305.262,Tourism Research Australia: Domestic Tourism Statistics,domestic_tourism_overnight_backcast_2019_2024.xlsx,Table 1,"Backcast Overnight Trips ('000), Australia and States"
Overnight,All overnight,Trips,000 trips,Victoria,VIC,quarter,2019,Q4,Q4 2019,True,7983.477,Tourism Research Australia: Domestic Tourism Statistics,domestic_tourism_overnight_backcast_2019_2024.xlsx,Table 1,"Backcast Overnight Trips ('000), Australia and States"
Overnight,All overnight,Trips,000 trips,Victoria,VIC,quarter,2020,Q1,Q1 2020,False,8153.551,Tourism Research Australia: Domestic Tourism Statistics,domestic_tourism_overnight_backcast_2019_2024.xlsx,Table 1,"Backcast Overnight Trips ('000), Australia and States"
Overnight,All overnight,Trips,000 trips,Victoria,VIC,quarter,2020,Q2,Q2 2020,False,3535.496,Tourism Research Australia: Domestic Tourism Statistics,domestic_tourism_overnight_backcast_2019_2024.xlsx,Table 1,"Backcast Overnight Trips ('000), Australia and States"
Overnight,All overnight,Trips,000 trips,Victoria,VIC,quarter,2020,Q3,Q3 2020,False,2331.317,Tourism Research Australia: Domestic Tourism Statistics,domestic_tourism_overnight_backcast_2019_2024.xlsx,Table 1,"Backcast Overnight Trips ('000), Australia and States"
Overnight,All overnight,Trips,000 trips,Victoria,VIC,quarter,2020,Q4,Q4 2020,True,5340.185,Tourism Research Australia: Domestic Tourism Statistics,domestic_tourism_overnight_backcast_2019_2024.xlsx,Table 1,"Backcast Overnight Trips ('000), Australia and States"
Overnight,All overnight,Trips,000 trips,Victoria,VIC,quarter,2021,Q1,Q1 2021,False,7386.785,Tourism Research Australia: Domestic Tourism Statistics,domestic_tourism_overnight_backcast_2019_2024.xlsx,Table 1,"Backcast Overnight Trips ('000), Australia and States"
Overnight,All overnight,Trips,000 trips,Victoria,VIC,quarter,2021,Q2,Q2 2021,False,6207.663,Tourism Research Australia: Domestic Tourism Statistics,domestic_tourism_overnight_backcast_2019_2024.xlsx,Table 1,"Backcast Overnight Trips ('000), Australia and States"
Overnight,All overnight,Trips,000 trips,Victoria,VIC,quarter,2021,Q3,Q3 2021,False,3473.428,Tourism Research Australia: Domestic Tourism Statistics,domestic_tourism_overnight_backcast_2019_2024.xlsx,Table 1,"Backcast Overnight Trips ('000), Australia and States"
Overnight,All overnight,Trips,000 trips,Victoria,VIC,quarter,2021,Q4,Q4 2021,True,6130.746,Tourism Research Australia: Domestic Tourism Statistics,domestic_tourism_overnight_backcast_2019_2024.xlsx,Table 1,"Backcast Overnight Trips ('000), Australia and States"
Overnight,All overnight,Trips,000 trips,Victoria,VIC,quarter,2022,Q1,Q1 2022,False,8038.4,Tourism Research Australia: Domestic Tourism Statistics,domestic_tourism_overnight_backcast_2019_2024.xlsx,Table 1,"Backcast Overnight Trips ('000), Australia and States"
Overnight,All overnight,Trips,000 trips,Victoria,VIC,quarter,2022,Q2,Q2 2022,False,7542.748,Tourism Research Australia: Domestic Tourism Statistics,domestic_tourism_overnight_backcast_2019_2024.xlsx,Table 1,"Backcast Overnight Trips ('000), Australia and States"
Overnight,All overnight,Trips,000 trips,Victoria,VIC,quarter,2022,Q3,Q3 2022,False,7322.608,Tourism Research Australia: Domestic Tourism Statistics,domestic_tourism_overnight_backcast_2019_2024.xlsx,Table 1,"Backcast Overnight Trips ('000), Australia and States"
Overnight,All overnight,Trips,000 trips,Victoria,VIC,quarter,2022,Q4,Q4 2022,True,7637.89,Tourism Research Australia: Domestic Tourism Statistics,domestic_tourism_overnight_backcast_2019_2024.xlsx,Table 1,"Backcast Overnight Trips ('000), Australia and States"
Overnight,All overnight,Trips,000 trips,Victoria,VIC,quarter,2023,Q1,Q1 2023,False,8646.04,Tourism Research Australia: Domestic Tourism Statistics,domestic_tourism_overnight_backcast_2019_2024.xlsx,Table 1,"Backcast Overnight Trips ('000), Australia and States"
Overnight,All overnight,Trips,000 trips,Victoria,VIC,quarter,2023,Q2,Q2 2023,False,7449.218,Tourism Research Australia: Domestic Tourism Statistics,domestic_tourism_overnight_backcast_2019_2024.xlsx,Table 1,"Backcast Overnight Trips ('000), Australia and States"
Overnight,All overnight,Trips,000 trips,Victoria,VIC,quarter,2023,Q3,Q3 2023,False,7066.182,Tourism Research Australia: Domestic Tourism Statistics,domestic_tourism_overnight_backcast_2019_2024.xlsx,Table 1,"Backcast Overnight Trips ('000), Australia and States"
Overnight,All overnight,Trips,000 trips,Victoria,VIC,quarter,2023,Q4,Q4 2023,True,7976.893,Tourism Research Australia: Domestic Tourism Statistics,domestic_tourism_overnight_backcast_2019_2024.xlsx,Table 1,"Backcast Overnight Trips ('000), Australia and States"
Overnight,All overnight,Trips,000 trips,Victoria,VIC,quarter,2024,Q1,Q1 2024,False,8829.172,Tourism Research Australia: Domestic Tourism Statistics,domestic_tourism_overnight_backcast_2019_2024.xlsx,Table 1,"Backcast Overnight Trips ('000), Australia and States"
Overnight,All overnight,Trips,000 trips,Victoria,VIC,quarter,2024,Q2,Q2 2024,False,7332.328,Tourism Research Australia: Domestic Tourism Statistics,domestic_tourism_overnight_backcast_2019_2024.xlsx,Table 1,"Backcast Overnight Trips ('000), Australia and States"
Overnight,All overnight,Trips,000 trips,Victoria,VIC,quarter,2024,Q3,Q3 2024,False,7049.273,Tourism Research Australia: Domestic Tourism Statistics,domestic_tourism_overnight_backcast_2019_2024.xlsx,Table 1,"Backcast Overnight Trips ('000), Australia and States"
Overnight,All overnight,Trips,000 trips,Victoria,VIC,quarter,2024,Q4,Q4 2024,True,8077.218,Tourism Research Australia: Domestic Tourism Statistics,domestic_tourism_overnight_backcast_2019_2024.xlsx,Table 1,"Backcast Overnight Trips ('000), Australia and States"
Overnight,All overnight,Trips,000 trips,Queensland,QLD,quarter,2019,Q1,Q1 2019,False,5918.46,Tourism Research Australia: Domestic Tourism Statistics,domestic_tourism_overnight_backcast_2019_2024.xlsx,Table 1,"Backcast Overnight Trips ('000), Australia and States"
Overnight,All overnight,Trips,000 trips,Queensland,QLD,quarter,2019,Q2,Q2 2019,False,5934.481,Tourism Research Australia: Domestic Tourism Statistics,domestic_tourism_overnight_backcast_2019_2024.xlsx,Table 1,"Backcast Overnight Trips ('000), Australia and States"
Overnight,All overnight,Trips,000 trips,Queensland,QLD,quarter,2019,Q3,Q3 2019,False,6370.27,Tourism Research Australia: Domestic Tourism Statistics,domestic_tourism_overnight_backcast_2019_2024.xlsx,Table 1,"Backcast Overnight Trips ('000), Australia and States"
Overnight,All overnight,Trips,000 trips,Queensland,QLD,quarter,2019,Q4,Q4 2019,True,6518.29,Tourism Research Australia: Domestic Tourism Statistics,domestic_tourism_overnight_backcast_2019_2024.xlsx,Table 1,"Backcast Overnight Trips ('000), Australia and States"
Overnight,All overnight,Trips,000 trips,Queensland,QLD,quarter,2020,Q1,Q1 2020,False,5769.508,Tourism Research Australia: Domestic Tourism Statistics,domestic_tourism_overnight_backcast_2019_2024.xlsx,Table 1,"Backcast Overnight Trips ('000), Australia and States"
Overnight,All overnight,Trips,000 trips,Queensland,QLD,quarter,2020,Q2,Q2 2020,False,2961.247,Tourism Research Australia: Domestic Tourism Statistics,domestic_tourism_overnight_backcast_2019_2024.xlsx,Table 1,"Backcast Overnight Trips ('000), Australia and States"
Overnight,All overnight,Trips,000 trips,Queensland,QLD,quarter,2020,Q3,Q3 2020,False,5381.224,Tourism Research Australia: Domestic Tourism Statistics,domestic_tourism_overnight_backcast_2019_2024.xlsx,Table 1,"Backcast Overnight Trips ('000), Australia and States"
Overnight,All overnight,Trips,000 trips,Queensland,QLD,quarter,2020,Q4,Q4 2020,True,5854.949,Tourism Research Australia: Domestic Tourism Statistics,domestic_tourism_overnight_backcast_2019_2024.xlsx,Table 1,"Backcast Overnight Trips ('000), Australia and States"
Overnight,All overnight,Trips,000 trips,Queensland,QLD,quarter,2021,Q1,Q1 2021,False,5741.009,Tourism Research Australia: Domestic Tourism Statistics,domestic_tourism_overnight_backcast_2019_2024.xlsx,Table 1,"Backcast Overnight Trips ('000), Australia and States"
Overnight,All overnight,Trips,000 trips,Queensland,QLD,quarter,2021,Q2,Q2 2021,False,6263.304,Tourism Research Australia: Domestic Tourism Statistics,domestic_tourism_overnight_backcast_2019_2024.xlsx,Table 1,"Backcast Overnight Trips ('000), Australia and States"
Overnight,All overnight,Trips,000 trips,Queensland,QLD,quarter,2021,Q3,Q3 2021,False,5072.26,Tourism Research Australia: Domestic Tourism Statistics,domestic_tourism_overnight_backcast_2019_2024.xlsx,Table 1,"Backcast Overnight Trips ('000), Australia and States"
Overnight,All overnight,Trips,000 trips,Queensland,QLD,quarter,2021,Q4,Q4 2021,True,5910.25,Tourism Research Australia: Domestic Tourism Statistics,domestic_tourism_overnight_backcast_2019_2024.xlsx,Table 1,"Backcast Overnight Trips ('000), Australia and States"
Overnight,All overnight,Trips,000 trips,Queensland,QLD,quarter,2022,Q1,Q1 2022,False,5851.32,Tourism Research Australia: Domestic Tourism Statistics,domestic_tourism_overnight_backcast_2019_2024.xlsx,Table 1,"Backcast Overnight Trips ('000), Australia and States"
Overnight,All overnight,Trips,000 trips,Queensland,QLD,quarter,2022,Q2,Q2 2022,False,6401.744,Tourism Research Australia: Domestic Tourism Statistics,domestic_tourism_overnight_backcast_2019_2024.xlsx,Table 1,"Backcast Overnight Trips ('000), Australia and States"
Overnight,All overnight,Trips,000 trips,Queensland,QLD,quarter,2022,Q3,Q3 2022,False,6690.17,Tourism Research Australia: Domestic Tourism Statistics,domestic_tourism_overnight_backcast_2019_2024.xlsx,Table 1,"Backcast Overnight Trips ('000), Australia and States"
Overnight,All overnight,Trips,000 trips,Queensland,QLD,quarter,2022,Q4,Q4 2022,True,6849.857,Tourism Research Australia: Domestic Tourism Statistics,domestic_tourism_overnight_backcast_2019_2024.xlsx,Table 1,"Backcast Overnight Trips ('000), Australia and States"
Overnight,All overnight,Trips,000 trips,Queensland,QLD,quarter,2023,Q1,Q1 2023,False,6364.254,Tourism Research Australia: Domestic Tourism Statistics,domestic_tourism_overnight_backcast_2019_2024.xlsx,Table 1,"Backcast Overnight Trips ('000), Australia and States"
Overnight,All overnight,Trips,000 trips,Queensland,QLD,quarter,2023,Q2,Q2 2023,False,6510.354,Tourism Research Australia: Domestic Tourism Statistics,domestic_tourism_overnight_backcast_2019_2024.xlsx,Table 1,"Backcast Overnight Trips ('000), Australia and States"
Overnight,All overnight,Trips,000 trips,Queensland,QLD,quarter,2023,Q3,Q3 2023,False,6670.981,Tourism Research Australia: Domestic Tourism Statistics,domestic_tourism_overnight_backcast_2019_2024.xlsx,Table 1,"Backcast Overnight Trips ('000), Australia and States"
Overnight,All overnight,Trips,000 trips,Queensland,QLD,quarter,2023,Q4,Q4 2023,True,6709.967,Tourism Research Australia: Domestic Tourism Statistics,domestic_tourism_overnight_backcast_2019_2024.xlsx,Table 1,"Backcast Overnight Trips ('000), Australia and States"
Overnight,All overnight,Trips,000 trips,Queensland,QLD,quarter,2024,Q1,Q1 2024,False,6210.455,Tourism Research Australia: Domestic Tourism Statistics,domestic_tourism_overnight_backcast_2019_2024.xlsx,Table 1,"Backcast Overnight Trips ('000), Australia and States"
Overnight,All overnight,Trips,000 trips,Queensland,QLD,quarter,2024,Q2,Q2 2024,False,6362.514,Tourism Research Australia: Domestic Tourism Statistics,domestic_tourism_overnight_backcast_2019_2024.xlsx,Table 1,"Backcast Overnight Trips ('000), Australia and States"
Overnight,All overnight,Trips,000 trips,Queensland,QLD,quarter,2024,Q3,Q3 2024,False,6568.132,Tourism Research Australia: Domestic Tourism Statistics,domestic_tourism_overnight_backcast_2019_2024.xlsx,Table 1,"Backcast Overnight Trips ('000), Australia and States"
Overnight,All overnight,Trips,000 trips,Queensland,QLD,quarter,2024,Q4,Q4 2024,True,6760.98,Tourism Research Australia: Domestic Tourism Statistics,domestic_tourism_overnight_backcast_2019_2024.xlsx,Table 1,"Backcast Overnight Trips ('000), Australia and States"
Overnight,All overnight,Trips,000 trips,South Australia,SA,quarter,2019,Q1,Q1 2019,False,1906.188,Tourism Research Australia: Domestic Tourism Statistics,domestic_tourism_overnight_backcast_2019_2024.xlsx,Table 1,"Backcast Overnight Trips ('000), Australia and States"
Overnight,All overnight,Trips,000 trips,South Australia,SA,quarter,2019,Q2,Q2 2019,False,1693.843,Tourism Research Australia: Domestic Tourism Statistics,domestic_tourism_overnight_backcast_2019_2024.xlsx,Table 1,"Backcast Overnight Trips ('000), Australia and States"
Overnight,All overnight,Trips,000 trips,South Australia,SA,quarter,2019,Q3,Q3 2019,False,1619.65,Tourism Research Australia: Domestic Tourism Statistics,domestic_tourism_overnight_backcast_2019_2024.xlsx,Table 1,"Backcast Overnight Trips ('000), Australia and States"
Overnight,All overnight,Trips,000 trips,South Australia,SA,quarter,2019,Q4,Q4 2019,True,1888.115,Tourism Research Australia: Domestic Tourism Statistics,domestic_tourism_overnight_backcast_2019_2024.xlsx,Table 1,"Backcast Overnight Trips ('000), Australia and States"
Overnight,All overnight,Trips,000 trips,South Australia,SA,quarter,2020,Q1,Q1 2020,False,1930.181,Tourism Research Australia: Domestic Tourism Statistics,domestic_tourism_overnight_backcast_2019_2024.xlsx,Table 1,"Backcast Overnight Trips ('000), Australia and States"
Overnight,All overnight,Trips,000 trips,South Australia,SA,quarter,2020,Q2,Q2 2020,False,1024.392,Tourism Research Australia: Domestic Tourism Statistics,domestic_tourism_overnight_backcast_2019_2024.xlsx,Table 1,"Backcast Overnight Trips ('000), Australia and States"
Overnight,All overnight,Trips,000 trips,South Australia,SA,quarter,2020,Q3,Q3 2020,False,1431.089,Tourism Research Australia: Domestic Tourism Statistics,domestic_tourism_overnight_backcast_2019_2024.xlsx,Table 1,"Backcast Overnight Trips ('000), Australia and States"
Overnight,All overnight,Trips,000 trips,South Australia,SA,quarter,2020,Q4,Q4 2020,True,1711.567,Tourism Research Australia: Domestic Tourism Statistics,domestic_tourism_overnight_backcast_2019_2024.xlsx,Table 1,"Backcast Overnight Trips ('000), Australia and States"
Overnight,All overnight,Trips,000 trips,South Australia,SA,quarter,2021,Q1,Q1 2021,False,1998.34,Tourism Research Australia: Domestic Tourism Statistics,domestic_tourism_overnight_backcast_2019_2024.xlsx,Table 1,"Backcast Overnight Trips ('000), Australia and States"
Overnight,All overnight,Trips,000 trips,South Australia,SA,quarter,2021,Q2,Q2 2021,False,1893.428,Tourism Research Australia: Domestic Tourism Statistics,domestic_tourism_overnight_backcast_2019_2024.xlsx,Table 1,"Backcast Overnight Trips ('000), Australia and States"
Overnight,All overnight,Trips,000 trips,South Australia,SA,quarter,2021,Q3,Q3 2021,False,1406.338,Tourism Research Australia: Domestic Tourism Statistics,domestic_tourism_overnight_backcast_2019_2024.xlsx,Table 1,"Backcast Overnight Trips ('000), Australia and States"
Overnight,All overnight,Trips,000 trips,South Australia,SA,quarter,2021,Q4,Q4 2021,True,1831.597,Tourism Research Australia: Domestic Tourism Statistics,domestic_tourism_overnight_backcast_2019_2024.xlsx,Table 1,"Backcast Overnight Trips ('000), Australia and States"
Overnight,All overnight,Trips,000 trips,South Australia,SA,quarter,2022,Q1,Q1 2022,False,1972.857,Tourism Research Australia: Domestic Tourism Statistics,domestic_tourism_overnight_backcast_2019_2024.xlsx,Table 1,"Backcast Overnight Trips ('000), Australia and States"
Overnight,All overnight,Trips,000 trips,South Australia,SA,quarter,2022,Q2,Q2 2022,False,1885.466,Tourism Research Australia: Domestic Tourism Statistics,domestic_tourism_overnight_backcast_2019_2024.xlsx,Table 1,"Backcast Overnight Trips ('000), Australia and States"
Overnight,All overnight,Trips,000 trips,South Australia,SA,quarter,2022,Q3,Q3 2022,False,1751.233,Tourism Research Australia: Domestic Tourism Statistics,domestic_tourism_overnight_backcast_2019_2024.xlsx,Table 1,"Backcast Overnight Trips ('000), Australia and States"
Overnight,All overnight,Trips,000 trips,South Australia,SA,quarter,2022,Q4,Q4 2022,True,2012.357,Tourism Research Australia: Domestic Tourism Statistics,domestic_tourism_overnight_backcast_2019_2024.xlsx,Table 1,"Backcast Overnight Trips ('000), Australia and States"
Overnight,All overnight,Trips,000 trips,South Australia,SA,quarter,2023,Q1,Q1 2023,False,2063.958,Tourism Research Australia: Domestic Tourism Statistics,domestic_tourism_overnight_backcast_2019_2024.xlsx,Table 1,"Backcast Overnight Trips ('000), Australia and States"
Overnight,All overnight,Trips,000 trips,South Australia,SA,quarter,2023,Q2,Q2 2023,False,1906.956,Tourism Research Australia: Domestic Tourism Statistics,domestic_tourism_overnight_backcast_2019_2024.xlsx,Table 1,"Backcast Overnight Trips ('000), Australia and States"
Overnight,All overnight,Trips,000 trips,South Australia,SA,quarter,2023,Q3,Q3 2023,False,1758.617,Tourism Research Australia: Domestic Tourism Statistics,domestic_tourism_overnight_backcast_2019_2024.xlsx,Table 1,"Backcast Overnight Trips ('000), Australia and States"
Overnight,All overnight,Trips,000 trips,South Australia,SA,quarter,2023,Q4,Q4 2023,True,2019.977,Tourism Research Australia: Domestic Tourism Statistics,domestic_tourism_overnight_backcast_2019_2024.xlsx,Table 1,"Backcast Overnight Trips ('000), Australia and States"
Overnight,All overnight,Trips,000 trips,South Australia,SA,quarter,2024,Q1,Q1 2024,False,2143.452,Tourism Research Australia: Domestic Tourism Statistics,domestic_tourism_overnight_backcast_2019_2024.xlsx,Table 1,"Backcast Overnight Trips ('000), Australia and States"
Overnight,All overnight,Trips,000 trips,South Australia,SA,quarter,2024,Q2,Q2 2024,False,1932.732,Tourism Research Australia: Domestic Tourism Statistics,domestic_tourism_overnight_backcast_2019_2024.xlsx,Table 1,"Backcast Overnight Trips ('000), Australia and States"
Overnight,All overnight,Trips,000 trips,South Australia,SA,quarter,2024,Q3,Q3 2024,False,1754.16,Tourism Research Australia: Domestic Tourism Statistics,domestic_tourism_overnight_backcast_2019_2024.xlsx,Table 1,"Backcast Overnight Trips ('000), Australia and States"
Overnight,All overnight,Trips,000 trips,South Australia,SA,quarter,2024,Q4,Q4 2024,True,2067.663,Tourism Research Australia: Domestic Tourism Statistics,domestic_tourism_overnight_backcast_2019_2024.xlsx,Table 1,"Backcast Overnight Trips ('000), Australia and States"
Overnight,All overnight,Trips,000 trips,Western Australia,WA,quarter,2019,Q1,Q1 2019,False,2275.733,Tourism Research Australia: Domestic Tourism Statistics,domestic_tourism_overnight_backcast_2019_2024.xlsx,Table 1,"Backcast Overnight Trips ('000), Australia and States"
Overnight,All overnight,Trips,000 trips,Western Australia,WA,quarter,2019,Q2,Q2 2019,False,2092.443,Tourism Research Australia: Domestic Tourism Statistics,domestic_tourism_overnight_backcast_2019_2024.xlsx,Table 1,"Backcast Overnight Trips ('000), Australia and States"
Overnight,All overnight,Trips,000 trips,Western Australia,WA,quarter,2019,Q3,Q3 2019,False,2133.698,Tourism Research Australia: Domestic Tourism Statistics,domestic_tourism_overnight_backcast_2019_2024.xlsx,Table 1,"Backcast Overnight Trips ('000), Australia and States"
Overnight,All overnight,Trips,000 trips,Western Australia,WA,quarter,2019,Q4,Q4 2019,True,2238.964,Tourism Research Australia: Domestic Tourism Statistics,domestic_tourism_overnight_backcast_2019_2024.xlsx,Table 1,"Backcast Overnight Trips ('000), Australia and States"
Overnight,All overnight,Trips,000 trips,Western Australia,WA,quarter,2020,Q1,Q1 2020,False,2279.167,Tourism Research Australia: Domestic Tourism Statistics,domestic_tourism_overnight_backcast_2019_2024.xlsx,Table 1,"Backcast Overnight Trips ('000), Australia and States"
Overnight,All overnight,Trips,000 trips,Western Australia,WA,quarter,2020,Q2,Q2 2020,False,1251.039,Tourism Research Australia: Domestic Tourism Statistics,domestic_tourism_overnight_backcast_2019_2024.xlsx,Table 1,"Backcast Overnight Trips ('000), Australia and States"
Overnight,All overnight,Trips,000 trips,Western Australia,WA,quarter,2020,Q3,Q3 2020,False,2199.134,Tourism Research Australia: Domestic Tourism Statistics,domestic_tourism_overnight_backcast_2019_2024.xlsx,Table 1,"Backcast Overnight Trips ('000), Australia and States"
Overnight,All overnight,Trips,000 trips,Western Australia,WA,quarter,2020,Q4,Q4 2020,True,2378.048,Tourism Research Australia: Domestic Tourism Statistics,domestic_tourism_overnight_backcast_2019_2024.xlsx,Table 1,"Backcast Overnight Trips ('000), Australia and States"
Overnight,All overnight,Trips,000 trips,Western Australia,WA,quarter,2021,Q1,Q1 2021,False,2290.235,Tourism Research Australia: Domestic Tourism Statistics,domestic_tourism_overnight_backcast_2019_2024.xlsx,Table 1,"Backcast Overnight Trips ('000), Australia and States"
Overnight,All overnight,Trips,000 trips,Western Australia,WA,quarter,2021,Q2,Q2 2021,False,2333.375,Tourism Research Australia: Domestic Tourism Statistics,domestic_tourism_overnight_backcast_2019_2024.xlsx,Table 1,"Backcast Overnight Trips ('000), Australia and States"
Overnight,All overnight,Trips,000 trips,Western Australia,WA,quarter,2021,Q3,Q3 2021,False,2179.173,Tourism Research Australia: Domestic Tourism Statistics,domestic_tourism_overnight_backcast_2019_2024.xlsx,Table 1,"Backcast Overnight Trips ('000), Australia and States"
Overnight,All overnight,Trips,000 trips,Western Australia,WA,quarter,2021,Q4,Q4 2021,True,2473.759,Tourism Research Australia: Domestic Tourism Statistics,domestic_tourism_overnight_backcast_2019_2024.xlsx,Table 1,"Backcast Overnight Trips ('000), Australia and States"
Overnight,All overnight,Trips,000 trips,Western Australia,WA,quarter,2022,Q1,Q1 2022,False,2329.78,Tourism Research Australia: Domestic Tourism Statistics,domestic_tourism_overnight_backcast_2019_2024.xlsx,Table 1,"Backcast Overnight Trips ('000), Australia and States"
Overnight,All overnight,Trips,000 trips,Western Australia,WA,quarter,2022,Q2,Q2 2022,False,2322.959,Tourism Research Australia: Domestic Tourism Statistics,domestic_tourism_overnight_backcast_2019_2024.xlsx,Table 1,"Backcast Overnight Trips ('000), Australia and States"
Overnight,All overnight,Trips,000 trips,Western Australia,WA,quarter,2022,Q3,Q3 2022,False,2355.77,Tourism Research Australia: Domestic Tourism Statistics,domestic_tourism_overnight_backcast_2019_2024.xlsx,Table 1,"Backcast Overnight Trips ('000), Australia and States"
Overnight,All overnight,Trips,000 trips,Western Australia,WA,quarter,2022,Q4,Q4 2022,True,2498.516,Tourism Research Australia: Domestic Tourism Statistics,domestic_tourism_overnight_backcast_2019_2024.xlsx,Table 1,"Backcast Overnight Trips ('000), Australia and States"
Overnight,All overnight,Trips,000 trips,Western Australia,WA,quarter,2023,Q1,Q1 2023,False,2505.07,Tourism Research Australia: Domestic Tourism Statistics,domestic_tourism_overnight_backcast_2019_2024.xlsx,Table 1,"Backcast Overnight Trips ('000), Australia and States"
Overnight,All overnight,Trips,000 trips,Western Australia,WA,quarter,2023,Q2,Q2 2023,False,2377.393,Tourism Research Australia: Domestic Tourism Statistics,domestic_tourism_overnight_backcast_2019_2024.xlsx,Table 1,"Backcast Overnight Trips ('000), Australia and States"
Overnight,All overnight,Trips,000 trips,Western Australia,WA,quarter,2023,Q3,Q3 2023,False,2318.591,Tourism Research Australia: Domestic Tourism Statistics,domestic_tourism_overnight_backcast_2019_2024.xlsx,Table 1,"Backcast Overnight Trips ('000), Australia and States"
Overnight,All overnight,Trips,000 trips,Western Australia,WA,quarter,2023,Q4,Q4 2023,True,2504.671,Tourism Research Australia: Domestic Tourism Statistics,domestic_tourism_overnight_backcast_2019_2024.xlsx,Table 1,"Backcast Overnight Trips ('000), Australia and States"
Overnight,All overnight,Trips,000 trips,Western Australia,WA,quarter,2024,Q1,Q1 2024,False,2514.476,Tourism Research Australia: Domestic Tourism Statistics,domestic_tourism_overnight_backcast_2019_2024.xlsx,Table 1,"Backcast Overnight Trips ('000), Australia and States"
Overnight,All overnight,Trips,000 trips,Western Australia,WA,quarter,2024,Q2,Q2 2024,False,2344.641,Tourism Research Australia: Domestic Tourism Statistics,domestic_tourism_overnight_backcast_2019_2024.xlsx,Table 1,"Backcast Overnight Trips ('000), Australia and States"
Overnight,All overnight,Trips,000 trips,Western Australia,WA,quarter,2024,Q3,Q3 2024,False,2361.73,Tourism Research Australia: Domestic Tourism Statistics,domestic_tourism_overnight_backcast_2019_2024.xlsx,Table 1,"Backcast Overnight Trips ('000), Australia and States"
Overnight,All overnight,Trips,000 trips,Western Australia,WA,quarter,2024,Q4,Q4 2024,True,2508.698,Tourism Research Australia: Domestic Tourism Statistics,domestic_tourism_overnight_backcast_2019_2024.xlsx,Table 1,"Backcast Overnight Trips ('000), Australia and States"
Overnight,All overnight,Trips,000 trips,Tasmania,TAS,quarter,2019,Q1,Q1 2019,False,740.832,Tourism Research Australia: Domestic Tourism Statistics,domestic_tourism_overnight_backcast_2019_2024.xlsx,Table 1,"Backcast Overnight Trips ('000), Australia and States"
Overnight,All overnight,Trips,000 trips,Tasmania,TAS,quarter,2019,Q2,Q2 2019,False,587.329,Tourism Research Australia: Domestic Tourism Statistics,domestic_tourism_overnight_backcast_2019_2024.xlsx,Table 1,"Backcast Overnight Trips ('000), Australia and States"
Overnight,All overnight,Trips,000 trips,Tasmania,TAS,quarter,2019,Q3,Q3 2019,False,568.064,Tourism Research Australia: Domestic Tourism Statistics,domestic_tourism_overnight_backcast_2019_2024.xlsx,Table 1,"Backcast Overnight Trips ('000), Australia and States"
Overnight,All overnight,Trips,000 trips,Tasmania,TAS,quarter,2019,Q4,Q4 2019,True,691.544,Tourism Research Australia: Domestic Tourism Statistics,domestic_tourism_overnight_backcast_2019_2024.xlsx,Table 1,"Backcast Overnight Trips ('000), Australia and States"
Overnight,All overnight,Trips,000 trips,Tasmania,TAS,quarter,2020,Q1,Q1 2020,False,780.661,Tourism Research Australia: Domestic Tourism Statistics,domestic_tourism_overnight_backcast_2019_2024.xlsx,Table 1,"Backcast Overnight Trips ('000), Australia and States"
Overnight,All overnight,Trips,000 trips,Tasmania,TAS,quarter,2020,Q2,Q2 2020,False,209.104,Tourism Research Australia: Domestic Tourism Statistics,domestic_tourism_overnight_backcast_2019_2024.xlsx,Table 1,"Backcast Overnight Trips ('000), Australia and States"
Overnight,All overnight,Trips,000 trips,Tasmania,TAS,quarter,2020,Q3,Q3 2020,False,449.136,Tourism Research Australia: Domestic Tourism Statistics,domestic_tourism_overnight_backcast_2019_2024.xlsx,Table 1,"Backcast Overnight Trips ('000), Australia and States"
Overnight,All overnight,Trips,000 trips,Tasmania,TAS,quarter,2020,Q4,Q4 2020,True,607.374,Tourism Research Australia: Domestic Tourism Statistics,domestic_tourism_overnight_backcast_2019_2024.xlsx,Table 1,"Backcast Overnight Trips ('000), Australia and States"
Overnight,All overnight,Trips,000 trips,Tasmania,TAS,quarter,2021,Q1,Q1 2021,False,748.36,Tourism Research Australia: Domestic Tourism Statistics,domestic_tourism_overnight_backcast_2019_2024.xlsx,Table 1,"Backcast Overnight Trips ('000), Australia and States"
Overnight,All overnight,Trips,000 trips,Tasmania,TAS,quarter,2021,Q2,Q2 2021,False,676.019,Tourism Research Australia: Domestic Tourism Statistics,domestic_tourism_overnight_backcast_2019_2024.xlsx,Table 1,"Backcast Overnight Trips ('000), Australia and States"
Overnight,All overnight,Trips,000 trips,Tasmania,TAS,quarter,2021,Q3,Q3 2021,False,542.695,Tourism Research Australia: Domestic Tourism Statistics,domestic_tourism_overnight_backcast_2019_2024.xlsx,Table 1,"Backcast Overnight Trips ('000), Australia and States"
Overnight,All overnight,Trips,000 trips,Tasmania,TAS,quarter,2021,Q4,Q4 2021,True,625.342,Tourism Research Australia: Domestic Tourism Statistics,domestic_tourism_overnight_backcast_2019_2024.xlsx,Table 1,"Backcast Overnight Trips ('000), Australia and States"
Overnight,All overnight,Trips,000 trips,Tasmania,TAS,quarter,2022,Q1,Q1 2022,False,811.021,Tourism Research Australia: Domestic Tourism Statistics,domestic_tourism_overnight_backcast_2019_2024.xlsx,Table 1,"Backcast Overnight Trips ('000), Australia and States"
Overnight,All overnight,Trips,000 trips,Tasmania,TAS,quarter,2022,Q2,Q2 2022,False,702.53,Tourism Research Australia: Domestic Tourism Statistics,domestic_tourism_overnight_backcast_2019_2024.xlsx,Table 1,"Backcast Overnight Trips ('000), Australia and States"
Overnight,All overnight,Trips,000 trips,Tasmania,TAS,quarter,2022,Q3,Q3 2022,False,629.872,Tourism Research Australia: Domestic Tourism Statistics,domestic_tourism_overnight_backcast_2019_2024.xlsx,Table 1,"Backcast Overnight Trips ('000), Australia and States"
Overnight,All overnight,Trips,000 trips,Tasmania,TAS,quarter,2022,Q4,Q4 2022,True,754.439,Tourism Research Australia: Domestic Tourism Statistics,domestic_tourism_overnight_backcast_2019_2024.xlsx,Table 1,"Backcast Overnight Trips ('000), Australia and States"
Overnight,All overnight,Trips,000 trips,Tasmania,TAS,quarter,2023,Q1,Q1 2023,False,864.494,Tourism Research Australia: Domestic Tourism Statistics,domestic_tourism_overnight_backcast_2019_2024.xlsx,Table 1,"Backcast Overnight Trips ('000), Australia and States"
Overnight,All overnight,Trips,000 trips,Tasmania,TAS,quarter,2023,Q2,Q2 2023,False,672.198,Tourism Research Australia: Domestic Tourism Statistics,domestic_tourism_overnight_backcast_2019_2024.xlsx,Table 1,"Backcast Overnight Trips ('000), Australia and States"
Overnight,All overnight,Trips,000 trips,Tasmania,TAS,quarter,2023,Q3,Q3 2023,False,627.474,Tourism Research Australia: Domestic Tourism Statistics,domestic_tourism_overnight_backcast_2019_2024.xlsx,Table 1,"Backcast Overnight Trips ('000), Australia and States"
Overnight,All overnight,Trips,000 trips,Tasmania,TAS,quarter,2023,Q4,Q4 2023,True,777.337,Tourism Research Australia: Domestic Tourism Statistics,domestic_tourism_overnight_backcast_2019_2024.xlsx,Table 1,"Backcast Overnight Trips ('000), Australia and States"
Overnight,All overnight,Trips,000 trips,Tasmania,TAS,quarter,2024,Q1,Q1 2024,False,874.975,Tourism Research Australia: Domestic Tourism Statistics,domestic_tourism_overnight_backcast_2019_2024.xlsx,Table 1,"Backcast Overnight Trips ('000), Australia and States"
Overnight,All overnight,Trips,000 trips,Tasmania,TAS,quarter,2024,Q2,Q2 2024,False,684.553,Tourism Research Australia: Domestic Tourism Statistics,domestic_tourism_overnight_backcast_2019_2024.xlsx,Table 1,"Backcast Overnight Trips ('000), Australia and States"
Overnight,All overnight,Trips,000 trips,Tasmania,TAS,quarter,2024,Q3,Q3 2024,False,630.007,Tourism Research Australia: Domestic Tourism Statistics,domestic_tourism_overnight_backcast_2019_2024.xlsx,Table 1,"Backcast Overnight Trips ('000), Australia and States"
Overnight,All overnight,Trips,000 trips,Tasmania,TAS,quarter,2024,Q4,Q4 2024,True,796.62,Tourism Research Australia: Domestic Tourism Statistics,domestic_tourism_overnight_backcast_2019_2024.xlsx,Table 1,"Backcast Overnight Trips ('000), Australia and States"
Overnight,All overnight,Trips,000 trips,Northern Territory,NT,quarter,2019,Q1,Q1 2019,False,138.431,Tourism Research Australia: Domestic Tourism Statistics,domestic_tourism_overnight_backcast_2019_2024.xlsx,Table 1,"Backcast Overnight Trips ('000), Australia and States"
Overnight,All overnight,Trips,000 trips,Northern Territory,NT,quarter,2019,Q2,Q2 2019,False,219.115,Tourism Research Australia: Domestic Tourism Statistics,domestic_tourism_overnight_backcast_2019_2024.xlsx,Table 1,"Backcast Overnight Trips ('000), Australia and States"
Overnight,All overnight,Trips,000 trips,Northern Territory,NT,quarter,2019,Q3,Q3 2019,False,277.023,Tourism Research Australia: Domestic Tourism Statistics,domestic_tourism_overnight_backcast_2019_2024.xlsx,Table 1,"Backcast Overnight Trips ('000), Australia and States"
Overnight,All overnight,Trips,000 trips,Northern Territory,NT,quarter,2019,Q4,Q4 2019,True,173.486,Tourism Research Australia: Domestic Tourism Statistics,domestic_tourism_overnight_backcast_2019_2024.xlsx,Table 1,"Backcast Overnight Trips ('000), Australia and States"
Overnight,All overnight,Trips,000 trips,Northern Territory,NT,quarter,2020,Q1,Q1 2020,False,137.612,Tourism Research Australia: Domestic Tourism Statistics,domestic_tourism_overnight_backcast_2019_2024.xlsx,Table 1,"Backcast Overnight Trips ('000), Australia and States"
Overnight,All overnight,Trips,000 trips,Northern Territory,NT,quarter,2020,Q2,Q2 2020,False,52.804,Tourism Research Australia: Domestic Tourism Statistics,domestic_tourism_overnight_backcast_2019_2024.xlsx,Table 1,"Backcast Overnight Trips ('000), Australia and States"
Overnight,All overnight,Trips,000 trips,Northern Territory,NT,quarter,2020,Q3,Q3 2020,False,123.39,Tourism Research Australia: Domestic Tourism Statistics,domestic_tourism_overnight_backcast_2019_2024.xlsx,Table 1,"Backcast Overnight Trips ('000), Australia and States"
Overnight,All overnight,Trips,000 trips,Northern Territory,NT,quarter,2020,Q4,Q4 2020,True,129.77,Tourism Research Australia: Domestic Tourism Statistics,domestic_tourism_overnight_backcast_2019_2024.xlsx,Table 1,"Backcast Overnight Trips ('000), Australia and States"
Overnight,All overnight,Trips,000 trips,Northern Territory,NT,quarter,2021,Q1,Q1 2021,False,128.059,Tourism Research Australia: Domestic Tourism Statistics,domestic_tourism_overnight_backcast_2019_2024.xlsx,Table 1,"Backcast Overnight Trips ('000), Australia and States"
Overnight,All overnight,Trips,000 trips,Northern Territory,NT,quarter,2021,Q2,Q2 2021,False,234.161,Tourism Research Australia: Domestic Tourism Statistics,domestic_tourism_overnight_backcast_2019_2024.xlsx,Table 1,"Backcast Overnight Trips ('000), Australia and States"
Overnight,All overnight,Trips,000 trips,Northern Territory,NT,quarter,2021,Q3,Q3 2021,False,185.792,Tourism Research Australia: Domestic Tourism Statistics,domestic_tourism_overnight_backcast_2019_2024.xlsx,Table 1,"Backcast Overnight Trips ('000), Australia and States"
Overnight,All overnight,Trips,000 trips,Northern Territory,NT,quarter,2021,Q4,Q4 2021,True,127.658,Tourism Research Australia: Domestic Tourism Statistics,domestic_tourism_overnight_backcast_2019_2024.xlsx,Table 1,"Backcast Overnight Trips ('000), Australia and States"
Overnight,All overnight,Trips,000 trips,Northern Territory,NT,quarter,2022,Q1,Q1 2022,False,130.248,Tourism Research Australia: Domestic Tourism Statistics,domestic_tourism_overnight_backcast_2019_2024.xlsx,Table 1,"Backcast Overnight Trips ('000), Australia and States"
Overnight,All overnight,Trips,000 trips,Northern Territory,NT,quarter,2022,Q2,Q2 2022,False,268.412,Tourism Research Australia: Domestic Tourism Statistics,domestic_tourism_overnight_backcast_2019_2024.xlsx,Table 1,"Backcast Overnight Trips ('000), Australia and States"
Overnight,All overnight,Trips,000 trips,Northern Territory,NT,quarter,2022,Q3,Q3 2022,False,318.761,Tourism Research Australia: Domestic Tourism Statistics,domestic_tourism_overnight_backcast_2019_2024.xlsx,Table 1,"Backcast Overnight Trips ('000), Australia and States"
Overnight,All overnight,Trips,000 trips,Northern Territory,NT,quarter,2022,Q4,Q4 2022,True,193.433,Tourism Research Australia: Domestic Tourism Statistics,domestic_tourism_overnight_backcast_2019_2024.xlsx,Table 1,"Backcast Overnight Trips ('000), Australia and States"
Overnight,All overnight,Trips,000 trips,Northern Territory,NT,quarter,2023,Q1,Q1 2023,False,146.051,Tourism Research Australia: Domestic Tourism Statistics,domestic_tourism_overnight_backcast_2019_2024.xlsx,Table 1,"Backcast Overnight Trips ('000), Australia and States"
Overnight,All overnight,Trips,000 trips,Northern Territory,NT,quarter,2023,Q2,Q2 2023,False,230.335,Tourism Research Australia: Domestic Tourism Statistics,domestic_tourism_overnight_backcast_2019_2024.xlsx,Table 1,"Backcast Overnight Trips ('000), Australia and States"
Overnight,All overnight,Trips,000 trips,Northern Territory,NT,quarter,2023,Q3,Q3 2023,False,271.749,Tourism Research Australia: Domestic Tourism Statistics,domestic_tourism_overnight_backcast_2019_2024.xlsx,Table 1,"Backcast Overnight Trips ('000), Australia and States"
Overnight,All overnight,Trips,000 trips,Northern Territory,NT,quarter,2023,Q4,Q4 2023,True,159.817,Tourism Research Australia: Domestic Tourism Statistics,domestic_tourism_overnight_backcast_2019_2024.xlsx,Table 1,"Backcast Overnight Trips ('000), Australia and States"
Overnight,All overnight,Trips,000 trips,Northern Territory,NT,quarter,2024,Q1,Q1 2024,False,132.399,Tourism Research Australia: Domestic Tourism Statistics,domestic_tourism_overnight_backcast_2019_2024.xlsx,Table 1,"Backcast Overnight Trips ('000), Australia and States"
Overnight,All overnight,Trips,000 trips,Northern Territory,NT,quarter,2024,Q2,Q2 2024,False,218.466,Tourism Research Australia: Domestic Tourism Statistics,domestic_tourism_overnight_backcast_2019_2024.xlsx,Table 1,"Backcast Overnight Trips ('000), Australia and States"
Overnight,All overnight,Trips,000 trips,Northern Territory,NT,quarter,2024,Q3,Q3 2024,False,272.06,Tourism Research Australia: Domestic Tourism Statistics,domestic_tourism_overnight_backcast_2019_2024.xlsx,Table 1,"Backcast Overnight Trips ('000), Australia and States"
Overnight,All overnight,Trips,000 trips,Northern Territory,NT,quarter,2024,Q4,Q4 2024,True,221.018,Tourism Research Australia: Domestic Tourism Statistics,domestic_tourism_overnight_backcast_2019_2024.xlsx,Table 1,"Backcast Overnight Trips ('000), Australia and States"
Overnight,All overnight,Trips,000 trips,ACT,ACT,quarter,2019,Q1,Q1 2019,False,559.695,Tourism Research Australia: Domestic Tourism Statistics,domestic_tourism_overnight_backcast_2019_2024.xlsx,Table 1,"Backcast Overnight Trips ('000), Australia and States"
Overnight,All overnight,Trips,000 trips,ACT,ACT,quarter,2019,Q2,Q2 2019,False,553.432,Tourism Research Australia: Domestic Tourism Statistics,domestic_tourism_overnight_backcast_2019_2024.xlsx,Table 1,"Backcast Overnight Trips ('000), Australia and States"
Overnight,All overnight,Trips,000 trips,ACT,ACT,quarter,2019,Q3,Q3 2019,False,629.526,Tourism Research Australia: Domestic Tourism Statistics,domestic_tourism_overnight_backcast_2019_2024.xlsx,Table 1,"Backcast Overnight Trips ('000), Australia and States"
Overnight,All overnight,Trips,000 trips,ACT,ACT,quarter,2019,Q4,Q4 2019,True,615.325,Tourism Research Australia: Domestic Tourism Statistics,domestic_tourism_overnight_backcast_2019_2024.xlsx,Table 1,"Backcast Overnight Trips ('000), Australia and States"
Overnight,All overnight,Trips,000 trips,ACT,ACT,quarter,2020,Q1,Q1 2020,False,511.816,Tourism Research Australia: Domestic Tourism Statistics,domestic_tourism_overnight_backcast_2019_2024.xlsx,Table 1,"Backcast Overnight Trips ('000), Australia and States"
Overnight,All overnight,Trips,000 trips,ACT,ACT,quarter,2020,Q2,Q2 2020,False,201.041,Tourism Research Australia: Domestic Tourism Statistics,domestic_tourism_overnight_backcast_2019_2024.xlsx,Table 1,"Backcast Overnight Trips ('000), Australia and States"
Overnight,All overnight,Trips,000 trips,ACT,ACT,quarter,2020,Q3,Q3 2020,False,357.102,Tourism Research Australia: Domestic Tourism Statistics,domestic_tourism_overnight_backcast_2019_2024.xlsx,Table 1,"Backcast Overnight Trips ('000), Australia and States"
Overnight,All overnight,Trips,000 trips,ACT,ACT,quarter,2020,Q4,Q4 2020,True,428.217,Tourism Research Australia: Domestic Tourism Statistics,domestic_tourism_overnight_backcast_2019_2024.xlsx,Table 1,"Backcast Overnight Trips ('000), Australia and States"
Overnight,All overnight,Trips,000 trips,ACT,ACT,quarter,2021,Q1,Q1 2021,False,443.868,Tourism Research Australia: Domestic Tourism Statistics,domestic_tourism_overnight_backcast_2019_2024.xlsx,Table 1,"Backcast Overnight Trips ('000), Australia and States"
Overnight,All overnight,Trips,000 trips,ACT,ACT,quarter,2021,Q2,Q2 2021,False,584.818,Tourism Research Australia: Domestic Tourism Statistics,domestic_tourism_overnight_backcast_2019_2024.xlsx,Table 1,"Backcast Overnight Trips ('000), Australia and States"
Overnight,All overnight,Trips,000 trips,ACT,ACT,quarter,2021,Q3,Q3 2021,False,107.746,Tourism Research Australia: Domestic Tourism Statistics,domestic_tourism_overnight_backcast_2019_2024.xlsx,Table 1,"Backcast Overnight Trips ('000), Australia and States"
Overnight,All overnight,Trips,000 trips,ACT,ACT,quarter,2021,Q4,Q4 2021,True,317.982,Tourism Research Australia: Domestic Tourism Statistics,domestic_tourism_overnight_backcast_2019_2024.xlsx,Table 1,"Backcast Overnight Trips ('000), Australia and States"
Overnight,All overnight,Trips,000 trips,ACT,ACT,quarter,2022,Q1,Q1 2022,False,512.99,Tourism Research Australia: Domestic Tourism Statistics,domestic_tourism_overnight_backcast_2019_2024.xlsx,Table 1,"Backcast Overnight Trips ('000), Australia and States"
Overnight,All overnight,Trips,000 trips,ACT,ACT,quarter,2022,Q2,Q2 2022,False,562.986,Tourism Research Australia: Domestic Tourism Statistics,domestic_tourism_overnight_backcast_2019_2024.xlsx,Table 1,"Backcast Overnight Trips ('000), Australia and States"
Overnight,All overnight,Trips,000 trips,ACT,ACT,quarter,2022,Q3,Q3 2022,False,599.734,Tourism Research Australia: Domestic Tourism Statistics,domestic_tourism_overnight_backcast_2019_2024.xlsx,Table 1,"Backcast Overnight Trips ('000), Australia and States"
Overnight,All overnight,Trips,000 trips,ACT,ACT,quarter,2022,Q4,Q4 2022,True,613.094,Tourism Research Australia: Domestic Tourism Statistics,domestic_tourism_overnight_backcast_2019_2024.xlsx,Table 1,"Backcast Overnight Trips ('000), Australia and States"
Overnight,All overnight,Trips,000 trips,ACT,ACT,quarter,2023,Q1,Q1 2023,False,556.223,Tourism Research Australia: Domestic Tourism Statistics,domestic_tourism_overnight_backcast_2019_2024.xlsx,Table 1,"Backcast Overnight Trips ('000), Australia and States"
Overnight,All overnight,Trips,000 trips,ACT,ACT,quarter,2023,Q2,Q2 2023,False,541.018,Tourism Research Australia: Domestic Tourism Statistics,domestic_tourism_overnight_backcast_2019_2024.xlsx,Table 1,"Backcast Overnight Trips ('000), Australia and States"
Overnight,All overnight,Trips,000 trips,ACT,ACT,quarter,2023,Q3,Q3 2023,False,578.997,Tourism Research Australia: Domestic Tourism Statistics,domestic_tourism_overnight_backcast_2019_2024.xlsx,Table 1,"Backcast Overnight Trips ('000), Australia and States"
Overnight,All overnight,Trips,000 trips,ACT,ACT,quarter,2023,Q4,Q4 2023,True,585.786,Tourism Research Australia: Domestic Tourism Statistics,domestic_tourism_overnight_backcast_2019_2024.xlsx,Table 1,"Backcast Overnight Trips ('000), Australia and States"
Overnight,All overnight,Trips,000 trips,ACT,ACT,quarter,2024,Q1,Q1 2024,False,557.275,Tourism Research Australia: Domestic Tourism Statistics,domestic_tourism_overnight_backcast_2019_2024.xlsx,Table 1,"Backcast Overnight Trips ('000), Australia and States"
Overnight,All overnight,Trips,000 trips,ACT,ACT,quarter,2024,Q2,Q2 2024,False,529.55,Tourism Research Australia: Domestic Tourism Statistics,domestic_tourism_overnight_backcast_2019_2024.xlsx,Table 1,"Backcast Overnight Trips ('000), Australia and States"
Overnight,All overnight,Trips,000 trips,ACT,ACT,quarter,2024,Q3,Q3 2024,False,584.395,Tourism Research Australia: Domestic Tourism Statistics,domestic_tourism_overnight_backcast_2019_2024.xlsx,Table 1,"Backcast Overnight Trips ('000), Australia and States"
Overnight,All overnight,Trips,000 trips,ACT,ACT,quarter,2024,Q4,Q4 2024,True,573.073,Tourism Research Australia: Domestic Tourism Statistics,domestic_tourism_overnight_backcast_2019_2024.xlsx,Table 1,"Backcast Overnight Trips ('000), Australia and States"
Overnight,All overnight,Nights,000 nights,Australia,AUS,quarter,2019,Q1,Q1 2019,False,99684.857,Tourism Research Australia: Domestic Tourism Statistics,domestic_tourism_overnight_backcast_2019_2024.xlsx,Table 2,"Backcast Overnight Nights ('000), Australia and States"
Overnight,All overnight,Nights,000 nights,Australia,AUS,quarter,2019,Q2,Q2 2019,False,81933.532,Tourism Research Australia: Domestic Tourism Statistics,domestic_tourism_overnight_backcast_2019_2024.xlsx,Table 2,"Backcast Overnight Nights ('000), Australia and States"
Overnight,All overnight,Nights,000 nights,Australia,AUS,quarter,2019,Q3,Q3 2019,False,83841.557,Tourism Research Australia: Domestic Tourism Statistics,domestic_tourism_overnight_backcast_2019_2024.xlsx,Table 2,"Backcast Overnight Nights ('000), Australia and States"
Overnight,All overnight,Nights,000 nights,Australia,AUS,quarter,2019,Q4,Q4 2019,True,89407.127,Tourism Research Australia: Domestic Tourism Statistics,domestic_tourism_overnight_backcast_2019_2024.xlsx,Table 2,"Backcast Overnight Nights ('000), Australia and States"
Overnight,All overnight,Nights,000 nights,Australia,AUS,quarter,2020,Q1,Q1 2020,False,98562.154,Tourism Research Australia: Domestic Tourism Statistics,domestic_tourism_overnight_backcast_2019_2024.xlsx,Table 2,"Backcast Overnight Nights ('000), Australia and States"
Overnight,All overnight,Nights,000 nights,Australia,AUS,quarter,2020,Q2,Q2 2020,False,43825.991,Tourism Research Australia: Domestic Tourism Statistics,domestic_tourism_overnight_backcast_2019_2024.xlsx,Table 2,"Backcast Overnight Nights ('000), Australia and States"
Overnight,All overnight,Nights,000 nights,Australia,AUS,quarter,2020,Q3,Q3 2020,False,61909.375,Tourism Research Australia: Domestic Tourism Statistics,domestic_tourism_overnight_backcast_2019_2024.xlsx,Table 2,"Backcast Overnight Nights ('000), Australia and States"
Overnight,All overnight,Nights,000 nights,Australia,AUS,quarter,2020,Q4,Q4 2020,True,80304.335,Tourism Research Australia: Domestic Tourism Statistics,domestic_tourism_overnight_backcast_2019_2024.xlsx,Table 2,"Backcast Overnight Nights ('000), Australia and States"
Overnight,All overnight,Nights,000 nights,Australia,AUS,quarter,2021,Q1,Q1 2021,False,100048.119,Tourism Research Australia: Domestic Tourism Statistics,domestic_tourism_overnight_backcast_2019_2024.xlsx,Table 2,"Backcast Overnight Nights ('000), Australia and States"
Overnight,All overnight,Nights,000 nights,Australia,AUS,quarter,2021,Q2,Q2 2021,False,89207.709,Tourism Research Australia: Domestic Tourism Statistics,domestic_tourism_overnight_backcast_2019_2024.xlsx,Table 2,"Backcast Overnight Nights ('000), Australia and States"
Overnight,All overnight,Nights,000 nights,Australia,AUS,quarter,2021,Q3,Q3 2021,False,53409.441,Tourism Research Australia: Domestic Tourism Statistics,domestic_tourism_overnight_backcast_2019_2024.xlsx,Table 2,"Backcast Overnight Nights ('000), Australia and States"
Overnight,All overnight,Nights,000 nights,Australia,AUS,quarter,2021,Q4,Q4 2021,True,77790.129,Tourism Research Australia: Domestic Tourism Statistics,domestic_tourism_overnight_backcast_2019_2024.xlsx,Table 2,"Backcast Overnight Nights ('000), Australia and States"
Overnight,All overnight,Nights,000 nights,Australia,AUS,quarter,2022,Q1,Q1 2022,False,105964.782,Tourism Research Australia: Domestic Tourism Statistics,domestic_tourism_overnight_backcast_2019_2024.xlsx,Table 2,"Backcast Overnight Nights ('000), Australia and States"
Overnight,All overnight,Nights,000 nights,Australia,AUS,quarter,2022,Q2,Q2 2022,False,95578.733,Tourism Research Australia: Domestic Tourism Statistics,domestic_tourism_overnight_backcast_2019_2024.xlsx,Table 2,"Backcast Overnight Nights ('000), Australia and States"
Overnight,All overnight,Nights,000 nights,Australia,AUS,quarter,2022,Q3,Q3 2022,False,94160.373,Tourism Research Australia: Domestic Tourism Statistics,domestic_tourism_overnight_backcast_2019_2024.xlsx,Table 2,"Backcast Overnight Nights ('000), Australia and States"
Overnight,All overnight,Nights,000 nights,Australia,AUS,quarter,2022,Q4,Q4 2022,True,96598.155,Tourism Research Australia: Domestic Tourism Statistics,domestic_tourism_overnight_backcast_2019_2024.xlsx,Table 2,"Backcast Overnight Nights ('000), Australia and States"
Overnight,All overnight,Nights,000 nights,Australia,AUS,quarter,2023,Q1,Q1 2023,False,106114.503,Tourism Research Australia: Domestic Tourism Statistics,domestic_tourism_overnight_backcast_2019_2024.xlsx,Table 2,"Backcast Overnight Nights ('000), Australia and States"
Overnight,All overnight,Nights,000 nights,Australia,AUS,quarter,2023,Q2,Q2 2023,False,90368.865,Tourism Research Australia: Domestic Tourism Statistics,domestic_tourism_overnight_backcast_2019_2024.xlsx,Table 2,"Backcast Overnight Nights ('000), Australia and States"
Overnight,All overnight,Nights,000 nights,Australia,AUS,quarter,2023,Q3,Q3 2023,False,90686.905,Tourism Research Australia: Domestic Tourism Statistics,domestic_tourism_overnight_backcast_2019_2024.xlsx,Table 2,"Backcast Overnight Nights ('000), Australia and States"
Overnight,All overnight,Nights,000 nights,Australia,AUS,quarter,2023,Q4,Q4 2023,True,96618.903,Tourism Research Australia: Domestic Tourism Statistics,domestic_tourism_overnight_backcast_2019_2024.xlsx,Table 2,"Backcast Overnight Nights ('000), Australia and States"
Overnight,All overnight,Nights,000 nights,Australia,AUS,quarter,2024,Q1,Q1 2024,False,109558.293,Tourism Research Australia: Domestic Tourism Statistics,domestic_tourism_overnight_backcast_2019_2024.xlsx,Table 2,"Backcast Overnight Nights ('000), Australia and States"
Overnight,All overnight,Nights,000 nights,Australia,AUS,quarter,2024,Q2,Q2 2024,False,88878.14,Tourism Research Australia: Domestic Tourism Statistics,domestic_tourism_overnight_backcast_2019_2024.xlsx,Table 2,"Backcast Overnight Nights ('000), Australia and States"
Overnight,All overnight,Nights,000 nights,Australia,AUS,quarter,2024,Q3,Q3 2024,False,89227.938,Tourism Research Australia: Domestic Tourism Statistics,domestic_tourism_overnight_backcast_2019_2024.xlsx,Table 2,"Backcast Overnight Nights ('000), Australia and States"
Overnight,All overnight,Nights,000 nights,Australia,AUS,quarter,2024,Q4,Q4 2024,True,94934.023,Tourism Research Australia: Domestic Tourism Statistics,domestic_tourism_overnight_backcast_2019_2024.xlsx,Table 2,"Backcast Overnight Nights ('000), Australia and States"
Overnight,All overnight,Nights,000 nights,New South Wales,NSW,quarter,2019,Q1,Q1 2019,False,32822.292,Tourism Research Australia: Domestic Tourism Statistics,domestic_tourism_overnight_backcast_2019_2024.xlsx,Table 2,"Backcast Overnight Nights ('000), Australia and States"
Overnight,All overnight,Nights,000 nights,New South Wales,NSW,quarter,2019,Q2,Q2 2019,False,26617.363,Tourism Research Australia: Domestic Tourism Statistics,domestic_tourism_overnight_backcast_2019_2024.xlsx,Table 2,"Backcast Overnight Nights ('000), Australia and States"
Overnight,All overnight,Nights,000 nights,New South Wales,NSW,quarter,2019,Q3,Q3 2019,False,26496.568,Tourism Research Australia: Domestic Tourism Statistics,domestic_tourism_overnight_backcast_2019_2024.xlsx,Table 2,"Backcast Overnight Nights ('000), Australia and States"
Overnight,All overnight,Nights,000 nights,New South Wales,NSW,quarter,2019,Q4,Q4 2019,True,29456.625,Tourism Research Australia: Domestic Tourism Statistics,domestic_tourism_overnight_backcast_2019_2024.xlsx,Table 2,"Backcast Overnight Nights ('000), Australia and States"
Overnight,All overnight,Nights,000 nights,New South Wales,NSW,quarter,2020,Q1,Q1 2020,False,31078.304,Tourism Research Australia: Domestic Tourism Statistics,domestic_tourism_overnight_backcast_2019_2024.xlsx,Table 2,"Backcast Overnight Nights ('000), Australia and States"
Overnight,All overnight,Nights,000 nights,New South Wales,NSW,quarter,2020,Q2,Q2 2020,False,14745.482,Tourism Research Australia: Domestic Tourism Statistics,domestic_tourism_overnight_backcast_2019_2024.xlsx,Table 2,"Backcast Overnight Nights ('000), Australia and States"
Overnight,All overnight,Nights,000 nights,New South Wales,NSW,quarter,2020,Q3,Q3 2020,False,21562.923,Tourism Research Australia: Domestic Tourism Statistics,domestic_tourism_overnight_backcast_2019_2024.xlsx,Table 2,"Backcast Overnight Nights ('000), Australia and States"
Overnight,All overnight,Nights,000 nights,New South Wales,NSW,quarter,2020,Q4,Q4 2020,True,27799.55,Tourism Research Australia: Domestic Tourism Statistics,domestic_tourism_overnight_backcast_2019_2024.xlsx,Table 2,"Backcast Overnight Nights ('000), Australia and States"
Overnight,All overnight,Nights,000 nights,New South Wales,NSW,quarter,2021,Q1,Q1 2021,False,31388.624,Tourism Research Australia: Domestic Tourism Statistics,domestic_tourism_overnight_backcast_2019_2024.xlsx,Table 2,"Backcast Overnight Nights ('000), Australia and States"
Overnight,All overnight,Nights,000 nights,New South Wales,NSW,quarter,2021,Q2,Q2 2021,False,28188.875,Tourism Research Australia: Domestic Tourism Statistics,domestic_tourism_overnight_backcast_2019_2024.xlsx,Table 2,"Backcast Overnight Nights ('000), Australia and States"
Overnight,All overnight,Nights,000 nights,New South Wales,NSW,quarter,2021,Q3,Q3 2021,False,9409.508,Tourism Research Australia: Domestic Tourism Statistics,domestic_tourism_overnight_backcast_2019_2024.xlsx,Table 2,"Backcast Overnight Nights ('000), Australia and States"
Overnight,All overnight,Nights,000 nights,New South Wales,NSW,quarter,2021,Q4,Q4 2021,True,23069.357,Tourism Research Australia: Domestic Tourism Statistics,domestic_tourism_overnight_backcast_2019_2024.xlsx,Table 2,"Backcast Overnight Nights ('000), Australia and States"
Overnight,All overnight,Nights,000 nights,New South Wales,NSW,quarter,2022,Q1,Q1 2022,False,33089.281,Tourism Research Australia: Domestic Tourism Statistics,domestic_tourism_overnight_backcast_2019_2024.xlsx,Table 2,"Backcast Overnight Nights ('000), Australia and States"
Overnight,All overnight,Nights,000 nights,New South Wales,NSW,quarter,2022,Q2,Q2 2022,False,29026.596,Tourism Research Australia: Domestic Tourism Statistics,domestic_tourism_overnight_backcast_2019_2024.xlsx,Table 2,"Backcast Overnight Nights ('000), Australia and States"
Overnight,All overnight,Nights,000 nights,New South Wales,NSW,quarter,2022,Q3,Q3 2022,False,27936.754,Tourism Research Australia: Domestic Tourism Statistics,domestic_tourism_overnight_backcast_2019_2024.xlsx,Table 2,"Backcast Overnight Nights ('000), Australia and States"
Overnight,All overnight,Nights,000 nights,New South Wales,NSW,quarter,2022,Q4,Q4 2022,True,30350.818,Tourism Research Australia: Domestic Tourism Statistics,domestic_tourism_overnight_backcast_2019_2024.xlsx,Table 2,"Backcast Overnight Nights ('000), Australia and States"
Overnight,All overnight,Nights,000 nights,New South Wales,NSW,quarter,2023,Q1,Q1 2023,False,33730.059,Tourism Research Australia: Domestic Tourism Statistics,domestic_tourism_overnight_backcast_2019_2024.xlsx,Table 2,"Backcast Overnight Nights ('000), Australia and States"
Overnight,All overnight,Nights,000 nights,New South Wales,NSW,quarter,2023,Q2,Q2 2023,False,28173.17,Tourism Research Australia: Domestic Tourism Statistics,domestic_tourism_overnight_backcast_2019_2024.xlsx,Table 2,"Backcast Overnight Nights ('000), Australia and States"
Overnight,All overnight,Nights,000 nights,New South Wales,NSW,quarter,2023,Q3,Q3 2023,False,27780.279,Tourism Research Australia: Domestic Tourism Statistics,domestic_tourism_overnight_backcast_2019_2024.xlsx,Table 2,"Backcast Overnight Nights ('000), Australia and States"
Overnight,All overnight,Nights,000 nights,New South Wales,NSW,quarter,2023,Q4,Q4 2023,True,30913.197,Tourism Research Australia: Domestic Tourism Statistics,domestic_tourism_overnight_backcast_2019_2024.xlsx,Table 2,"Backcast Overnight Nights ('000), Australia and States"
Overnight,All overnight,Nights,000 nights,New South Wales,NSW,quarter,2024,Q1,Q1 2024,False,34393.531,Tourism Research Australia: Domestic Tourism Statistics,domestic_tourism_overnight_backcast_2019_2024.xlsx,Table 2,"Backcast Overnight Nights ('000), Australia and States"
Overnight,All overnight,Nights,000 nights,New South Wales,NSW,quarter,2024,Q2,Q2 2024,False,27229.064,Tourism Research Australia: Domestic Tourism Statistics,domestic_tourism_overnight_backcast_2019_2024.xlsx,Table 2,"Backcast Overnight Nights ('000), Australia and States"
Overnight,All overnight,Nights,000 nights,New South Wales,NSW,quarter,2024,Q3,Q3 2024,False,26654.928,Tourism Research Australia: Domestic Tourism Statistics,domestic_tourism_overnight_backcast_2019_2024.xlsx,Table 2,"Backcast Overnight Nights ('000), Australia and States"
Overnight,All overnight,Nights,000 nights,New South Wales,NSW,quarter,2024,Q4,Q4 2024,True,30301.067,Tourism Research Australia: Domestic Tourism Statistics,domestic_tourism_overnight_backcast_2019_2024.xlsx,Table 2,"Backcast Overnight Nights ('000), Australia and States"
Overnight,All overnight,Nights,000 nights,Victoria,VIC,quarter,2019,Q1,Q1 2019,False,25530.739,Tourism Research Australia: Domestic Tourism Statistics,domestic_tourism_overnight_backcast_2019_2024.xlsx,Table 2,"Backcast Overnight Nights ('000), Australia and States"
Overnight,All overnight,Nights,000 nights,Victoria,VIC,quarter,2019,Q2,Q2 2019,False,19388.195,Tourism Research Australia: Domestic Tourism Statistics,domestic_tourism_overnight_backcast_2019_2024.xlsx,Table 2,"Backcast Overnight Nights ('000), Australia and States"
Overnight,All overnight,Nights,000 nights,Victoria,VIC,quarter,2019,Q3,Q3 2019,False,18657.153,Tourism Research Australia: Domestic Tourism Statistics,domestic_tourism_overnight_backcast_2019_2024.xlsx,Table 2,"Backcast Overnight Nights ('000), Australia and States"
Overnight,All overnight,Nights,000 nights,Victoria,VIC,quarter,2019,Q4,Q4 2019,True,20890.731,Tourism Research Australia: Domestic Tourism Statistics,domestic_tourism_overnight_backcast_2019_2024.xlsx,Table 2,"Backcast Overnight Nights ('000), Australia and States"
Overnight,All overnight,Nights,000 nights,Victoria,VIC,quarter,2020,Q1,Q1 2020,False,25112.388,Tourism Research Australia: Domestic Tourism Statistics,domestic_tourism_overnight_backcast_2019_2024.xlsx,Table 2,"Backcast Overnight Nights ('000), Australia and States"
Overnight,All overnight,Nights,000 nights,Victoria,VIC,quarter,2020,Q2,Q2 2020,False,10415.013,Tourism Research Australia: Domestic Tourism Statistics,domestic_tourism_overnight_backcast_2019_2024.xlsx,Table 2,"Backcast Overnight Nights ('000), Australia and States"
Overnight,All overnight,Nights,000 nights,Victoria,VIC,quarter,2020,Q3,Q3 2020,False,6974.519,Tourism Research Australia: Domestic Tourism Statistics,domestic_tourism_overnight_backcast_2019_2024.xlsx,Table 2,"Backcast Overnight Nights ('000), Australia and States"
Overnight,All overnight,Nights,000 nights,Victoria,VIC,quarter,2020,Q4,Q4 2020,True,15090.674,Tourism Research Australia: Domestic Tourism Statistics,domestic_tourism_overnight_backcast_2019_2024.xlsx,Table 2,"Backcast Overnight Nights ('000), Australia and States"
Overnight,All overnight,Nights,000 nights,Victoria,VIC,quarter,2021,Q1,Q1 2021,False,23783.446,Tourism Research Australia: Domestic Tourism Statistics,domestic_tourism_overnight_backcast_2019_2024.xlsx,Table 2,"Backcast Overnight Nights ('000), Australia and States"
Overnight,All overnight,Nights,000 nights,Victoria,VIC,quarter,2021,Q2,Q2 2021,False,18155.988,Tourism Research Australia: Domestic Tourism Statistics,domestic_tourism_overnight_backcast_2019_2024.xlsx,Table 2,"Backcast Overnight Nights ('000), Australia and States"
Overnight,All overnight,Nights,000 nights,Victoria,VIC,quarter,2021,Q3,Q3 2021,False,10327.1,Tourism Research Australia: Domestic Tourism Statistics,domestic_tourism_overnight_backcast_2019_2024.xlsx,Table 2,"Backcast Overnight Nights ('000), Australia and States"
Overnight,All overnight,Nights,000 nights,Victoria,VIC,quarter,2021,Q4,Q4 2021,True,17112.305,Tourism Research Australia: Domestic Tourism Statistics,domestic_tourism_overnight_backcast_2019_2024.xlsx,Table 2,"Backcast Overnight Nights ('000), Australia and States"
Overnight,All overnight,Nights,000 nights,Victoria,VIC,quarter,2022,Q1,Q1 2022,False,26079.854,Tourism Research Australia: Domestic Tourism Statistics,domestic_tourism_overnight_backcast_2019_2024.xlsx,Table 2,"Backcast Overnight Nights ('000), Australia and States"
Overnight,All overnight,Nights,000 nights,Victoria,VIC,quarter,2022,Q2,Q2 2022,False,22012.533,Tourism Research Australia: Domestic Tourism Statistics,domestic_tourism_overnight_backcast_2019_2024.xlsx,Table 2,"Backcast Overnight Nights ('000), Australia and States"
Overnight,All overnight,Nights,000 nights,Victoria,VIC,quarter,2022,Q3,Q3 2022,False,20235.093,Tourism Research Australia: Domestic Tourism Statistics,domestic_tourism_overnight_backcast_2019_2024.xlsx,Table 2,"Backcast Overnight Nights ('000), Australia and States"
Overnight,All overnight,Nights,000 nights,Victoria,VIC,quarter,2022,Q4,Q4 2022,True,20878.101,Tourism Research Australia: Domestic Tourism Statistics,domestic_tourism_overnight_backcast_2019_2024.xlsx,Table 2,"Backcast Overnight Nights ('000), Australia and States"
Overnight,All overnight,Nights,000 nights,Victoria,VIC,quarter,2023,Q1,Q1 2023,False,26169.372,Tourism Research Australia: Domestic Tourism Statistics,domestic_tourism_overnight_backcast_2019_2024.xlsx,Table 2,"Backcast Overnight Nights ('000), Australia and States"
Overnight,All overnight,Nights,000 nights,Victoria,VIC,quarter,2023,Q2,Q2 2023,False,20536.155,Tourism Research Australia: Domestic Tourism Statistics,domestic_tourism_overnight_backcast_2019_2024.xlsx,Table 2,"Backcast Overnight Nights ('000), Australia and States"
Overnight,All overnight,Nights,000 nights,Victoria,VIC,quarter,2023,Q3,Q3 2023,False,19058.12,Tourism Research Australia: Domestic Tourism Statistics,domestic_tourism_overnight_backcast_2019_2024.xlsx,Table 2,"Backcast Overnight Nights ('000), Australia and States"
Overnight,All overnight,Nights,000 nights,Victoria,VIC,quarter,2023,Q4,Q4 2023,True,21742.685,Tourism Research Australia: Domestic Tourism Statistics,domestic_tourism_overnight_backcast_2019_2024.xlsx,Table 2,"Backcast Overnight Nights ('000), Australia and States"
Overnight,All overnight,Nights,000 nights,Victoria,VIC,quarter,2024,Q1,Q1 2024,False,27967.807,Tourism Research Australia: Domestic Tourism Statistics,domestic_tourism_overnight_backcast_2019_2024.xlsx,Table 2,"Backcast Overnight Nights ('000), Australia and States"
Overnight,All overnight,Nights,000 nights,Victoria,VIC,quarter,2024,Q2,Q2 2024,False,20543.18,Tourism Research Australia: Domestic Tourism Statistics,domestic_tourism_overnight_backcast_2019_2024.xlsx,Table 2,"Backcast Overnight Nights ('000), Australia and States"
Overnight,All overnight,Nights,000 nights,Victoria,VIC,quarter,2024,Q3,Q3 2024,False,19218.141,Tourism Research Australia: Domestic Tourism Statistics,domestic_tourism_overnight_backcast_2019_2024.xlsx,Table 2,"Backcast Overnight Nights ('000), Australia and States"
Overnight,All overnight,Nights,000 nights,Victoria,VIC,quarter,2024,Q4,Q4 2024,True,21369.429,Tourism Research Australia: Domestic Tourism Statistics,domestic_tourism_overnight_backcast_2019_2024.xlsx,Table 2,"Backcast Overnight Nights ('000), Australia and States"
Overnight,All overnight,Nights,000 nights,Queensland,QLD,quarter,2019,Q1,Q1 2019,False,21513.532,Tourism Research Australia: Domestic Tourism Statistics,domestic_tourism_overnight_backcast_2019_2024.xlsx,Table 2,"Backcast Overnight Nights ('000), Australia and States"
Overnight,All overnight,Nights,000 nights,Queensland,QLD,quarter,2019,Q2,Q2 2019,False,19420.759,Tourism Research Australia: Domestic Tourism Statistics,domestic_tourism_overnight_backcast_2019_2024.xlsx,Table 2,"Backcast Overnight Nights ('000), Australia and States"
Overnight,All overnight,Nights,000 nights,Queensland,QLD,quarter,2019,Q3,Q3 2019,False,22277.781,Tourism Research Australia: Domestic Tourism Statistics,domestic_tourism_overnight_backcast_2019_2024.xlsx,Table 2,"Backcast Overnight Nights ('000), Australia and States"
Overnight,All overnight,Nights,000 nights,Queensland,QLD,quarter,2019,Q4,Q4 2019,True,21424.66,Tourism Research Australia: Domestic Tourism Statistics,domestic_tourism_overnight_backcast_2019_2024.xlsx,Table 2,"Backcast Overnight Nights ('000), Australia and States"
Overnight,All overnight,Nights,000 nights,Queensland,QLD,quarter,2020,Q1,Q1 2020,False,21787.288,Tourism Research Australia: Domestic Tourism Statistics,domestic_tourism_overnight_backcast_2019_2024.xlsx,Table 2,"Backcast Overnight Nights ('000), Australia and States"
Overnight,All overnight,Nights,000 nights,Queensland,QLD,quarter,2020,Q2,Q2 2020,False,9691.001,Tourism Research Australia: Domestic Tourism Statistics,domestic_tourism_overnight_backcast_2019_2024.xlsx,Table 2,"Backcast Overnight Nights ('000), Australia and States"
Overnight,All overnight,Nights,000 nights,Queensland,QLD,quarter,2020,Q3,Q3 2020,False,18540.038,Tourism Research Australia: Domestic Tourism Statistics,domestic_tourism_overnight_backcast_2019_2024.xlsx,Table 2,"Backcast Overnight Nights ('000), Australia and States"
Overnight,All overnight,Nights,000 nights,Queensland,QLD,quarter,2020,Q4,Q4 2020,True,20226.692,Tourism Research Australia: Domestic Tourism Statistics,domestic_tourism_overnight_backcast_2019_2024.xlsx,Table 2,"Backcast Overnight Nights ('000), Australia and States"
Overnight,All overnight,Nights,000 nights,Queensland,QLD,quarter,2021,Q1,Q1 2021,False,23369.272,Tourism Research Australia: Domestic Tourism Statistics,domestic_tourism_overnight_backcast_2019_2024.xlsx,Table 2,"Backcast Overnight Nights ('000), Australia and States"
Overnight,All overnight,Nights,000 nights,Queensland,QLD,quarter,2021,Q2,Q2 2021,False,22581.68,Tourism Research Australia: Domestic Tourism Statistics,domestic_tourism_overnight_backcast_2019_2024.xlsx,Table 2,"Backcast Overnight Nights ('000), Australia and States"
Overnight,All overnight,Nights,000 nights,Queensland,QLD,quarter,2021,Q3,Q3 2021,False,18383.945,Tourism Research Australia: Domestic Tourism Statistics,domestic_tourism_overnight_backcast_2019_2024.xlsx,Table 2,"Backcast Overnight Nights ('000), Australia and States"
Overnight,All overnight,Nights,000 nights,Queensland,QLD,quarter,2021,Q4,Q4 2021,True,19871.678,Tourism Research Australia: Domestic Tourism Statistics,domestic_tourism_overnight_backcast_2019_2024.xlsx,Table 2,"Backcast Overnight Nights ('000), Australia and States"
Overnight,All overnight,Nights,000 nights,Queensland,QLD,quarter,2022,Q1,Q1 2022,False,24971.994,Tourism Research Australia: Domestic Tourism Statistics,domestic_tourism_overnight_backcast_2019_2024.xlsx,Table 2,"Backcast Overnight Nights ('000), Australia and States"
Overnight,All overnight,Nights,000 nights,Queensland,QLD,quarter,2022,Q2,Q2 2022,False,23818.262,Tourism Research Australia: Domestic Tourism Statistics,domestic_tourism_overnight_backcast_2019_2024.xlsx,Table 2,"Backcast Overnight Nights ('000), Australia and States"
Overnight,All overnight,Nights,000 nights,Queensland,QLD,quarter,2022,Q3,Q3 2022,False,25962.352,Tourism Research Australia: Domestic Tourism Statistics,domestic_tourism_overnight_backcast_2019_2024.xlsx,Table 2,"Backcast Overnight Nights ('000), Australia and States"
Overnight,All overnight,Nights,000 nights,Queensland,QLD,quarter,2022,Q4,Q4 2022,True,24734.908,Tourism Research Australia: Domestic Tourism Statistics,domestic_tourism_overnight_backcast_2019_2024.xlsx,Table 2,"Backcast Overnight Nights ('000), Australia and States"
Overnight,All overnight,Nights,000 nights,Queensland,QLD,quarter,2023,Q1,Q1 2023,False,23825.248,Tourism Research Australia: Domestic Tourism Statistics,domestic_tourism_overnight_backcast_2019_2024.xlsx,Table 2,"Backcast Overnight Nights ('000), Australia and States"
Overnight,All overnight,Nights,000 nights,Queensland,QLD,quarter,2023,Q2,Q2 2023,False,22308.732,Tourism Research Australia: Domestic Tourism Statistics,domestic_tourism_overnight_backcast_2019_2024.xlsx,Table 2,"Backcast Overnight Nights ('000), Australia and States"
Overnight,All overnight,Nights,000 nights,Queensland,QLD,quarter,2023,Q3,Q3 2023,False,25031.206,Tourism Research Australia: Domestic Tourism Statistics,domestic_tourism_overnight_backcast_2019_2024.xlsx,Table 2,"Backcast Overnight Nights ('000), Australia and States"
Overnight,All overnight,Nights,000 nights,Queensland,QLD,quarter,2023,Q4,Q4 2023,True,23752.449,Tourism Research Australia: Domestic Tourism Statistics,domestic_tourism_overnight_backcast_2019_2024.xlsx,Table 2,"Backcast Overnight Nights ('000), Australia and States"
Overnight,All overnight,Nights,000 nights,Queensland,QLD,quarter,2024,Q1,Q1 2024,False,23841.082,Tourism Research Australia: Domestic Tourism Statistics,domestic_tourism_overnight_backcast_2019_2024.xlsx,Table 2,"Backcast Overnight Nights ('000), Australia and States"
Overnight,All overnight,Nights,000 nights,Queensland,QLD,quarter,2024,Q2,Q2 2024,False,21772.058,Tourism Research Australia: Domestic Tourism Statistics,domestic_tourism_overnight_backcast_2019_2024.xlsx,Table 2,"Backcast Overnight Nights ('000), Australia and States"
Overnight,All overnight,Nights,000 nights,Queensland,QLD,quarter,2024,Q3,Q3 2024,False,24346.383,Tourism Research Australia: Domestic Tourism Statistics,domestic_tourism_overnight_backcast_2019_2024.xlsx,Table 2,"Backcast Overnight Nights ('000), Australia and States"
Overnight,All overnight,Nights,000 nights,Queensland,QLD,quarter,2024,Q4,Q4 2024,True,23176.283,Tourism Research Australia: Domestic Tourism Statistics,domestic_tourism_overnight_backcast_2019_2024.xlsx,Table 2,"Backcast Overnight Nights ('000), Australia and States"
Overnight,All overnight,Nights,000 nights,South Australia,SA,quarter,2019,Q1,Q1 2019,False,6561.371,Tourism Research Australia: Domestic Tourism Statistics,domestic_tourism_overnight_backcast_2019_2024.xlsx,Table 2,"Backcast Overnight Nights ('000), Australia and States"
Overnight,All overnight,Nights,000 nights,South Australia,SA,quarter,2019,Q2,Q2 2019,False,5349.276,Tourism Research Australia: Domestic Tourism Statistics,domestic_tourism_overnight_backcast_2019_2024.xlsx,Table 2,"Backcast Overnight Nights ('000), Australia and States"
Overnight,All overnight,Nights,000 nights,South Australia,SA,quarter,2019,Q3,Q3 2019,False,4806.941,Tourism Research Australia: Domestic Tourism Statistics,domestic_tourism_overnight_backcast_2019_2024.xlsx,Table 2,"Backcast Overnight Nights ('000), Australia and States"
Overnight,All overnight,Nights,000 nights,South Australia,SA,quarter,2019,Q4,Q4 2019,True,5707.717,Tourism Research Australia: Domestic Tourism Statistics,domestic_tourism_overnight_backcast_2019_2024.xlsx,Table 2,"Backcast Overnight Nights ('000), Australia and States"
Overnight,All overnight,Nights,000 nights,South Australia,SA,quarter,2020,Q1,Q1 2020,False,6806.468,Tourism Research Australia: Domestic Tourism Statistics,domestic_tourism_overnight_backcast_2019_2024.xlsx,Table 2,"Backcast Overnight Nights ('000), Australia and States"
Overnight,All overnight,Nights,000 nights,South Australia,SA,quarter,2020,Q2,Q2 2020,False,3217.578,Tourism Research Australia: Domestic Tourism Statistics,domestic_tourism_overnight_backcast_2019_2024.xlsx,Table 2,"Backcast Overnight Nights ('000), Australia and States"
Overnight,All overnight,Nights,000 nights,South Australia,SA,quarter,2020,Q3,Q3 2020,False,4415.272,Tourism Research Australia: Domestic Tourism Statistics,domestic_tourism_overnight_backcast_2019_2024.xlsx,Table 2,"Backcast Overnight Nights ('000), Australia and States"
Overnight,All overnight,Nights,000 nights,South Australia,SA,quarter,2020,Q4,Q4 2020,True,5490.709,Tourism Research Australia: Domestic Tourism Statistics,domestic_tourism_overnight_backcast_2019_2024.xlsx,Table 2,"Backcast Overnight Nights ('000), Australia and States"
Overnight,All overnight,Nights,000 nights,South Australia,SA,quarter,2021,Q1,Q1 2021,False,7344.383,Tourism Research Australia: Domestic Tourism Statistics,domestic_tourism_overnight_backcast_2019_2024.xlsx,Table 2,"Backcast Overnight Nights ('000), Australia and States"
Overnight,All overnight,Nights,000 nights,South Australia,SA,quarter,2021,Q2,Q2 2021,False,6301.703,Tourism Research Australia: Domestic Tourism Statistics,domestic_tourism_overnight_backcast_2019_2024.xlsx,Table 2,"Backcast Overnight Nights ('000), Australia and States"
Overnight,All overnight,Nights,000 nights,South Australia,SA,quarter,2021,Q3,Q3 2021,False,4376.787,Tourism Research Australia: Domestic Tourism Statistics,domestic_tourism_overnight_backcast_2019_2024.xlsx,Table 2,"Backcast Overnight Nights ('000), Australia and States"
Overnight,All overnight,Nights,000 nights,South Australia,SA,quarter,2021,Q4,Q4 2021,True,5780.451,Tourism Research Australia: Domestic Tourism Statistics,domestic_tourism_overnight_backcast_2019_2024.xlsx,Table 2,"Backcast Overnight Nights ('000), Australia and States"
Overnight,All overnight,Nights,000 nights,South Australia,SA,quarter,2022,Q1,Q1 2022,False,7529.346,Tourism Research Australia: Domestic Tourism Statistics,domestic_tourism_overnight_backcast_2019_2024.xlsx,Table 2,"Backcast Overnight Nights ('000), Australia and States"
Overnight,All overnight,Nights,000 nights,South Australia,SA,quarter,2022,Q2,Q2 2022,False,6487.876,Tourism Research Australia: Domestic Tourism Statistics,domestic_tourism_overnight_backcast_2019_2024.xlsx,Table 2,"Backcast Overnight Nights ('000), Australia and States"
Overnight,All overnight,Nights,000 nights,South Australia,SA,quarter,2022,Q3,Q3 2022,False,5698.44,Tourism Research Australia: Domestic Tourism Statistics,domestic_tourism_overnight_backcast_2019_2024.xlsx,Table 2,"Backcast Overnight Nights ('000), Australia and States"
Overnight,All overnight,Nights,000 nights,South Australia,SA,quarter,2022,Q4,Q4 2022,True,6499.835,Tourism Research Australia: Domestic Tourism Statistics,domestic_tourism_overnight_backcast_2019_2024.xlsx,Table 2,"Backcast Overnight Nights ('000), Australia and States"
Overnight,All overnight,Nights,000 nights,South Australia,SA,quarter,2023,Q1,Q1 2023,False,7318.065,Tourism Research Australia: Domestic Tourism Statistics,domestic_tourism_overnight_backcast_2019_2024.xlsx,Table 2,"Backcast Overnight Nights ('000), Australia and States"
Overnight,All overnight,Nights,000 nights,South Australia,SA,quarter,2023,Q2,Q2 2023,False,6214.742,Tourism Research Australia: Domestic Tourism Statistics,domestic_tourism_overnight_backcast_2019_2024.xlsx,Table 2,"Backcast Overnight Nights ('000), Australia and States"
Overnight,All overnight,Nights,000 nights,South Australia,SA,quarter,2023,Q3,Q3 2023,False,5563.113,Tourism Research Australia: Domestic Tourism Statistics,domestic_tourism_overnight_backcast_2019_2024.xlsx,Table 2,"Backcast Overnight Nights ('000), Australia and States"
Overnight,All overnight,Nights,000 nights,South Australia,SA,quarter,2023,Q4,Q4 2023,True,6445.203,Tourism Research Australia: Domestic Tourism Statistics,domestic_tourism_overnight_backcast_2019_2024.xlsx,Table 2,"Backcast Overnight Nights ('000), Australia and States"
Overnight,All overnight,Nights,000 nights,South Australia,SA,quarter,2024,Q1,Q1 2024,False,7801.93,Tourism Research Australia: Domestic Tourism Statistics,domestic_tourism_overnight_backcast_2019_2024.xlsx,Table 2,"Backcast Overnight Nights ('000), Australia and States"
Overnight,All overnight,Nights,000 nights,South Australia,SA,quarter,2024,Q2,Q2 2024,False,6279.776,Tourism Research Australia: Domestic Tourism Statistics,domestic_tourism_overnight_backcast_2019_2024.xlsx,Table 2,"Backcast Overnight Nights ('000), Australia and States"
Overnight,All overnight,Nights,000 nights,South Australia,SA,quarter,2024,Q3,Q3 2024,False,5491.423,Tourism Research Australia: Domestic Tourism Statistics,domestic_tourism_overnight_backcast_2019_2024.xlsx,Table 2,"Backcast Overnight Nights ('000), Australia and States"
Overnight,All overnight,Nights,000 nights,South Australia,SA,quarter,2024,Q4,Q4 2024,True,6406.171,Tourism Research Australia: Domestic Tourism Statistics,domestic_tourism_overnight_backcast_2019_2024.xlsx,Table 2,"Backcast Overnight Nights ('000), Australia and States"
Overnight,All overnight,Nights,000 nights,Western Australia,WA,quarter,2019,Q1,Q1 2019,False,7956.905,Tourism Research Australia: Domestic Tourism Statistics,domestic_tourism_overnight_backcast_2019_2024.xlsx,Table 2,"Backcast Overnight Nights ('000), Australia and States"
Overnight,All overnight,Nights,000 nights,Western Australia,WA,quarter,2019,Q2,Q2 2019,False,6742.207,Tourism Research Australia: Domestic Tourism Statistics,domestic_tourism_overnight_backcast_2019_2024.xlsx,Table 2,"Backcast Overnight Nights ('000), Australia and States"
Overnight,All overnight,Nights,000 nights,Western Australia,WA,quarter,2019,Q3,Q3 2019,False,6917.712,Tourism Research Australia: Domestic Tourism Statistics,domestic_tourism_overnight_backcast_2019_2024.xlsx,Table 2,"Backcast Overnight Nights ('000), Australia and States"
Overnight,All overnight,Nights,000 nights,Western Australia,WA,quarter,2019,Q4,Q4 2019,True,7222.952,Tourism Research Australia: Domestic Tourism Statistics,domestic_tourism_overnight_backcast_2019_2024.xlsx,Table 2,"Backcast Overnight Nights ('000), Australia and States"
Overnight,All overnight,Nights,000 nights,Western Australia,WA,quarter,2020,Q1,Q1 2020,False,8346.028,Tourism Research Australia: Domestic Tourism Statistics,domestic_tourism_overnight_backcast_2019_2024.xlsx,Table 2,"Backcast Overnight Nights ('000), Australia and States"
Overnight,All overnight,Nights,000 nights,Western Australia,WA,quarter,2020,Q2,Q2 2020,False,4214.68,Tourism Research Australia: Domestic Tourism Statistics,domestic_tourism_overnight_backcast_2019_2024.xlsx,Table 2,"Backcast Overnight Nights ('000), Australia and States"
Overnight,All overnight,Nights,000 nights,Western Australia,WA,quarter,2020,Q3,Q3 2020,False,7636.158,Tourism Research Australia: Domestic Tourism Statistics,domestic_tourism_overnight_backcast_2019_2024.xlsx,Table 2,"Backcast Overnight Nights ('000), Australia and States"
Overnight,All overnight,Nights,000 nights,Western Australia,WA,quarter,2020,Q4,Q4 2020,True,7989.552,Tourism Research Australia: Domestic Tourism Statistics,domestic_tourism_overnight_backcast_2019_2024.xlsx,Table 2,"Backcast Overnight Nights ('000), Australia and States"
Overnight,All overnight,Nights,000 nights,Western Australia,WA,quarter,2021,Q1,Q1 2021,False,8914.12,Tourism Research Australia: Domestic Tourism Statistics,domestic_tourism_overnight_backcast_2019_2024.xlsx,Table 2,"Backcast Overnight Nights ('000), Australia and States"
Overnight,All overnight,Nights,000 nights,Western Australia,WA,quarter,2021,Q2,Q2 2021,False,8558.514,Tourism Research Australia: Domestic Tourism Statistics,domestic_tourism_overnight_backcast_2019_2024.xlsx,Table 2,"Backcast Overnight Nights ('000), Australia and States"
Overnight,All overnight,Nights,000 nights,Western Australia,WA,quarter,2021,Q3,Q3 2021,False,7749.646,Tourism Research Australia: Domestic Tourism Statistics,domestic_tourism_overnight_backcast_2019_2024.xlsx,Table 2,"Backcast Overnight Nights ('000), Australia and States"
Overnight,All overnight,Nights,000 nights,Western Australia,WA,quarter,2021,Q4,Q4 2021,True,8393.447,Tourism Research Australia: Domestic Tourism Statistics,domestic_tourism_overnight_backcast_2019_2024.xlsx,Table 2,"Backcast Overnight Nights ('000), Australia and States"
Overnight,All overnight,Nights,000 nights,Western Australia,WA,quarter,2022,Q1,Q1 2022,False,8679.783,Tourism Research Australia: Domestic Tourism Statistics,domestic_tourism_overnight_backcast_2019_2024.xlsx,Table 2,"Backcast Overnight Nights ('000), Australia and States"
Overnight,All overnight,Nights,000 nights,Western Australia,WA,quarter,2022,Q2,Q2 2022,False,8703.978,Tourism Research Australia: Domestic Tourism Statistics,domestic_tourism_overnight_backcast_2019_2024.xlsx,Table 2,"Backcast Overnight Nights ('000), Australia and States"
Overnight,All overnight,Nights,000 nights,Western Australia,WA,quarter,2022,Q3,Q3 2022,False,8823.859,Tourism Research Australia: Domestic Tourism Statistics,domestic_tourism_overnight_backcast_2019_2024.xlsx,Table 2,"Backcast Overnight Nights ('000), Australia and States"
Overnight,All overnight,Nights,000 nights,Western Australia,WA,quarter,2022,Q4,Q4 2022,True,8898.096,Tourism Research Australia: Domestic Tourism Statistics,domestic_tourism_overnight_backcast_2019_2024.xlsx,Table 2,"Backcast Overnight Nights ('000), Australia and States"
Overnight,All overnight,Nights,000 nights,Western Australia,WA,quarter,2023,Q1,Q1 2023,False,9462.559,Tourism Research Australia: Domestic Tourism Statistics,domestic_tourism_overnight_backcast_2019_2024.xlsx,Table 2,"Backcast Overnight Nights ('000), Australia and States"
Overnight,All overnight,Nights,000 nights,Western Australia,WA,quarter,2023,Q2,Q2 2023,False,8323.552,Tourism Research Australia: Domestic Tourism Statistics,domestic_tourism_overnight_backcast_2019_2024.xlsx,Table 2,"Backcast Overnight Nights ('000), Australia and States"
Overnight,All overnight,Nights,000 nights,Western Australia,WA,quarter,2023,Q3,Q3 2023,False,8269.721,Tourism Research Australia: Domestic Tourism Statistics,domestic_tourism_overnight_backcast_2019_2024.xlsx,Table 2,"Backcast Overnight Nights ('000), Australia and States"
Overnight,All overnight,Nights,000 nights,Western Australia,WA,quarter,2023,Q4,Q4 2023,True,8779.072,Tourism Research Australia: Domestic Tourism Statistics,domestic_tourism_overnight_backcast_2019_2024.xlsx,Table 2,"Backcast Overnight Nights ('000), Australia and States"
Overnight,All overnight,Nights,000 nights,Western Australia,WA,quarter,2024,Q1,Q1 2024,False,9720.732,Tourism Research Australia: Domestic Tourism Statistics,domestic_tourism_overnight_backcast_2019_2024.xlsx,Table 2,"Backcast Overnight Nights ('000), Australia and States"
Overnight,All overnight,Nights,000 nights,Western Australia,WA,quarter,2024,Q2,Q2 2024,False,8255.519,Tourism Research Australia: Domestic Tourism Statistics,domestic_tourism_overnight_backcast_2019_2024.xlsx,Table 2,"Backcast Overnight Nights ('000), Australia and States"
Overnight,All overnight,Nights,000 nights,Western Australia,WA,quarter,2024,Q3,Q3 2024,False,8483.966,Tourism Research Australia: Domestic Tourism Statistics,domestic_tourism_overnight_backcast_2019_2024.xlsx,Table 2,"Backcast Overnight Nights ('000), Australia and States"
Overnight,All overnight,Nights,000 nights,Western Australia,WA,quarter,2024,Q4,Q4 2024,True,8603.04,Tourism Research Australia: Domestic Tourism Statistics,domestic_tourism_overnight_backcast_2019_2024.xlsx,Table 2,"Backcast Overnight Nights ('000), Australia and States"
Overnight,All overnight,Nights,000 nights,Tasmania,TAS,quarter,2019,Q1,Q1 2019,False,3084.917,Tourism Research Australia: Domestic Tourism Statistics,domestic_tourism_overnight_backcast_2019_2024.xlsx,Table 2,"Backcast Overnight Nights ('000), Australia and States"
Overnight,All overnight,Nights,000 nights,Tasmania,TAS,quarter,2019,Q2,Q2 2019,False,2050.1,Tourism Research Australia: Domestic Tourism Statistics,domestic_tourism_overnight_backcast_2019_2024.xlsx,Table 2,"Backcast Overnight Nights ('000), Australia and States"
Overnight,All overnight,Nights,000 nights,Tasmania,TAS,quarter,2019,Q3,Q3 2019,False,1776.299,Tourism Research Australia: Domestic Tourism Statistics,domestic_tourism_overnight_backcast_2019_2024.xlsx,Table 2,"Backcast Overnight Nights ('000), Australia and States"
Overnight,All overnight,Nights,000 nights,Tasmania,TAS,quarter,2019,Q4,Q4 2019,True,2364.944,Tourism Research Australia: Domestic Tourism Statistics,domestic_tourism_overnight_backcast_2019_2024.xlsx,Table 2,"Backcast Overnight Nights ('000), Australia and States"
Overnight,All overnight,Nights,000 nights,Tasmania,TAS,quarter,2020,Q1,Q1 2020,False,3239.453,Tourism Research Australia: Domestic Tourism Statistics,domestic_tourism_overnight_backcast_2019_2024.xlsx,Table 2,"Backcast Overnight Nights ('000), Australia and States"
Overnight,All overnight,Nights,000 nights,Tasmania,TAS,quarter,2020,Q2,Q2 2020,False,669.123,Tourism Research Australia: Domestic Tourism Statistics,domestic_tourism_overnight_backcast_2019_2024.xlsx,Table 2,"Backcast Overnight Nights ('000), Australia and States"
Overnight,All overnight,Nights,000 nights,Tasmania,TAS,quarter,2020,Q3,Q3 2020,False,1191.888,Tourism Research Australia: Domestic Tourism Statistics,domestic_tourism_overnight_backcast_2019_2024.xlsx,Table 2,"Backcast Overnight Nights ('000), Australia and States"
Overnight,All overnight,Nights,000 nights,Tasmania,TAS,quarter,2020,Q4,Q4 2020,True,1812.906,Tourism Research Australia: Domestic Tourism Statistics,domestic_tourism_overnight_backcast_2019_2024.xlsx,Table 2,"Backcast Overnight Nights ('000), Australia and States"
Overnight,All overnight,Nights,000 nights,Tasmania,TAS,quarter,2021,Q1,Q1 2021,False,3072.107,Tourism Research Australia: Domestic Tourism Statistics,domestic_tourism_overnight_backcast_2019_2024.xlsx,Table 2,"Backcast Overnight Nights ('000), Australia and States"
Overnight,All overnight,Nights,000 nights,Tasmania,TAS,quarter,2021,Q2,Q2 2021,False,2567.512,Tourism Research Australia: Domestic Tourism Statistics,domestic_tourism_overnight_backcast_2019_2024.xlsx,Table 2,"Backcast Overnight Nights ('000), Australia and States"
Overnight,All overnight,Nights,000 nights,Tasmania,TAS,quarter,2021,Q3,Q3 2021,False,1655.326,Tourism Research Australia: Domestic Tourism Statistics,domestic_tourism_overnight_backcast_2019_2024.xlsx,Table 2,"Backcast Overnight Nights ('000), Australia and States"
Overnight,All overnight,Nights,000 nights,Tasmania,TAS,quarter,2021,Q4,Q4 2021,True,1981.862,Tourism Research Australia: Domestic Tourism Statistics,domestic_tourism_overnight_backcast_2019_2024.xlsx,Table 2,"Backcast Overnight Nights ('000), Australia and States"
Overnight,All overnight,Nights,000 nights,Tasmania,TAS,quarter,2022,Q1,Q1 2022,False,3374.568,Tourism Research Australia: Domestic Tourism Statistics,domestic_tourism_overnight_backcast_2019_2024.xlsx,Table 2,"Backcast Overnight Nights ('000), Australia and States"
Overnight,All overnight,Nights,000 nights,Tasmania,TAS,quarter,2022,Q2,Q2 2022,False,2686.59,Tourism Research Australia: Domestic Tourism Statistics,domestic_tourism_overnight_backcast_2019_2024.xlsx,Table 2,"Backcast Overnight Nights ('000), Australia and States"
Overnight,All overnight,Nights,000 nights,Tasmania,TAS,quarter,2022,Q3,Q3 2022,False,2160.742,Tourism Research Australia: Domestic Tourism Statistics,domestic_tourism_overnight_backcast_2019_2024.xlsx,Table 2,"Backcast Overnight Nights ('000), Australia and States"
Overnight,All overnight,Nights,000 nights,Tasmania,TAS,quarter,2022,Q4,Q4 2022,True,2674.172,Tourism Research Australia: Domestic Tourism Statistics,domestic_tourism_overnight_backcast_2019_2024.xlsx,Table 2,"Backcast Overnight Nights ('000), Australia and States"
Overnight,All overnight,Nights,000 nights,Tasmania,TAS,quarter,2023,Q1,Q1 2023,False,3418.329,Tourism Research Australia: Domestic Tourism Statistics,domestic_tourism_overnight_backcast_2019_2024.xlsx,Table 2,"Backcast Overnight Nights ('000), Australia and States"
Overnight,All overnight,Nights,000 nights,Tasmania,TAS,quarter,2023,Q2,Q2 2023,False,2319.493,Tourism Research Australia: Domestic Tourism Statistics,domestic_tourism_overnight_backcast_2019_2024.xlsx,Table 2,"Backcast Overnight Nights ('000), Australia and States"
Overnight,All overnight,Nights,000 nights,Tasmania,TAS,quarter,2023,Q3,Q3 2023,False,2012.576,Tourism Research Australia: Domestic Tourism Statistics,domestic_tourism_overnight_backcast_2019_2024.xlsx,Table 2,"Backcast Overnight Nights ('000), Australia and States"
Overnight,All overnight,Nights,000 nights,Tasmania,TAS,quarter,2023,Q4,Q4 2023,True,2643.476,Tourism Research Australia: Domestic Tourism Statistics,domestic_tourism_overnight_backcast_2019_2024.xlsx,Table 2,"Backcast Overnight Nights ('000), Australia and States"
Overnight,All overnight,Nights,000 nights,Tasmania,TAS,quarter,2024,Q1,Q1 2024,False,3490.239,Tourism Research Australia: Domestic Tourism Statistics,domestic_tourism_overnight_backcast_2019_2024.xlsx,Table 2,"Backcast Overnight Nights ('000), Australia and States"
Overnight,All overnight,Nights,000 nights,Tasmania,TAS,quarter,2024,Q2,Q2 2024,False,2356.159,Tourism Research Australia: Domestic Tourism Statistics,domestic_tourism_overnight_backcast_2019_2024.xlsx,Table 2,"Backcast Overnight Nights ('000), Australia and States"
Overnight,All overnight,Nights,000 nights,Tasmania,TAS,quarter,2024,Q3,Q3 2024,False,2078.979,Tourism Research Australia: Domestic Tourism Statistics,domestic_tourism_overnight_backcast_2019_2024.xlsx,Table 2,"Backcast Overnight Nights ('000), Australia and States"
Overnight,All overnight,Nights,000 nights,Tasmania,TAS,quarter,2024,Q4,Q4 2024,True,2621.371,Tourism Research Australia: Domestic Tourism Statistics,domestic_tourism_overnight_backcast_2019_2024.xlsx,Table 2,"Backcast Overnight Nights ('000), Australia and States"
Overnight,All overnight,Nights,000 nights,Northern Territory,NT,quarter,2019,Q1,Q1 2019,False,582.025,Tourism Research Australia: Domestic Tourism Statistics,domestic_tourism_overnight_backcast_2019_2024.xlsx,Table 2,"Backcast Overnight Nights ('000), Australia and States"
Overnight,All overnight,Nights,000 nights,Northern Territory,NT,quarter,2019,Q2,Q2 2019,False,905.786,Tourism Research Australia: Domestic Tourism Statistics,domestic_tourism_overnight_backcast_2019_2024.xlsx,Table 2,"Backcast Overnight Nights ('000), Australia and States"
Overnight,All overnight,Nights,000 nights,Northern Territory,NT,quarter,2019,Q3,Q3 2019,False,1340.011,Tourism Research Australia: Domestic Tourism Statistics,domestic_tourism_overnight_backcast_2019_2024.xlsx,Table 2,"Backcast Overnight Nights ('000), Australia and States"
Overnight,All overnight,Nights,000 nights,Northern Territory,NT,quarter,2019,Q4,Q4 2019,True,707.398,Tourism Research Australia: Domestic Tourism Statistics,domestic_tourism_overnight_backcast_2019_2024.xlsx,Table 2,"Backcast Overnight Nights ('000), Australia and States"
Overnight,All overnight,Nights,000 nights,Northern Territory,NT,quarter,2020,Q1,Q1 2020,False,580.551,Tourism Research Australia: Domestic Tourism Statistics,domestic_tourism_overnight_backcast_2019_2024.xlsx,Table 2,"Backcast Overnight Nights ('000), Australia and States"
Overnight,All overnight,Nights,000 nights,Northern Territory,NT,quarter,2020,Q2,Q2 2020,False,205.218,Tourism Research Australia: Domestic Tourism Statistics,domestic_tourism_overnight_backcast_2019_2024.xlsx,Table 2,"Backcast Overnight Nights ('000), Australia and States"
Overnight,All overnight,Nights,000 nights,Northern Territory,NT,quarter,2020,Q3,Q3 2020,False,545.519,Tourism Research Australia: Domestic Tourism Statistics,domestic_tourism_overnight_backcast_2019_2024.xlsx,Table 2,"Backcast Overnight Nights ('000), Australia and States"
Overnight,All overnight,Nights,000 nights,Northern Territory,NT,quarter,2020,Q4,Q4 2020,True,637.001,Tourism Research Australia: Domestic Tourism Statistics,domestic_tourism_overnight_backcast_2019_2024.xlsx,Table 2,"Backcast Overnight Nights ('000), Australia and States"
Overnight,All overnight,Nights,000 nights,Northern Territory,NT,quarter,2021,Q1,Q1 2021,False,661.345,Tourism Research Australia: Domestic Tourism Statistics,domestic_tourism_overnight_backcast_2019_2024.xlsx,Table 2,"Backcast Overnight Nights ('000), Australia and States"
Overnight,All overnight,Nights,000 nights,Northern Territory,NT,quarter,2021,Q2,Q2 2021,False,1159.128,Tourism Research Australia: Domestic Tourism Statistics,domestic_tourism_overnight_backcast_2019_2024.xlsx,Table 2,"Backcast Overnight Nights ('000), Australia and States"
Overnight,All overnight,Nights,000 nights,Northern Territory,NT,quarter,2021,Q3,Q3 2021,False,1127.476,Tourism Research Australia: Domestic Tourism Statistics,domestic_tourism_overnight_backcast_2019_2024.xlsx,Table 2,"Backcast Overnight Nights ('000), Australia and States"
Overnight,All overnight,Nights,000 nights,Northern Territory,NT,quarter,2021,Q4,Q4 2021,True,606.537,Tourism Research Australia: Domestic Tourism Statistics,domestic_tourism_overnight_backcast_2019_2024.xlsx,Table 2,"Backcast Overnight Nights ('000), Australia and States"
Overnight,All overnight,Nights,000 nights,Northern Territory,NT,quarter,2022,Q1,Q1 2022,False,585.422,Tourism Research Australia: Domestic Tourism Statistics,domestic_tourism_overnight_backcast_2019_2024.xlsx,Table 2,"Backcast Overnight Nights ('000), Australia and States"
Overnight,All overnight,Nights,000 nights,Northern Territory,NT,quarter,2022,Q2,Q2 2022,False,1212.589,Tourism Research Australia: Domestic Tourism Statistics,domestic_tourism_overnight_backcast_2019_2024.xlsx,Table 2,"Backcast Overnight Nights ('000), Australia and States"
Overnight,All overnight,Nights,000 nights,Northern Territory,NT,quarter,2022,Q3,Q3 2022,False,1725.851,Tourism Research Australia: Domestic Tourism Statistics,domestic_tourism_overnight_backcast_2019_2024.xlsx,Table 2,"Backcast Overnight Nights ('000), Australia and States"
Overnight,All overnight,Nights,000 nights,Northern Territory,NT,quarter,2022,Q4,Q4 2022,True,844.79,Tourism Research Australia: Domestic Tourism Statistics,domestic_tourism_overnight_backcast_2019_2024.xlsx,Table 2,"Backcast Overnight Nights ('000), Australia and States"
Overnight,All overnight,Nights,000 nights,Northern Territory,NT,quarter,2023,Q1,Q1 2023,False,582.109,Tourism Research Australia: Domestic Tourism Statistics,domestic_tourism_overnight_backcast_2019_2024.xlsx,Table 2,"Backcast Overnight Nights ('000), Australia and States"
Overnight,All overnight,Nights,000 nights,Northern Territory,NT,quarter,2023,Q2,Q2 2023,False,969.68,Tourism Research Australia: Domestic Tourism Statistics,domestic_tourism_overnight_backcast_2019_2024.xlsx,Table 2,"Backcast Overnight Nights ('000), Australia and States"
Overnight,All overnight,Nights,000 nights,Northern Territory,NT,quarter,2023,Q3,Q3 2023,False,1405.086,Tourism Research Australia: Domestic Tourism Statistics,domestic_tourism_overnight_backcast_2019_2024.xlsx,Table 2,"Backcast Overnight Nights ('000), Australia and States"
Overnight,All overnight,Nights,000 nights,Northern Territory,NT,quarter,2023,Q4,Q4 2023,True,699.819,Tourism Research Australia: Domestic Tourism Statistics,domestic_tourism_overnight_backcast_2019_2024.xlsx,Table 2,"Backcast Overnight Nights ('000), Australia and States"
Overnight,All overnight,Nights,000 nights,Northern Territory,NT,quarter,2024,Q1,Q1 2024,False,583.726,Tourism Research Australia: Domestic Tourism Statistics,domestic_tourism_overnight_backcast_2019_2024.xlsx,Table 2,"Backcast Overnight Nights ('000), Australia and States"
Overnight,All overnight,Nights,000 nights,Northern Territory,NT,quarter,2024,Q2,Q2 2024,False,944.071,Tourism Research Australia: Domestic Tourism Statistics,domestic_tourism_overnight_backcast_2019_2024.xlsx,Table 2,"Backcast Overnight Nights ('000), Australia and States"
Overnight,All overnight,Nights,000 nights,Northern Territory,NT,quarter,2024,Q3,Q3 2024,False,1386.146,Tourism Research Australia: Domestic Tourism Statistics,domestic_tourism_overnight_backcast_2019_2024.xlsx,Table 2,"Backcast Overnight Nights ('000), Australia and States"
Overnight,All overnight,Nights,000 nights,Northern Territory,NT,quarter,2024,Q4,Q4 2024,True,885.299,Tourism Research Australia: Domestic Tourism Statistics,domestic_tourism_overnight_backcast_2019_2024.xlsx,Table 2,"Backcast Overnight Nights ('000), Australia and States"
Overnight,All overnight,Nights,000 nights,ACT,ACT,quarter,2019,Q1,Q1 2019,False,1633.076,Tourism Research Australia: Domestic Tourism Statistics,domestic_tourism_overnight_backcast_2019_2024.xlsx,Table 2,"Backcast Overnight Nights ('000), Australia and States"
Overnight,All overnight,Nights,000 nights,ACT,ACT,quarter,2019,Q2,Q2 2019,False,1459.846,Tourism Research Australia: Domestic Tourism Statistics,domestic_tourism_overnight_backcast_2019_2024.xlsx,Table 2,"Backcast Overnight Nights ('000), Australia and States"
Overnight,All overnight,Nights,000 nights,ACT,ACT,quarter,2019,Q3,Q3 2019,False,1569.092,Tourism Research Australia: Domestic Tourism Statistics,domestic_tourism_overnight_backcast_2019_2024.xlsx,Table 2,"Backcast Overnight Nights ('000), Australia and States"
Overnight,All overnight,Nights,000 nights,ACT,ACT,quarter,2019,Q4,Q4 2019,True,1632.1,Tourism Research Australia: Domestic Tourism Statistics,domestic_tourism_overnight_backcast_2019_2024.xlsx,Table 2,"Backcast Overnight Nights ('000), Australia and States"
Overnight,All overnight,Nights,000 nights,ACT,ACT,quarter,2020,Q1,Q1 2020,False,1611.674,Tourism Research Australia: Domestic Tourism Statistics,domestic_tourism_overnight_backcast_2019_2024.xlsx,Table 2,"Backcast Overnight Nights ('000), Australia and States"
Overnight,All overnight,Nights,000 nights,ACT,ACT,quarter,2020,Q2,Q2 2020,False,667.896,Tourism Research Australia: Domestic Tourism Statistics,domestic_tourism_overnight_backcast_2019_2024.xlsx,Table 2,"Backcast Overnight Nights ('000), Australia and States"
Overnight,All overnight,Nights,000 nights,ACT,ACT,quarter,2020,Q3,Q3 2020,False,1043.058,Tourism Research Australia: Domestic Tourism Statistics,domestic_tourism_overnight_backcast_2019_2024.xlsx,Table 2,"Backcast Overnight Nights ('000), Australia and States"
Overnight,All overnight,Nights,000 nights,ACT,ACT,quarter,2020,Q4,Q4 2020,True,1257.251,Tourism Research Australia: Domestic Tourism Statistics,domestic_tourism_overnight_backcast_2019_2024.xlsx,Table 2,"Backcast Overnight Nights ('000), Australia and States"
Overnight,All overnight,Nights,000 nights,ACT,ACT,quarter,2021,Q1,Q1 2021,False,1514.822,Tourism Research Australia: Domestic Tourism Statistics,domestic_tourism_overnight_backcast_2019_2024.xlsx,Table 2,"Backcast Overnight Nights ('000), Australia and States"
Overnight,All overnight,Nights,000 nights,ACT,ACT,quarter,2021,Q2,Q2 2021,False,1694.309,Tourism Research Australia: Domestic Tourism Statistics,domestic_tourism_overnight_backcast_2019_2024.xlsx,Table 2,"Backcast Overnight Nights ('000), Australia and States"
Overnight,All overnight,Nights,000 nights,ACT,ACT,quarter,2021,Q3,Q3 2021,False,379.653,Tourism Research Australia: Domestic Tourism Statistics,domestic_tourism_overnight_backcast_2019_2024.xlsx,Table 2,"Backcast Overnight Nights ('000), Australia and States"
Overnight,All overnight,Nights,000 nights,ACT,ACT,quarter,2021,Q4,Q4 2021,True,974.492,Tourism Research Australia: Domestic Tourism Statistics,domestic_tourism_overnight_backcast_2019_2024.xlsx,Table 2,"Backcast Overnight Nights ('000), Australia and States"
Overnight,All overnight,Nights,000 nights,ACT,ACT,quarter,2022,Q1,Q1 2022,False,1654.534,Tourism Research Australia: Domestic Tourism Statistics,domestic_tourism_overnight_backcast_2019_2024.xlsx,Table 2,"Backcast Overnight Nights ('000), Australia and States"
Overnight,All overnight,Nights,000 nights,ACT,ACT,quarter,2022,Q2,Q2 2022,False,1630.309,Tourism Research Australia: Domestic Tourism Statistics,domestic_tourism_overnight_backcast_2019_2024.xlsx,Table 2,"Backcast Overnight Nights ('000), Australia and States"
Overnight,All overnight,Nights,000 nights,ACT,ACT,quarter,2022,Q3,Q3 2022,False,1617.282,Tourism Research Australia: Domestic Tourism Statistics,domestic_tourism_overnight_backcast_2019_2024.xlsx,Table 2,"Backcast Overnight Nights ('000), Australia and States"
Overnight,All overnight,Nights,000 nights,ACT,ACT,quarter,2022,Q4,Q4 2022,True,1717.435,Tourism Research Australia: Domestic Tourism Statistics,domestic_tourism_overnight_backcast_2019_2024.xlsx,Table 2,"Backcast Overnight Nights ('000), Australia and States"
Overnight,All overnight,Nights,000 nights,ACT,ACT,quarter,2023,Q1,Q1 2023,False,1608.762,Tourism Research Australia: Domestic Tourism Statistics,domestic_tourism_overnight_backcast_2019_2024.xlsx,Table 2,"Backcast Overnight Nights ('000), Australia and States"
Overnight,All overnight,Nights,000 nights,ACT,ACT,quarter,2023,Q2,Q2 2023,False,1523.341,Tourism Research Australia: Domestic Tourism Statistics,domestic_tourism_overnight_backcast_2019_2024.xlsx,Table 2,"Backcast Overnight Nights ('000), Australia and States"
Overnight,All overnight,Nights,000 nights,ACT,ACT,quarter,2023,Q3,Q3 2023,False,1566.804,Tourism Research Australia: Domestic Tourism Statistics,domestic_tourism_overnight_backcast_2019_2024.xlsx,Table 2,"Backcast Overnight Nights ('000), Australia and States"
Overnight,All overnight,Nights,000 nights,ACT,ACT,quarter,2023,Q4,Q4 2023,True,1643.002,Tourism Research Australia: Domestic Tourism Statistics,domestic_tourism_overnight_backcast_2019_2024.xlsx,Table 2,"Backcast Overnight Nights ('000), Australia and States"
Overnight,All overnight,Nights,000 nights,ACT,ACT,quarter,2024,Q1,Q1 2024,False,1759.246,Tourism Research Australia: Domestic Tourism Statistics,domestic_tourism_overnight_backcast_2019_2024.xlsx,Table 2,"Backcast Overnight Nights ('000), Australia and States"
Overnight,All overnight,Nights,000 nights,ACT,ACT,quarter,2024,Q2,Q2 2024,False,1498.313,Tourism Research Australia: Domestic Tourism Statistics,domestic_tourism_overnight_backcast_2019_2024.xlsx,Table 2,"Backcast Overnight Nights ('000), Australia and States"
Overnight,All overnight,Nights,000 nights,ACT,ACT,quarter,2024,Q3,Q3 2024,False,1567.972,Tourism Research Australia: Domestic Tourism Statistics,domestic_tourism_overnight_backcast_2019_2024.xlsx,Table 2,"Backcast Overnight Nights ('000), Australia and States"
Overnight,All overnight,Nights,000 nights,ACT,ACT,quarter,2024,Q4,Q4 2024,True,1571.363,Tourism Research Australia: Domestic Tourism Statistics,domestic_tourism_overnight_backcast_2019_2024.xlsx,Table 2,"Backcast Overnight Nights ('000), Australia and States"
Overnight,All overnight,Spend,AUD millions,Australia,AUS,quarter,2019,Q1,Q1 2019,False,18442.0,Tourism Research Australia: Domestic Tourism Statistics,domestic_tourism_overnight_backcast_2019_2024.xlsx,Table 3,"Backcast Overnight Spend ($M), Australia and States"
Overnight,All overnight,Spend,AUD millions,Australia,AUS,quarter,2019,Q2,Q2 2019,False,16228.0,Tourism Research Australia: Domestic Tourism Statistics,domestic_tourism_overnight_backcast_2019_2024.xlsx,Table 3,"Backcast Overnight Spend ($M), Australia and States"
Overnight,All overnight,Spend,AUD millions,Australia,AUS,quarter,2019,Q3,Q3 2019,False,17330.0,Tourism Research Australia: Domestic Tourism Statistics,domestic_tourism_overnight_backcast_2019_2024.xlsx,Table 3,"Backcast Overnight Spend ($M), Australia and States"
Overnight,All overnight,Spend,AUD millions,Australia,AUS,quarter,2019,Q4,Q4 2019,True,18104.0,Tourism Research Australia: Domestic Tourism Statistics,domestic_tourism_overnight_backcast_2019_2024.xlsx,Table 3,"Backcast Overnight Spend ($M), Australia and States"
Overnight,All overnight,Spend,AUD millions,Australia,AUS,quarter,2020,Q1,Q1 2020,False,18760.0,Tourism Research Australia: Domestic Tourism Statistics,domestic_tourism_overnight_backcast_2019_2024.xlsx,Table 3,"Backcast Overnight Spend ($M), Australia and States"
Overnight,All overnight,Spend,AUD millions,Australia,AUS,quarter,2020,Q2,Q2 2020,False,4389.0,Tourism Research Australia: Domestic Tourism Statistics,domestic_tourism_overnight_backcast_2019_2024.xlsx,Table 3,"Backcast Overnight Spend ($M), Australia and States"
Overnight,All overnight,Spend,AUD millions,Australia,AUS,quarter,2020,Q3,Q3 2020,False,9850.0,Tourism Research Australia: Domestic Tourism Statistics,domestic_tourism_overnight_backcast_2019_2024.xlsx,Table 3,"Backcast Overnight Spend ($M), Australia and States"
Overnight,All overnight,Spend,AUD millions,Australia,AUS,quarter,2020,Q4,Q4 2020,True,14649.0,Tourism Research Australia: Domestic Tourism Statistics,domestic_tourism_overnight_backcast_2019_2024.xlsx,Table 3,"Backcast Overnight Spend ($M), Australia and States"
Overnight,All overnight,Spend,AUD millions,Australia,AUS,quarter,2021,Q1,Q1 2021,False,18004.0,Tourism Research Australia: Domestic Tourism Statistics,domestic_tourism_overnight_backcast_2019_2024.xlsx,Table 3,"Backcast Overnight Spend ($M), Australia and States"
Overnight,All overnight,Spend,AUD millions,Australia,AUS,quarter,2021,Q2,Q2 2021,False,19806.0,Tourism Research Australia: Domestic Tourism Statistics,domestic_tourism_overnight_backcast_2019_2024.xlsx,Table 3,"Backcast Overnight Spend ($M), Australia and States"
Overnight,All overnight,Spend,AUD millions,Australia,AUS,quarter,2021,Q3,Q3 2021,False,9758.0,Tourism Research Australia: Domestic Tourism Statistics,domestic_tourism_overnight_backcast_2019_2024.xlsx,Table 3,"Backcast Overnight Spend ($M), Australia and States"
Overnight,All overnight,Spend,AUD millions,Australia,AUS,quarter,2021,Q4,Q4 2021,True,15128.0,Tourism Research Australia: Domestic Tourism Statistics,domestic_tourism_overnight_backcast_2019_2024.xlsx,Table 3,"Backcast Overnight Spend ($M), Australia and States"
Overnight,All overnight,Spend,AUD millions,Australia,AUS,quarter,2022,Q1,Q1 2022,False,22493.0,Tourism Research Australia: Domestic Tourism Statistics,domestic_tourism_overnight_backcast_2019_2024.xlsx,Table 3,"Backcast Overnight Spend ($M), Australia and States"
Overnight,All overnight,Spend,AUD millions,Australia,AUS,quarter,2022,Q2,Q2 2022,False,24966.0,Tourism Research Australia: Domestic Tourism Statistics,domestic_tourism_overnight_backcast_2019_2024.xlsx,Table 3,"Backcast Overnight Spend ($M), Australia and States"
Overnight,All overnight,Spend,AUD millions,Australia,AUS,quarter,2022,Q3,Q3 2022,False,26395.0,Tourism Research Australia: Domestic Tourism Statistics,domestic_tourism_overnight_backcast_2019_2024.xlsx,Table 3,"Backcast Overnight Spend ($M), Australia and States"
Overnight,All overnight,Spend,AUD millions,Australia,AUS,quarter,2022,Q4,Q4 2022,True,27638.0,Tourism Research Australia: Domestic Tourism Statistics,domestic_tourism_overnight_backcast_2019_2024.xlsx,Table 3,"Backcast Overnight Spend ($M), Australia and States"
Overnight,All overnight,Spend,AUD millions,Australia,AUS,quarter,2023,Q1,Q1 2023,False,27373.0,Tourism Research Australia: Domestic Tourism Statistics,domestic_tourism_overnight_backcast_2019_2024.xlsx,Table 3,"Backcast Overnight Spend ($M), Australia and States"
Overnight,All overnight,Spend,AUD millions,Australia,AUS,quarter,2023,Q2,Q2 2023,False,24855.0,Tourism Research Australia: Domestic Tourism Statistics,domestic_tourism_overnight_backcast_2019_2024.xlsx,Table 3,"Backcast Overnight Spend ($M), Australia and States"
Overnight,All overnight,Spend,AUD millions,Australia,AUS,quarter,2023,Q3,Q3 2023,False,26138.0,Tourism Research Australia: Domestic Tourism Statistics,domestic_tourism_overnight_backcast_2019_2024.xlsx,Table 3,"Backcast Overnight Spend ($M), Australia and States"
Overnight,All overnight,Spend,AUD millions,Australia,AUS,quarter,2023,Q4,Q4 2023,True,28520.0,Tourism Research Australia: Domestic Tourism Statistics,domestic_tourism_overnight_backcast_2019_2024.xlsx,Table 3,"Backcast Overnight Spend ($M), Australia and States"
Overnight,All overnight,Spend,AUD millions,Australia,AUS,quarter,2024,Q1,Q1 2024,False,28858.0,Tourism Research Australia: Domestic Tourism Statistics,domestic_tourism_overnight_backcast_2019_2024.xlsx,Table 3,"Backcast Overnight Spend ($M), Australia and States"
Overnight,All overnight,Spend,AUD millions,Australia,AUS,quarter,2024,Q2,Q2 2024,False,25185.0,Tourism Research Australia: Domestic Tourism Statistics,domestic_tourism_overnight_backcast_2019_2024.xlsx,Table 3,"Backcast Overnight Spend ($M), Australia and States"
Overnight,All overnight,Spend,AUD millions,Australia,AUS,quarter,2024,Q3,Q3 2024,False,26783.0,Tourism Research Australia: Domestic Tourism Statistics,domestic_tourism_overnight_backcast_2019_2024.xlsx,Table 3,"Backcast Overnight Spend ($M), Australia and States"
Overnight,All overnight,Spend,AUD millions,Australia,AUS,quarter,2024,Q4,Q4 2024,True,28006.0,Tourism Research Australia: Domestic Tourism Statistics,domestic_tourism_overnight_backcast_2019_2024.xlsx,Table 3,"Backcast Overnight Spend ($M), Australia and States"
Overnight,All overnight,Spend,AUD millions,New South Wales,NSW,quarter,2019,Q1,Q1 2019,False,5822.0,Tourism Research Australia: Domestic Tourism Statistics,domestic_tourism_overnight_backcast_2019_2024.xlsx,Table 3,"Backcast Overnight Spend ($M), Australia and States"
Overnight,All overnight,Spend,AUD millions,New South Wales,NSW,quarter,2019,Q2,Q2 2019,False,5175.0,Tourism Research Australia: Domestic Tourism Statistics,domestic_tourism_overnight_backcast_2019_2024.xlsx,Table 3,"Backcast Overnight Spend ($M), Australia and States"
Overnight,All overnight,Spend,AUD millions,New South Wales,NSW,quarter,2019,Q3,Q3 2019,False,5440.0,Tourism Research Australia: Domestic Tourism Statistics,domestic_tourism_overnight_backcast_2019_2024.xlsx,Table 3,"Backcast Overnight Spend ($M), Australia and States"
Overnight,All overnight,Spend,AUD millions,New South Wales,NSW,quarter,2019,Q4,Q4 2019,True,5643.0,Tourism Research Australia: Domestic Tourism Statistics,domestic_tourism_overnight_backcast_2019_2024.xlsx,Table 3,"Backcast Overnight Spend ($M), Australia and States"
Overnight,All overnight,Spend,AUD millions,New South Wales,NSW,quarter,2020,Q1,Q1 2020,False,5345.0,Tourism Research Australia: Domestic Tourism Statistics,domestic_tourism_overnight_backcast_2019_2024.xlsx,Table 3,"Backcast Overnight Spend ($M), Australia and States"
Overnight,All overnight,Spend,AUD millions,New South Wales,NSW,quarter,2020,Q2,Q2 2020,False,1541.0,Tourism Research Australia: Domestic Tourism Statistics,domestic_tourism_overnight_backcast_2019_2024.xlsx,Table 3,"Backcast Overnight Spend ($M), Australia and States"
Overnight,All overnight,Spend,AUD millions,New South Wales,NSW,quarter,2020,Q3,Q3 2020,False,3481.0,Tourism Research Australia: Domestic Tourism Statistics,domestic_tourism_overnight_backcast_2019_2024.xlsx,Table 3,"Backcast Overnight Spend ($M), Australia and States"
Overnight,All overnight,Spend,AUD millions,New South Wales,NSW,quarter,2020,Q4,Q4 2020,True,5114.0,Tourism Research Australia: Domestic Tourism Statistics,domestic_tourism_overnight_backcast_2019_2024.xlsx,Table 3,"Backcast Overnight Spend ($M), Australia and States"
Overnight,All overnight,Spend,AUD millions,New South Wales,NSW,quarter,2021,Q1,Q1 2021,False,5374.0,Tourism Research Australia: Domestic Tourism Statistics,domestic_tourism_overnight_backcast_2019_2024.xlsx,Table 3,"Backcast Overnight Spend ($M), Australia and States"
Overnight,All overnight,Spend,AUD millions,New South Wales,NSW,quarter,2021,Q2,Q2 2021,False,6077.0,Tourism Research Australia: Domestic Tourism Statistics,domestic_tourism_overnight_backcast_2019_2024.xlsx,Table 3,"Backcast Overnight Spend ($M), Australia and States"
Overnight,All overnight,Spend,AUD millions,New South Wales,NSW,quarter,2021,Q3,Q3 2021,False,1128.0,Tourism Research Australia: Domestic Tourism Statistics,domestic_tourism_overnight_backcast_2019_2024.xlsx,Table 3,"Backcast Overnight Spend ($M), Australia and States"
Overnight,All overnight,Spend,AUD millions,New South Wales,NSW,quarter,2021,Q4,Q4 2021,True,3855.0,Tourism Research Australia: Domestic Tourism Statistics,domestic_tourism_overnight_backcast_2019_2024.xlsx,Table 3,"Backcast Overnight Spend ($M), Australia and States"
Overnight,All overnight,Spend,AUD millions,New South Wales,NSW,quarter,2022,Q1,Q1 2022,False,6965.0,Tourism Research Australia: Domestic Tourism Statistics,domestic_tourism_overnight_backcast_2019_2024.xlsx,Table 3,"Backcast Overnight Spend ($M), Australia and States"
Overnight,All overnight,Spend,AUD millions,New South Wales,NSW,quarter,2022,Q2,Q2 2022,False,7273.0,Tourism Research Australia: Domestic Tourism Statistics,domestic_tourism_overnight_backcast_2019_2024.xlsx,Table 3,"Backcast Overnight Spend ($M), Australia and States"
Overnight,All overnight,Spend,AUD millions,New South Wales,NSW,quarter,2022,Q3,Q3 2022,False,7823.0,Tourism Research Australia: Domestic Tourism Statistics,domestic_tourism_overnight_backcast_2019_2024.xlsx,Table 3,"Backcast Overnight Spend ($M), Australia and States"
Overnight,All overnight,Spend,AUD millions,New South Wales,NSW,quarter,2022,Q4,Q4 2022,True,7977.0,Tourism Research Australia: Domestic Tourism Statistics,domestic_tourism_overnight_backcast_2019_2024.xlsx,Table 3,"Backcast Overnight Spend ($M), Australia and States"
Overnight,All overnight,Spend,AUD millions,New South Wales,NSW,quarter,2023,Q1,Q1 2023,False,8071.0,Tourism Research Australia: Domestic Tourism Statistics,domestic_tourism_overnight_backcast_2019_2024.xlsx,Table 3,"Backcast Overnight Spend ($M), Australia and States"
Overnight,All overnight,Spend,AUD millions,New South Wales,NSW,quarter,2023,Q2,Q2 2023,False,7286.0,Tourism Research Australia: Domestic Tourism Statistics,domestic_tourism_overnight_backcast_2019_2024.xlsx,Table 3,"Backcast Overnight Spend ($M), Australia and States"
Overnight,All overnight,Spend,AUD millions,New South Wales,NSW,quarter,2023,Q3,Q3 2023,False,7094.0,Tourism Research Australia: Domestic Tourism Statistics,domestic_tourism_overnight_backcast_2019_2024.xlsx,Table 3,"Backcast Overnight Spend ($M), Australia and States"
Overnight,All overnight,Spend,AUD millions,New South Wales,NSW,quarter,2023,Q4,Q4 2023,True,8714.0,Tourism Research Australia: Domestic Tourism Statistics,domestic_tourism_overnight_backcast_2019_2024.xlsx,Table 3,"Backcast Overnight Spend ($M), Australia and States"
Overnight,All overnight,Spend,AUD millions,New South Wales,NSW,quarter,2024,Q1,Q1 2024,False,8213.0,Tourism Research Australia: Domestic Tourism Statistics,domestic_tourism_overnight_backcast_2019_2024.xlsx,Table 3,"Backcast Overnight Spend ($M), Australia and States"
Overnight,All overnight,Spend,AUD millions,New South Wales,NSW,quarter,2024,Q2,Q2 2024,False,6750.0,Tourism Research Australia: Domestic Tourism Statistics,domestic_tourism_overnight_backcast_2019_2024.xlsx,Table 3,"Backcast Overnight Spend ($M), Australia and States"
Overnight,All overnight,Spend,AUD millions,New South Wales,NSW,quarter,2024,Q3,Q3 2024,False,7660.0,Tourism Research Australia: Domestic Tourism Statistics,domestic_tourism_overnight_backcast_2019_2024.xlsx,Table 3,"Backcast Overnight Spend ($M), Australia and States"
Overnight,All overnight,Spend,AUD millions,New South Wales,NSW,quarter,2024,Q4,Q4 2024,True,8738.0,Tourism Research Australia: Domestic Tourism Statistics,domestic_tourism_overnight_backcast_2019_2024.xlsx,Table 3,"Backcast Overnight Spend ($M), Australia and States"
Overnight,All overnight,Spend,AUD millions,Victoria,VIC,quarter,2019,Q1,Q1 2019,False,4204.0,Tourism Research Australia: Domestic Tourism Statistics,domestic_tourism_overnight_backcast_2019_2024.xlsx,Table 3,"Backcast Overnight Spend ($M), Australia and States"
Overnight,All overnight,Spend,AUD millions,Victoria,VIC,quarter,2019,Q2,Q2 2019,False,3586.0,Tourism Research Australia: Domestic Tourism Statistics,domestic_tourism_overnight_backcast_2019_2024.xlsx,Table 3,"Backcast Overnight Spend ($M), Australia and States"
Overnight,All overnight,Spend,AUD millions,Victoria,VIC,quarter,2019,Q3,Q3 2019,False,3987.0,Tourism Research Australia: Domestic Tourism Statistics,domestic_tourism_overnight_backcast_2019_2024.xlsx,Table 3,"Backcast Overnight Spend ($M), Australia and States"
Overnight,All overnight,Spend,AUD millions,Victoria,VIC,quarter,2019,Q4,Q4 2019,True,4259.0,Tourism Research Australia: Domestic Tourism Statistics,domestic_tourism_overnight_backcast_2019_2024.xlsx,Table 3,"Backcast Overnight Spend ($M), Australia and States"
Overnight,All overnight,Spend,AUD millions,Victoria,VIC,quarter,2020,Q1,Q1 2020,False,4326.0,Tourism Research Australia: Domestic Tourism Statistics,domestic_tourism_overnight_backcast_2019_2024.xlsx,Table 3,"Backcast Overnight Spend ($M), Australia and States"
Overnight,All overnight,Spend,AUD millions,Victoria,VIC,quarter,2020,Q2,Q2 2020,False,789.0,Tourism Research Australia: Domestic Tourism Statistics,domestic_tourism_overnight_backcast_2019_2024.xlsx,Table 3,"Backcast Overnight Spend ($M), Australia and States"
Overnight,All overnight,Spend,AUD millions,Victoria,VIC,quarter,2020,Q3,Q3 2020,False,694.0,Tourism Research Australia: Domestic Tourism Statistics,domestic_tourism_overnight_backcast_2019_2024.xlsx,Table 3,"Backcast Overnight Spend ($M), Australia and States"
Overnight,All overnight,Spend,AUD millions,Victoria,VIC,quarter,2020,Q4,Q4 2020,True,2019.0,Tourism Research Australia: Domestic Tourism Statistics,domestic_tourism_overnight_backcast_2019_2024.xlsx,Table 3,"Backcast Overnight Spend ($M), Australia and States"
Overnight,All overnight,Spend,AUD millions,Victoria,VIC,quarter,2021,Q1,Q1 2021,False,3635.0,Tourism Research Australia: Domestic Tourism Statistics,domestic_tourism_overnight_backcast_2019_2024.xlsx,Table 3,"Backcast Overnight Spend ($M), Australia and States"
Overnight,All overnight,Spend,AUD millions,Victoria,VIC,quarter,2021,Q2,Q2 2021,False,3383.0,Tourism Research Australia: Domestic Tourism Statistics,domestic_tourism_overnight_backcast_2019_2024.xlsx,Table 3,"Backcast Overnight Spend ($M), Australia and States"
Overnight,All overnight,Spend,AUD millions,Victoria,VIC,quarter,2021,Q3,Q3 2021,False,1541.0,Tourism Research Australia: Domestic Tourism Statistics,domestic_tourism_overnight_backcast_2019_2024.xlsx,Table 3,"Backcast Overnight Spend ($M), Australia and States"
Overnight,All overnight,Spend,AUD millions,Victoria,VIC,quarter,2021,Q4,Q4 2021,True,2762.0,Tourism Research Australia: Domestic Tourism Statistics,domestic_tourism_overnight_backcast_2019_2024.xlsx,Table 3,"Backcast Overnight Spend ($M), Australia and States"
Overnight,All overnight,Spend,AUD millions,Victoria,VIC,quarter,2022,Q1,Q1 2022,False,4977.0,Tourism Research Australia: Domestic Tourism Statistics,domestic_tourism_overnight_backcast_2019_2024.xlsx,Table 3,"Backcast Overnight Spend ($M), Australia and States"
Overnight,All overnight,Spend,AUD millions,Victoria,VIC,quarter,2022,Q2,Q2 2022,False,5164.0,Tourism Research Australia: Domestic Tourism Statistics,domestic_tourism_overnight_backcast_2019_2024.xlsx,Table 3,"Backcast Overnight Spend ($M), Australia and States"
Overnight,All overnight,Spend,AUD millions,Victoria,VIC,quarter,2022,Q3,Q3 2022,False,6049.0,Tourism Research Australia: Domestic Tourism Statistics,domestic_tourism_overnight_backcast_2019_2024.xlsx,Table 3,"Backcast Overnight Spend ($M), Australia and States"
Overnight,All overnight,Spend,AUD millions,Victoria,VIC,quarter,2022,Q4,Q4 2022,True,5660.0,Tourism Research Australia: Domestic Tourism Statistics,domestic_tourism_overnight_backcast_2019_2024.xlsx,Table 3,"Backcast Overnight Spend ($M), Australia and States"
Overnight,All overnight,Spend,AUD millions,Victoria,VIC,quarter,2023,Q1,Q1 2023,False,6009.0,Tourism Research Australia: Domestic Tourism Statistics,domestic_tourism_overnight_backcast_2019_2024.xlsx,Table 3,"Backcast Overnight Spend ($M), Australia and States"
Overnight,All overnight,Spend,AUD millions,Victoria,VIC,quarter,2023,Q2,Q2 2023,False,5055.0,Tourism Research Australia: Domestic Tourism Statistics,domestic_tourism_overnight_backcast_2019_2024.xlsx,Table 3,"Backcast Overnight Spend ($M), Australia and States"
Overnight,All overnight,Spend,AUD millions,Victoria,VIC,quarter,2023,Q3,Q3 2023,False,5738.0,Tourism Research Australia: Domestic Tourism Statistics,domestic_tourism_overnight_backcast_2019_2024.xlsx,Table 3,"Backcast Overnight Spend ($M), Australia and States"
Overnight,All overnight,Spend,AUD millions,Victoria,VIC,quarter,2023,Q4,Q4 2023,True,5799.0,Tourism Research Australia: Domestic Tourism Statistics,domestic_tourism_overnight_backcast_2019_2024.xlsx,Table 3,"Backcast Overnight Spend ($M), Australia and States"
Overnight,All overnight,Spend,AUD millions,Victoria,VIC,quarter,2024,Q1,Q1 2024,False,6722.0,Tourism Research Australia: Domestic Tourism Statistics,domestic_tourism_overnight_backcast_2019_2024.xlsx,Table 3,"Backcast Overnight Spend ($M), Australia and States"
Overnight,All overnight,Spend,AUD millions,Victoria,VIC,quarter,2024,Q2,Q2 2024,False,5716.0,Tourism Research Australia: Domestic Tourism Statistics,domestic_tourism_overnight_backcast_2019_2024.xlsx,Table 3,"Backcast Overnight Spend ($M), Australia and States"
Overnight,All overnight,Spend,AUD millions,Victoria,VIC,quarter,2024,Q3,Q3 2024,False,5866.0,Tourism Research Australia: Domestic Tourism Statistics,domestic_tourism_overnight_backcast_2019_2024.xlsx,Table 3,"Backcast Overnight Spend ($M), Australia and States"
Overnight,All overnight,Spend,AUD millions,Victoria,VIC,quarter,2024,Q4,Q4 2024,True,5898.0,Tourism Research Australia: Domestic Tourism Statistics,domestic_tourism_overnight_backcast_2019_2024.xlsx,Table 3,"Backcast Overnight Spend ($M), Australia and States"
Overnight,All overnight,Spend,AUD millions,Queensland,QLD,quarter,2019,Q1,Q1 2019,False,4112.0,Tourism Research Australia: Domestic Tourism Statistics,domestic_tourism_overnight_backcast_2019_2024.xlsx,Table 3,"Backcast Overnight Spend ($M), Australia and States"
Overnight,All overnight,Spend,AUD millions,Queensland,QLD,quarter,2019,Q2,Q2 2019,False,3791.0,Tourism Research Australia: Domestic Tourism Statistics,domestic_tourism_overnight_backcast_2019_2024.xlsx,Table 3,"Backcast Overnight Spend ($M), Australia and States"
Overnight,All overnight,Spend,AUD millions,Queensland,QLD,quarter,2019,Q3,Q3 2019,False,4161.0,Tourism Research Australia: Domestic Tourism Statistics,domestic_tourism_overnight_backcast_2019_2024.xlsx,Table 3,"Backcast Overnight Spend ($M), Australia and States"
Overnight,All overnight,Spend,AUD millions,Queensland,QLD,quarter,2019,Q4,Q4 2019,True,4210.0,Tourism Research Australia: Domestic Tourism Statistics,domestic_tourism_overnight_backcast_2019_2024.xlsx,Table 3,"Backcast Overnight Spend ($M), Australia and States"
Overnight,All overnight,Spend,AUD millions,Queensland,QLD,quarter,2020,Q1,Q1 2020,False,4493.0,Tourism Research Australia: Domestic Tourism Statistics,domestic_tourism_overnight_backcast_2019_2024.xlsx,Table 3,"Backcast Overnight Spend ($M), Australia and States"
Overnight,All overnight,Spend,AUD millions,Queensland,QLD,quarter,2020,Q2,Q2 2020,False,1084.0,Tourism Research Australia: Domestic Tourism Statistics,domestic_tourism_overnight_backcast_2019_2024.xlsx,Table 3,"Backcast Overnight Spend ($M), Australia and States"
Overnight,All overnight,Spend,AUD millions,Queensland,QLD,quarter,2020,Q3,Q3 2020,False,2891.0,Tourism Research Australia: Domestic Tourism Statistics,domestic_tourism_overnight_backcast_2019_2024.xlsx,Table 3,"Backcast Overnight Spend ($M), Australia and States"
Overnight,All overnight,Spend,AUD millions,Queensland,QLD,quarter,2020,Q4,Q4 2020,True,3964.0,Tourism Research Australia: Domestic Tourism Statistics,domestic_tourism_overnight_backcast_2019_2024.xlsx,Table 3,"Backcast Overnight Spend ($M), Australia and States"
Overnight,All overnight,Spend,AUD millions,Queensland,QLD,quarter,2021,Q1,Q1 2021,False,4559.0,Tourism Research Australia: Domestic Tourism Statistics,domestic_tourism_overnight_backcast_2019_2024.xlsx,Table 3,"Backcast Overnight Spend ($M), Australia and States"
Overnight,All overnight,Spend,AUD millions,Queensland,QLD,quarter,2021,Q2,Q2 2021,False,5413.0,Tourism Research Australia: Domestic Tourism Statistics,domestic_tourism_overnight_backcast_2019_2024.xlsx,Table 3,"Backcast Overnight Spend ($M), Australia and States"
Overnight,All overnight,Spend,AUD millions,Queensland,QLD,quarter,2021,Q3,Q3 2021,False,3348.0,Tourism Research Australia: Domestic Tourism Statistics,domestic_tourism_overnight_backcast_2019_2024.xlsx,Table 3,"Backcast Overnight Spend ($M), Australia and States"
Overnight,All overnight,Spend,AUD millions,Queensland,QLD,quarter,2021,Q4,Q4 2021,True,4093.0,Tourism Research Australia: Domestic Tourism Statistics,domestic_tourism_overnight_backcast_2019_2024.xlsx,Table 3,"Backcast Overnight Spend ($M), Australia and States"
Overnight,All overnight,Spend,AUD millions,Queensland,QLD,quarter,2022,Q1,Q1 2022,False,5602.0,Tourism Research Australia: Domestic Tourism Statistics,domestic_tourism_overnight_backcast_2019_2024.xlsx,Table 3,"Backcast Overnight Spend ($M), Australia and States"
Overnight,All overnight,Spend,AUD millions,Queensland,QLD,quarter,2022,Q2,Q2 2022,False,6600.0,Tourism Research Australia: Domestic Tourism Statistics,domestic_tourism_overnight_backcast_2019_2024.xlsx,Table 3,"Backcast Overnight Spend ($M), Australia and States"
Overnight,All overnight,Spend,AUD millions,Queensland,QLD,quarter,2022,Q3,Q3 2022,False,6877.0,Tourism Research Australia: Domestic Tourism Statistics,domestic_tourism_overnight_backcast_2019_2024.xlsx,Table 3,"Backcast Overnight Spend ($M), Australia and States"
Overnight,All overnight,Spend,AUD millions,Queensland,QLD,quarter,2022,Q4,Q4 2022,True,7351.0,Tourism Research Australia: Domestic Tourism Statistics,domestic_tourism_overnight_backcast_2019_2024.xlsx,Table 3,"Backcast Overnight Spend ($M), Australia and States"
Overnight,All overnight,Spend,AUD millions,Queensland,QLD,quarter,2023,Q1,Q1 2023,False,7293.0,Tourism Research Australia: Domestic Tourism Statistics,domestic_tourism_overnight_backcast_2019_2024.xlsx,Table 3,"Backcast Overnight Spend ($M), Australia and States"
Overnight,All overnight,Spend,AUD millions,Queensland,QLD,quarter,2023,Q2,Q2 2023,False,6535.0,Tourism Research Australia: Domestic Tourism Statistics,domestic_tourism_overnight_backcast_2019_2024.xlsx,Table 3,"Backcast Overnight Spend ($M), Australia and States"
Overnight,All overnight,Spend,AUD millions,Queensland,QLD,quarter,2023,Q3,Q3 2023,False,7200.0,Tourism Research Australia: Domestic Tourism Statistics,domestic_tourism_overnight_backcast_2019_2024.xlsx,Table 3,"Backcast Overnight Spend ($M), Australia and States"
Overnight,All overnight,Spend,AUD millions,Queensland,QLD,quarter,2023,Q4,Q4 2023,True,7047.0,Tourism Research Australia: Domestic Tourism Statistics,domestic_tourism_overnight_backcast_2019_2024.xlsx,Table 3,"Backcast Overnight Spend ($M), Australia and States"
Overnight,All overnight,Spend,AUD millions,Queensland,QLD,quarter,2024,Q1,Q1 2024,False,7220.0,Tourism Research Australia: Domestic Tourism Statistics,domestic_tourism_overnight_backcast_2019_2024.xlsx,Table 3,"Backcast Overnight Spend ($M), Australia and States"
Overnight,All overnight,Spend,AUD millions,Queensland,QLD,quarter,2024,Q2,Q2 2024,False,6405.0,Tourism Research Australia: Domestic Tourism Statistics,domestic_tourism_overnight_backcast_2019_2024.xlsx,Table 3,"Backcast Overnight Spend ($M), Australia and States"
Overnight,All overnight,Spend,AUD millions,Queensland,QLD,quarter,2024,Q3,Q3 2024,False,7519.0,Tourism Research Australia: Domestic Tourism Statistics,domestic_tourism_overnight_backcast_2019_2024.xlsx,Table 3,"Backcast Overnight Spend ($M), Australia and States"
Overnight,All overnight,Spend,AUD millions,Queensland,QLD,quarter,2024,Q4,Q4 2024,True,6917.0,Tourism Research Australia: Domestic Tourism Statistics,domestic_tourism_overnight_backcast_2019_2024.xlsx,Table 3,"Backcast Overnight Spend ($M), Australia and States"
Overnight,All overnight,Spend,AUD millions,South Australia,SA,quarter,2019,Q1,Q1 2019,False,1250.0,Tourism Research Australia: Domestic Tourism Statistics,domestic_tourism_overnight_backcast_2019_2024.xlsx,Table 3,"Backcast Overnight Spend ($M), Australia and States"
Overnight,All overnight,Spend,AUD millions,South Australia,SA,quarter,2019,Q2,Q2 2019,False,916.0,Tourism Research Australia: Domestic Tourism Statistics,domestic_tourism_overnight_backcast_2019_2024.xlsx,Table 3,"Backcast Overnight Spend ($M), Australia and States"
Overnight,All overnight,Spend,AUD millions,South Australia,SA,quarter,2019,Q3,Q3 2019,False,873.0,Tourism Research Australia: Domestic Tourism Statistics,domestic_tourism_overnight_backcast_2019_2024.xlsx,Table 3,"Backcast Overnight Spend ($M), Australia and States"
Overnight,All overnight,Spend,AUD millions,South Australia,SA,quarter,2019,Q4,Q4 2019,True,1164.0,Tourism Research Australia: Domestic Tourism Statistics,domestic_tourism_overnight_backcast_2019_2024.xlsx,Table 3,"Backcast Overnight Spend ($M), Australia and States"
Overnight,All overnight,Spend,AUD millions,South Australia,SA,quarter,2020,Q1,Q1 2020,False,1260.0,Tourism Research Australia: Domestic Tourism Statistics,domestic_tourism_overnight_backcast_2019_2024.xlsx,Table 3,"Backcast Overnight Spend ($M), Australia and States"
Overnight,All overnight,Spend,AUD millions,South Australia,SA,quarter,2020,Q2,Q2 2020,False,304.0,Tourism Research Australia: Domestic Tourism Statistics,domestic_tourism_overnight_backcast_2019_2024.xlsx,Table 3,"Backcast Overnight Spend ($M), Australia and States"
Overnight,All overnight,Spend,AUD millions,South Australia,SA,quarter,2020,Q3,Q3 2020,False,547.0,Tourism Research Australia: Domestic Tourism Statistics,domestic_tourism_overnight_backcast_2019_2024.xlsx,Table 3,"Backcast Overnight Spend ($M), Australia and States"
Overnight,All overnight,Spend,AUD millions,South Australia,SA,quarter,2020,Q4,Q4 2020,True,886.0,Tourism Research Australia: Domestic Tourism Statistics,domestic_tourism_overnight_backcast_2019_2024.xlsx,Table 3,"Backcast Overnight Spend ($M), Australia and States"
Overnight,All overnight,Spend,AUD millions,South Australia,SA,quarter,2021,Q1,Q1 2021,False,1259.0,Tourism Research Australia: Domestic Tourism Statistics,domestic_tourism_overnight_backcast_2019_2024.xlsx,Table 3,"Backcast Overnight Spend ($M), Australia and States"
Overnight,All overnight,Spend,AUD millions,South Australia,SA,quarter,2021,Q2,Q2 2021,False,1466.0,Tourism Research Australia: Domestic Tourism Statistics,domestic_tourism_overnight_backcast_2019_2024.xlsx,Table 3,"Backcast Overnight Spend ($M), Australia and States"
Overnight,All overnight,Spend,AUD millions,South Australia,SA,quarter,2021,Q3,Q3 2021,False,806.0,Tourism Research Australia: Domestic Tourism Statistics,domestic_tourism_overnight_backcast_2019_2024.xlsx,Table 3,"Backcast Overnight Spend ($M), Australia and States"
Overnight,All overnight,Spend,AUD millions,South Australia,SA,quarter,2021,Q4,Q4 2021,True,1162.0,Tourism Research Australia: Domestic Tourism Statistics,domestic_tourism_overnight_backcast_2019_2024.xlsx,Table 3,"Backcast Overnight Spend ($M), Australia and States"
Overnight,All overnight,Spend,AUD millions,South Australia,SA,quarter,2022,Q1,Q1 2022,False,1349.0,Tourism Research Australia: Domestic Tourism Statistics,domestic_tourism_overnight_backcast_2019_2024.xlsx,Table 3,"Backcast Overnight Spend ($M), Australia and States"
Overnight,All overnight,Spend,AUD millions,South Australia,SA,quarter,2022,Q2,Q2 2022,False,1486.0,Tourism Research Australia: Domestic Tourism Statistics,domestic_tourism_overnight_backcast_2019_2024.xlsx,Table 3,"Backcast Overnight Spend ($M), Australia and States"
Overnight,All overnight,Spend,AUD millions,South Australia,SA,quarter,2022,Q3,Q3 2022,False,1400.0,Tourism Research Australia: Domestic Tourism Statistics,domestic_tourism_overnight_backcast_2019_2024.xlsx,Table 3,"Backcast Overnight Spend ($M), Australia and States"
Overnight,All overnight,Spend,AUD millions,South Australia,SA,quarter,2022,Q4,Q4 2022,True,1759.0,Tourism Research Australia: Domestic Tourism Statistics,domestic_tourism_overnight_backcast_2019_2024.xlsx,Table 3,"Backcast Overnight Spend ($M), Australia and States"
Overnight,All overnight,Spend,AUD millions,South Australia,SA,quarter,2023,Q1,Q1 2023,False,1732.0,Tourism Research Australia: Domestic Tourism Statistics,domestic_tourism_overnight_backcast_2019_2024.xlsx,Table 3,"Backcast Overnight Spend ($M), Australia and States"
Overnight,All overnight,Spend,AUD millions,South Australia,SA,quarter,2023,Q2,Q2 2023,False,1676.0,Tourism Research Australia: Domestic Tourism Statistics,domestic_tourism_overnight_backcast_2019_2024.xlsx,Table 3,"Backcast Overnight Spend ($M), Australia and States"
Overnight,All overnight,Spend,AUD millions,South Australia,SA,quarter,2023,Q3,Q3 2023,False,1430.0,Tourism Research Australia: Domestic Tourism Statistics,domestic_tourism_overnight_backcast_2019_2024.xlsx,Table 3,"Backcast Overnight Spend ($M), Australia and States"
Overnight,All overnight,Spend,AUD millions,South Australia,SA,quarter,2023,Q4,Q4 2023,True,1743.0,Tourism Research Australia: Domestic Tourism Statistics,domestic_tourism_overnight_backcast_2019_2024.xlsx,Table 3,"Backcast Overnight Spend ($M), Australia and States"
Overnight,All overnight,Spend,AUD millions,South Australia,SA,quarter,2024,Q1,Q1 2024,False,2078.0,Tourism Research Australia: Domestic Tourism Statistics,domestic_tourism_overnight_backcast_2019_2024.xlsx,Table 3,"Backcast Overnight Spend ($M), Australia and States"
Overnight,All overnight,Spend,AUD millions,South Australia,SA,quarter,2024,Q2,Q2 2024,False,1532.0,Tourism Research Australia: Domestic Tourism Statistics,domestic_tourism_overnight_backcast_2019_2024.xlsx,Table 3,"Backcast Overnight Spend ($M), Australia and States"
Overnight,All overnight,Spend,AUD millions,South Australia,SA,quarter,2024,Q3,Q3 2024,False,1532.0,Tourism Research Australia: Domestic Tourism Statistics,domestic_tourism_overnight_backcast_2019_2024.xlsx,Table 3,"Backcast Overnight Spend ($M), Australia and States"
Overnight,All overnight,Spend,AUD millions,South Australia,SA,quarter,2024,Q4,Q4 2024,True,1639.0,Tourism Research Australia: Domestic Tourism Statistics,domestic_tourism_overnight_backcast_2019_2024.xlsx,Table 3,"Backcast Overnight Spend ($M), Australia and States"
Overnight,All overnight,Spend,AUD millions,Western Australia,WA,quarter,2019,Q1,Q1 2019,False,1945.0,Tourism Research Australia: Domestic Tourism Statistics,domestic_tourism_overnight_backcast_2019_2024.xlsx,Table 3,"Backcast Overnight Spend ($M), Australia and States"
Overnight,All overnight,Spend,AUD millions,Western Australia,WA,quarter,2019,Q2,Q2 2019,False,1706.0,Tourism Research Australia: Domestic Tourism Statistics,domestic_tourism_overnight_backcast_2019_2024.xlsx,Table 3,"Backcast Overnight Spend ($M), Australia and States"
Overnight,All overnight,Spend,AUD millions,Western Australia,WA,quarter,2019,Q3,Q3 2019,False,1775.0,Tourism Research Australia: Domestic Tourism Statistics,domestic_tourism_overnight_backcast_2019_2024.xlsx,Table 3,"Backcast Overnight Spend ($M), Australia and States"
Overnight,All overnight,Spend,AUD millions,Western Australia,WA,quarter,2019,Q4,Q4 2019,True,1842.0,Tourism Research Australia: Domestic Tourism Statistics,domestic_tourism_overnight_backcast_2019_2024.xlsx,Table 3,"Backcast Overnight Spend ($M), Australia and States"
Overnight,All overnight,Spend,AUD millions,Western Australia,WA,quarter,2020,Q1,Q1 2020,False,2252.0,Tourism Research Australia: Domestic Tourism Statistics,domestic_tourism_overnight_backcast_2019_2024.xlsx,Table 3,"Backcast Overnight Spend ($M), Australia and States"
Overnight,All overnight,Spend,AUD millions,Western Australia,WA,quarter,2020,Q2,Q2 2020,False,515.0,Tourism Research Australia: Domestic Tourism Statistics,domestic_tourism_overnight_backcast_2019_2024.xlsx,Table 3,"Backcast Overnight Spend ($M), Australia and States"
Overnight,All overnight,Spend,AUD millions,Western Australia,WA,quarter,2020,Q3,Q3 2020,False,1716.0,Tourism Research Australia: Domestic Tourism Statistics,domestic_tourism_overnight_backcast_2019_2024.xlsx,Table 3,"Backcast Overnight Spend ($M), Australia and States"
Overnight,All overnight,Spend,AUD millions,Western Australia,WA,quarter,2020,Q4,Q4 2020,True,1922.0,Tourism Research Australia: Domestic Tourism Statistics,domestic_tourism_overnight_backcast_2019_2024.xlsx,Table 3,"Backcast Overnight Spend ($M), Australia and States"
Overnight,All overnight,Spend,AUD millions,Western Australia,WA,quarter,2021,Q1,Q1 2021,False,2110.0,Tourism Research Australia: Domestic Tourism Statistics,domestic_tourism_overnight_backcast_2019_2024.xlsx,Table 3,"Backcast Overnight Spend ($M), Australia and States"
Overnight,All overnight,Spend,AUD millions,Western Australia,WA,quarter,2021,Q2,Q2 2021,False,2131.0,Tourism Research Australia: Domestic Tourism Statistics,domestic_tourism_overnight_backcast_2019_2024.xlsx,Table 3,"Backcast Overnight Spend ($M), Australia and States"
Overnight,All overnight,Spend,AUD millions,Western Australia,WA,quarter,2021,Q3,Q3 2021,False,2194.0,Tourism Research Australia: Domestic Tourism Statistics,domestic_tourism_overnight_backcast_2019_2024.xlsx,Table 3,"Backcast Overnight Spend ($M), Australia and States"
Overnight,All overnight,Spend,AUD millions,Western Australia,WA,quarter,2021,Q4,Q4 2021,True,2634.0,Tourism Research Australia: Domestic Tourism Statistics,domestic_tourism_overnight_backcast_2019_2024.xlsx,Table 3,"Backcast Overnight Spend ($M), Australia and States"
Overnight,All overnight,Spend,AUD millions,Western Australia,WA,quarter,2022,Q1,Q1 2022,False,2269.0,Tourism Research Australia: Domestic Tourism Statistics,domestic_tourism_overnight_backcast_2019_2024.xlsx,Table 3,"Backcast Overnight Spend ($M), Australia and States"
Overnight,All overnight,Spend,AUD millions,Western Australia,WA,quarter,2022,Q2,Q2 2022,False,2761.0,Tourism Research Australia: Domestic Tourism Statistics,domestic_tourism_overnight_backcast_2019_2024.xlsx,Table 3,"Backcast Overnight Spend ($M), Australia and States"
Overnight,All overnight,Spend,AUD millions,Western Australia,WA,quarter,2022,Q3,Q3 2022,False,2715.0,Tourism Research Australia: Domestic Tourism Statistics,domestic_tourism_overnight_backcast_2019_2024.xlsx,Table 3,"Backcast Overnight Spend ($M), Australia and States"
Overnight,All overnight,Spend,AUD millions,Western Australia,WA,quarter,2022,Q4,Q4 2022,True,3400.0,Tourism Research Australia: Domestic Tourism Statistics,domestic_tourism_overnight_backcast_2019_2024.xlsx,Table 3,"Backcast Overnight Spend ($M), Australia and States"
Overnight,All overnight,Spend,AUD millions,Western Australia,WA,quarter,2023,Q1,Q1 2023,False,2679.0,Tourism Research Australia: Domestic Tourism Statistics,domestic_tourism_overnight_backcast_2019_2024.xlsx,Table 3,"Backcast Overnight Spend ($M), Australia and States"
Overnight,All overnight,Spend,AUD millions,Western Australia,WA,quarter,2023,Q2,Q2 2023,False,2844.0,Tourism Research Australia: Domestic Tourism Statistics,domestic_tourism_overnight_backcast_2019_2024.xlsx,Table 3,"Backcast Overnight Spend ($M), Australia and States"
Overnight,All overnight,Spend,AUD millions,Western Australia,WA,quarter,2023,Q3,Q3 2023,False,3016.0,Tourism Research Australia: Domestic Tourism Statistics,domestic_tourism_overnight_backcast_2019_2024.xlsx,Table 3,"Backcast Overnight Spend ($M), Australia and States"
Overnight,All overnight,Spend,AUD millions,Western Australia,WA,quarter,2023,Q4,Q4 2023,True,3620.0,Tourism Research Australia: Domestic Tourism Statistics,domestic_tourism_overnight_backcast_2019_2024.xlsx,Table 3,"Backcast Overnight Spend ($M), Australia and States"
Overnight,All overnight,Spend,AUD millions,Western Australia,WA,quarter,2024,Q1,Q1 2024,False,2732.0,Tourism Research Australia: Domestic Tourism Statistics,domestic_tourism_overnight_backcast_2019_2024.xlsx,Table 3,"Backcast Overnight Spend ($M), Australia and States"
Overnight,All overnight,Spend,AUD millions,Western Australia,WA,quarter,2024,Q2,Q2 2024,False,3185.0,Tourism Research Australia: Domestic Tourism Statistics,domestic_tourism_overnight_backcast_2019_2024.xlsx,Table 3,"Backcast Overnight Spend ($M), Australia and States"
Overnight,All overnight,Spend,AUD millions,Western Australia,WA,quarter,2024,Q3,Q3 2024,False,2496.0,Tourism Research Australia: Domestic Tourism Statistics,domestic_tourism_overnight_backcast_2019_2024.xlsx,Table 3,"Backcast Overnight Spend ($M), Australia and States"
Overnight,All overnight,Spend,AUD millions,Western Australia,WA,quarter,2024,Q4,Q4 2024,True,3144.0,Tourism Research Australia: Domestic Tourism Statistics,domestic_tourism_overnight_backcast_2019_2024.xlsx,Table 3,"Backcast Overnight Spend ($M), Australia and States"
Overnight,All overnight,Spend,AUD millions,Tasmania,TAS,quarter,2019,Q1,Q1 2019,False,605.0,Tourism Research Australia: Domestic Tourism Statistics,domestic_tourism_overnight_backcast_2019_2024.xlsx,Table 3,"Backcast Overnight Spend ($M), Australia and States"
Overnight,All overnight,Spend,AUD millions,Tasmania,TAS,quarter,2019,Q2,Q2 2019,False,446.0,Tourism Research Australia: Domestic Tourism Statistics,domestic_tourism_overnight_backcast_2019_2024.xlsx,Table 3,"Backcast Overnight Spend ($M), Australia and States"
Overnight,All overnight,Spend,AUD millions,Tasmania,TAS,quarter,2019,Q3,Q3 2019,False,403.0,Tourism Research Australia: Domestic Tourism Statistics,domestic_tourism_overnight_backcast_2019_2024.xlsx,Table 3,"Backcast Overnight Spend ($M), Australia and States"
Overnight,All overnight,Spend,AUD millions,Tasmania,TAS,quarter,2019,Q4,Q4 2019,True,597.0,Tourism Research Australia: Domestic Tourism Statistics,domestic_tourism_overnight_backcast_2019_2024.xlsx,Table 3,"Backcast Overnight Spend ($M), Australia and States"
Overnight,All overnight,Spend,AUD millions,Tasmania,TAS,quarter,2020,Q1,Q1 2020,False,628.0,Tourism Research Australia: Domestic Tourism Statistics,domestic_tourism_overnight_backcast_2019_2024.xlsx,Table 3,"Backcast Overnight Spend ($M), Australia and States"
Overnight,All overnight,Spend,AUD millions,Tasmania,TAS,quarter,2020,Q2,Q2 2020,False,47.0,Tourism Research Australia: Domestic Tourism Statistics,domestic_tourism_overnight_backcast_2019_2024.xlsx,Table 3,"Backcast Overnight Spend ($M), Australia and States"
Overnight,All overnight,Spend,AUD millions,Tasmania,TAS,quarter,2020,Q3,Q3 2020,False,164.0,Tourism Research Australia: Domestic Tourism Statistics,domestic_tourism_overnight_backcast_2019_2024.xlsx,Table 3,"Backcast Overnight Spend ($M), Australia and States"
Overnight,All overnight,Spend,AUD millions,Tasmania,TAS,quarter,2020,Q4,Q4 2020,True,339.0,Tourism Research Australia: Domestic Tourism Statistics,domestic_tourism_overnight_backcast_2019_2024.xlsx,Table 3,"Backcast Overnight Spend ($M), Australia and States"
Overnight,All overnight,Spend,AUD millions,Tasmania,TAS,quarter,2021,Q1,Q1 2021,False,611.0,Tourism Research Australia: Domestic Tourism Statistics,domestic_tourism_overnight_backcast_2019_2024.xlsx,Table 3,"Backcast Overnight Spend ($M), Australia and States"
Overnight,All overnight,Spend,AUD millions,Tasmania,TAS,quarter,2021,Q2,Q2 2021,False,663.0,Tourism Research Australia: Domestic Tourism Statistics,domestic_tourism_overnight_backcast_2019_2024.xlsx,Table 3,"Backcast Overnight Spend ($M), Australia and States"
Overnight,All overnight,Spend,AUD millions,Tasmania,TAS,quarter,2021,Q3,Q3 2021,False,443.0,Tourism Research Australia: Domestic Tourism Statistics,domestic_tourism_overnight_backcast_2019_2024.xlsx,Table 3,"Backcast Overnight Spend ($M), Australia and States"
Overnight,All overnight,Spend,AUD millions,Tasmania,TAS,quarter,2021,Q4,Q4 2021,True,390.0,Tourism Research Australia: Domestic Tourism Statistics,domestic_tourism_overnight_backcast_2019_2024.xlsx,Table 3,"Backcast Overnight Spend ($M), Australia and States"
Overnight,All overnight,Spend,AUD millions,Tasmania,TAS,quarter,2022,Q1,Q1 2022,False,836.0,Tourism Research Australia: Domestic Tourism Statistics,domestic_tourism_overnight_backcast_2019_2024.xlsx,Table 3,"Backcast Overnight Spend ($M), Australia and States"
Overnight,All overnight,Spend,AUD millions,Tasmania,TAS,quarter,2022,Q2,Q2 2022,False,834.0,Tourism Research Australia: Domestic Tourism Statistics,domestic_tourism_overnight_backcast_2019_2024.xlsx,Table 3,"Backcast Overnight Spend ($M), Australia and States"
Overnight,All overnight,Spend,AUD millions,Tasmania,TAS,quarter,2022,Q3,Q3 2022,False,596.0,Tourism Research Australia: Domestic Tourism Statistics,domestic_tourism_overnight_backcast_2019_2024.xlsx,Table 3,"Backcast Overnight Spend ($M), Australia and States"
Overnight,All overnight,Spend,AUD millions,Tasmania,TAS,quarter,2022,Q4,Q4 2022,True,750.0,Tourism Research Australia: Domestic Tourism Statistics,domestic_tourism_overnight_backcast_2019_2024.xlsx,Table 3,"Backcast Overnight Spend ($M), Australia and States"
Overnight,All overnight,Spend,AUD millions,Tasmania,TAS,quarter,2023,Q1,Q1 2023,False,986.0,Tourism Research Australia: Domestic Tourism Statistics,domestic_tourism_overnight_backcast_2019_2024.xlsx,Table 3,"Backcast Overnight Spend ($M), Australia and States"
Overnight,All overnight,Spend,AUD millions,Tasmania,TAS,quarter,2023,Q2,Q2 2023,False,647.0,Tourism Research Australia: Domestic Tourism Statistics,domestic_tourism_overnight_backcast_2019_2024.xlsx,Table 3,"Backcast Overnight Spend ($M), Australia and States"
Overnight,All overnight,Spend,AUD millions,Tasmania,TAS,quarter,2023,Q3,Q3 2023,False,749.0,Tourism Research Australia: Domestic Tourism Statistics,domestic_tourism_overnight_backcast_2019_2024.xlsx,Table 3,"Backcast Overnight Spend ($M), Australia and States"
Overnight,All overnight,Spend,AUD millions,Tasmania,TAS,quarter,2023,Q4,Q4 2023,True,856.0,Tourism Research Australia: Domestic Tourism Statistics,domestic_tourism_overnight_backcast_2019_2024.xlsx,Table 3,"Backcast Overnight Spend ($M), Australia and States"
Overnight,All overnight,Spend,AUD millions,Tasmania,TAS,quarter,2024,Q1,Q1 2024,False,989.0,Tourism Research Australia: Domestic Tourism Statistics,domestic_tourism_overnight_backcast_2019_2024.xlsx,Table 3,"Backcast Overnight Spend ($M), Australia and States"
Overnight,All overnight,Spend,AUD millions,Tasmania,TAS,quarter,2024,Q2,Q2 2024,False,690.0,Tourism Research Australia: Domestic Tourism Statistics,domestic_tourism_overnight_backcast_2019_2024.xlsx,Table 3,"Backcast Overnight Spend ($M), Australia and States"
Overnight,All overnight,Spend,AUD millions,Tasmania,TAS,quarter,2024,Q3,Q3 2024,False,645.0,Tourism Research Australia: Domestic Tourism Statistics,domestic_tourism_overnight_backcast_2019_2024.xlsx,Table 3,"Backcast Overnight Spend ($M), Australia and States"
Overnight,All overnight,Spend,AUD millions,Tasmania,TAS,quarter,2024,Q4,Q4 2024,True,855.0,Tourism Research Australia: Domestic Tourism Statistics,domestic_tourism_overnight_backcast_2019_2024.xlsx,Table 3,"Backcast Overnight Spend ($M), Australia and States"
Overnight,All overnight,Spend,AUD millions,Northern Territory,NT,quarter,2019,Q1,Q1 2019,False,101.0,Tourism Research Australia: Domestic Tourism Statistics,domestic_tourism_overnight_backcast_2019_2024.xlsx,Table 3,"Backcast Overnight Spend ($M), Australia and States"
Overnight,All overnight,Spend,AUD millions,Northern Territory,NT,quarter,2019,Q2,Q2 2019,False,234.0,Tourism Research Australia: Domestic Tourism Statistics,domestic_tourism_overnight_backcast_2019_2024.xlsx,Table 3,"Backcast Overnight Spend ($M), Australia and States"
Overnight,All overnight,Spend,AUD millions,Northern Territory,NT,quarter,2019,Q3,Q3 2019,False,244.0,Tourism Research Australia: Domestic Tourism Statistics,domestic_tourism_overnight_backcast_2019_2024.xlsx,Table 3,"Backcast Overnight Spend ($M), Australia and States"
Overnight,All overnight,Spend,AUD millions,Northern Territory,NT,quarter,2019,Q4,Q4 2019,True,151.0,Tourism Research Australia: Domestic Tourism Statistics,domestic_tourism_overnight_backcast_2019_2024.xlsx,Table 3,"Backcast Overnight Spend ($M), Australia and States"
Overnight,All overnight,Spend,AUD millions,Northern Territory,NT,quarter,2020,Q1,Q1 2020,False,112.0,Tourism Research Australia: Domestic Tourism Statistics,domestic_tourism_overnight_backcast_2019_2024.xlsx,Table 3,"Backcast Overnight Spend ($M), Australia and States"
Overnight,All overnight,Spend,AUD millions,Northern Territory,NT,quarter,2020,Q2,Q2 2020,False,32.0,Tourism Research Australia: Domestic Tourism Statistics,domestic_tourism_overnight_backcast_2019_2024.xlsx,Table 3,"Backcast Overnight Spend ($M), Australia and States"
Overnight,All overnight,Spend,AUD millions,Northern Territory,NT,quarter,2020,Q3,Q3 2020,False,77.0,Tourism Research Australia: Domestic Tourism Statistics,domestic_tourism_overnight_backcast_2019_2024.xlsx,Table 3,"Backcast Overnight Spend ($M), Australia and States"
Overnight,All overnight,Spend,AUD millions,Northern Territory,NT,quarter,2020,Q4,Q4 2020,True,127.0,Tourism Research Australia: Domestic Tourism Statistics,domestic_tourism_overnight_backcast_2019_2024.xlsx,Table 3,"Backcast Overnight Spend ($M), Australia and States"
Overnight,All overnight,Spend,AUD millions,Northern Territory,NT,quarter,2021,Q1,Q1 2021,False,155.0,Tourism Research Australia: Domestic Tourism Statistics,domestic_tourism_overnight_backcast_2019_2024.xlsx,Table 3,"Backcast Overnight Spend ($M), Australia and States"
Overnight,All overnight,Spend,AUD millions,Northern Territory,NT,quarter,2021,Q2,Q2 2021,False,262.0,Tourism Research Australia: Domestic Tourism Statistics,domestic_tourism_overnight_backcast_2019_2024.xlsx,Table 3,"Backcast Overnight Spend ($M), Australia and States"
Overnight,All overnight,Spend,AUD millions,Northern Territory,NT,quarter,2021,Q3,Q3 2021,False,226.0,Tourism Research Australia: Domestic Tourism Statistics,domestic_tourism_overnight_backcast_2019_2024.xlsx,Table 3,"Backcast Overnight Spend ($M), Australia and States"
Overnight,All overnight,Spend,AUD millions,Northern Territory,NT,quarter,2021,Q4,Q4 2021,True,106.0,Tourism Research Australia: Domestic Tourism Statistics,domestic_tourism_overnight_backcast_2019_2024.xlsx,Table 3,"Backcast Overnight Spend ($M), Australia and States"
Overnight,All overnight,Spend,AUD millions,Northern Territory,NT,quarter,2022,Q1,Q1 2022,False,132.0,Tourism Research Australia: Domestic Tourism Statistics,domestic_tourism_overnight_backcast_2019_2024.xlsx,Table 3,"Backcast Overnight Spend ($M), Australia and States"
Overnight,All overnight,Spend,AUD millions,Northern Territory,NT,quarter,2022,Q2,Q2 2022,False,321.0,Tourism Research Australia: Domestic Tourism Statistics,domestic_tourism_overnight_backcast_2019_2024.xlsx,Table 3,"Backcast Overnight Spend ($M), Australia and States"
Overnight,All overnight,Spend,AUD millions,Northern Territory,NT,quarter,2022,Q3,Q3 2022,False,453.0,Tourism Research Australia: Domestic Tourism Statistics,domestic_tourism_overnight_backcast_2019_2024.xlsx,Table 3,"Backcast Overnight Spend ($M), Australia and States"
Overnight,All overnight,Spend,AUD millions,Northern Territory,NT,quarter,2022,Q4,Q4 2022,True,247.0,Tourism Research Australia: Domestic Tourism Statistics,domestic_tourism_overnight_backcast_2019_2024.xlsx,Table 3,"Backcast Overnight Spend ($M), Australia and States"
Overnight,All overnight,Spend,AUD millions,Northern Territory,NT,quarter,2023,Q1,Q1 2023,False,111.0,Tourism Research Australia: Domestic Tourism Statistics,domestic_tourism_overnight_backcast_2019_2024.xlsx,Table 3,"Backcast Overnight Spend ($M), Australia and States"
Overnight,All overnight,Spend,AUD millions,Northern Territory,NT,quarter,2023,Q2,Q2 2023,False,333.0,Tourism Research Australia: Domestic Tourism Statistics,domestic_tourism_overnight_backcast_2019_2024.xlsx,Table 3,"Backcast Overnight Spend ($M), Australia and States"
Overnight,All overnight,Spend,AUD millions,Northern Territory,NT,quarter,2023,Q3,Q3 2023,False,469.0,Tourism Research Australia: Domestic Tourism Statistics,domestic_tourism_overnight_backcast_2019_2024.xlsx,Table 3,"Backcast Overnight Spend ($M), Australia and States"
Overnight,All overnight,Spend,AUD millions,Northern Territory,NT,quarter,2023,Q4,Q4 2023,True,264.0,Tourism Research Australia: Domestic Tourism Statistics,domestic_tourism_overnight_backcast_2019_2024.xlsx,Table 3,"Backcast Overnight Spend ($M), Australia and States"
Overnight,All overnight,Spend,AUD millions,Northern Territory,NT,quarter,2024,Q1,Q1 2024,False,245.0,Tourism Research Australia: Domestic Tourism Statistics,domestic_tourism_overnight_backcast_2019_2024.xlsx,Table 3,"Backcast Overnight Spend ($M), Australia and States"
Overnight,All overnight,Spend,AUD millions,Northern Territory,NT,quarter,2024,Q2,Q2 2024,False,251.0,Tourism Research Australia: Domestic Tourism Statistics,domestic_tourism_overnight_backcast_2019_2024.xlsx,Table 3,"Backcast Overnight Spend ($M), Australia and States"
Overnight,All overnight,Spend,AUD millions,Northern Territory,NT,quarter,2024,Q3,Q3 2024,False,419.0,Tourism Research Australia: Domestic Tourism Statistics,domestic_tourism_overnight_backcast_2019_2024.xlsx,Table 3,"Backcast Overnight Spend ($M), Australia and States"
Overnight,All overnight,Spend,AUD millions,Northern Territory,NT,quarter,2024,Q4,Q4 2024,True,287.0,Tourism Research Australia: Domestic Tourism Statistics,domestic_tourism_overnight_backcast_2019_2024.xlsx,Table 3,"Backcast Overnight Spend ($M), Australia and States"
Overnight,All overnight,Spend,AUD millions,ACT,ACT,quarter,2019,Q1,Q1 2019,False,404.0,Tourism Research Australia: Domestic Tourism Statistics,domestic_tourism_overnight_backcast_2019_2024.xlsx,Table 3,"Backcast Overnight Spend ($M), Australia and States"
Overnight,All overnight,Spend,AUD millions,ACT,ACT,quarter,2019,Q2,Q2 2019,False,375.0,Tourism Research Australia: Domestic Tourism Statistics,domestic_tourism_overnight_backcast_2019_2024.xlsx,Table 3,"Backcast Overnight Spend ($M), Australia and States"
Overnight,All overnight,Spend,AUD millions,ACT,ACT,quarter,2019,Q3,Q3 2019,False,447.0,Tourism Research Australia: Domestic Tourism Statistics,domestic_tourism_overnight_backcast_2019_2024.xlsx,Table 3,"Backcast Overnight Spend ($M), Australia and States"
Overnight,All overnight,Spend,AUD millions,ACT,ACT,quarter,2019,Q4,Q4 2019,True,238.0,Tourism Research Australia: Domestic Tourism Statistics,domestic_tourism_overnight_backcast_2019_2024.xlsx,Table 3,"Backcast Overnight Spend ($M), Australia and States"
Overnight,All overnight,Spend,AUD millions,ACT,ACT,quarter,2020,Q1,Q1 2020,False,344.0,Tourism Research Australia: Domestic Tourism Statistics,domestic_tourism_overnight_backcast_2019_2024.xlsx,Table 3,"Backcast Overnight Spend ($M), Australia and States"
Overnight,All overnight,Spend,AUD millions,ACT,ACT,quarter,2020,Q2,Q2 2020,False,78.0,Tourism Research Australia: Domestic Tourism Statistics,domestic_tourism_overnight_backcast_2019_2024.xlsx,Table 3,"Backcast Overnight Spend ($M), Australia and States"
Overnight,All overnight,Spend,AUD millions,ACT,ACT,quarter,2020,Q3,Q3 2020,False,280.0,Tourism Research Australia: Domestic Tourism Statistics,domestic_tourism_overnight_backcast_2019_2024.xlsx,Table 3,"Backcast Overnight Spend ($M), Australia and States"
Overnight,All overnight,Spend,AUD millions,ACT,ACT,quarter,2020,Q4,Q4 2020,True,278.0,Tourism Research Australia: Domestic Tourism Statistics,domestic_tourism_overnight_backcast_2019_2024.xlsx,Table 3,"Backcast Overnight Spend ($M), Australia and States"
Overnight,All overnight,Spend,AUD millions,ACT,ACT,quarter,2021,Q1,Q1 2021,False,300.0,Tourism Research Australia: Domestic Tourism Statistics,domestic_tourism_overnight_backcast_2019_2024.xlsx,Table 3,"Backcast Overnight Spend ($M), Australia and States"
Overnight,All overnight,Spend,AUD millions,ACT,ACT,quarter,2021,Q2,Q2 2021,False,411.0,Tourism Research Australia: Domestic Tourism Statistics,domestic_tourism_overnight_backcast_2019_2024.xlsx,Table 3,"Backcast Overnight Spend ($M), Australia and States"
Overnight,All overnight,Spend,AUD millions,ACT,ACT,quarter,2021,Q3,Q3 2021,False,74.0,Tourism Research Australia: Domestic Tourism Statistics,domestic_tourism_overnight_backcast_2019_2024.xlsx,Table 3,"Backcast Overnight Spend ($M), Australia and States"
Overnight,All overnight,Spend,AUD millions,ACT,ACT,quarter,2021,Q4,Q4 2021,True,126.0,Tourism Research Australia: Domestic Tourism Statistics,domestic_tourism_overnight_backcast_2019_2024.xlsx,Table 3,"Backcast Overnight Spend ($M), Australia and States"
Overnight,All overnight,Spend,AUD millions,ACT,ACT,quarter,2022,Q1,Q1 2022,False,363.0,Tourism Research Australia: Domestic Tourism Statistics,domestic_tourism_overnight_backcast_2019_2024.xlsx,Table 3,"Backcast Overnight Spend ($M), Australia and States"
Overnight,All overnight,Spend,AUD millions,ACT,ACT,quarter,2022,Q2,Q2 2022,False,526.0,Tourism Research Australia: Domestic Tourism Statistics,domestic_tourism_overnight_backcast_2019_2024.xlsx,Table 3,"Backcast Overnight Spend ($M), Australia and States"
Overnight,All overnight,Spend,AUD millions,ACT,ACT,quarter,2022,Q3,Q3 2022,False,482.0,Tourism Research Australia: Domestic Tourism Statistics,domestic_tourism_overnight_backcast_2019_2024.xlsx,Table 3,"Backcast Overnight Spend ($M), Australia and States"
Overnight,All overnight,Spend,AUD millions,ACT,ACT,quarter,2022,Q4,Q4 2022,True,493.0,Tourism Research Australia: Domestic Tourism Statistics,domestic_tourism_overnight_backcast_2019_2024.xlsx,Table 3,"Backcast Overnight Spend ($M), Australia and States"
Overnight,All overnight,Spend,AUD millions,ACT,ACT,quarter,2023,Q1,Q1 2023,False,492.0,Tourism Research Australia: Domestic Tourism Statistics,domestic_tourism_overnight_backcast_2019_2024.xlsx,Table 3,"Backcast Overnight Spend ($M), Australia and States"
Overnight,All overnight,Spend,AUD millions,ACT,ACT,quarter,2023,Q2,Q2 2023,False,479.0,Tourism Research Australia: Domestic Tourism Statistics,domestic_tourism_overnight_backcast_2019_2024.xlsx,Table 3,"Backcast Overnight Spend ($M), Australia and States"
Overnight,All overnight,Spend,AUD millions,ACT,ACT,quarter,2023,Q3,Q3 2023,False,441.0,Tourism Research Australia: Domestic Tourism Statistics,domestic_tourism_overnight_backcast_2019_2024.xlsx,Table 3,"Backcast Overnight Spend ($M), Australia and States"
Overnight,All overnight,Spend,AUD millions,ACT,ACT,quarter,2023,Q4,Q4 2023,True,478.0,Tourism Research Australia: Domestic Tourism Statistics,domestic_tourism_overnight_backcast_2019_2024.xlsx,Table 3,"Backcast Overnight Spend ($M), Australia and States"
Overnight,All overnight,Spend,AUD millions,ACT,ACT,quarter,2024,Q1,Q1 2024,False,658.0,Tourism Research Australia: Domestic Tourism Statistics,domestic_tourism_overnight_backcast_2019_2024.xlsx,Table 3,"Backcast Overnight Spend ($M), Australia and States"
Overnight,All overnight,Spend,AUD millions,ACT,ACT,quarter,2024,Q2,Q2 2024,False,656.0,Tourism Research Australia: Domestic Tourism Statistics,domestic_tourism_overnight_backcast_2019_2024.xlsx,Table 3,"Backcast Overnight Spend ($M), Australia and States"
Overnight,All overnight,Spend,AUD millions,ACT,ACT,quarter,2024,Q3,Q3 2024,False,646.0,Tourism Research Australia: Domestic Tourism Statistics,domestic_tourism_overnight_backcast_2019_2024.xlsx,Table 3,"Backcast Overnight Spend ($M), Australia and States"
Overnight,All overnight,Spend,AUD millions,ACT,ACT,quarter,2024,Q4,Q4 2024,True,529.0,Tourism Research Australia: Domestic Tourism Statistics,domestic_tourism_overnight_backcast_2019_2024.xlsx,Table 3,"Backcast Overnight Spend ($M), Australia and States"
Overnight,Interstate,Trips,000 trips,Australia,AUS,quarter,2019,Q1,Q1 2019,False,6718.419,Tourism Research Australia: Domestic Tourism Statistics,domestic_tourism_overnight_backcast_2019_2024.xlsx,Table 4,"Backcast Overnight Interstate Trips ('000), Australia and States"
Overnight,Interstate,Trips,000 trips,Australia,AUS,quarter,2019,Q2,Q2 2019,False,6240.466,Tourism Research Australia: Domestic Tourism Statistics,domestic_tourism_overnight_backcast_2019_2024.xlsx,Table 4,"Backcast Overnight Interstate Trips ('000), Australia and States"
Overnight,Interstate,Trips,000 trips,Australia,AUS,quarter,2019,Q3,Q3 2019,False,6685.003,Tourism Research Australia: Domestic Tourism Statistics,domestic_tourism_overnight_backcast_2019_2024.xlsx,Table 4,"Backcast Overnight Interstate Trips ('000), Australia and States"
Overnight,Interstate,Trips,000 trips,Australia,AUS,quarter,2019,Q4,Q4 2019,True,7061.386,Tourism Research Australia: Domestic Tourism Statistics,domestic_tourism_overnight_backcast_2019_2024.xlsx,Table 4,"Backcast Overnight Interstate Trips ('000), Australia and States"
Overnight,Interstate,Trips,000 trips,Australia,AUS,quarter,2020,Q1,Q1 2020,False,6309.409,Tourism Research Australia: Domestic Tourism Statistics,domestic_tourism_overnight_backcast_2019_2024.xlsx,Table 4,"Backcast Overnight Interstate Trips ('000), Australia and States"
Overnight,Interstate,Trips,000 trips,Australia,AUS,quarter,2020,Q2,Q2 2020,False,1251.383,Tourism Research Australia: Domestic Tourism Statistics,domestic_tourism_overnight_backcast_2019_2024.xlsx,Table 4,"Backcast Overnight Interstate Trips ('000), Australia and States"
Overnight,Interstate,Trips,000 trips,Australia,AUS,quarter,2020,Q3,Q3 2020,False,1603.836,Tourism Research Australia: Domestic Tourism Statistics,domestic_tourism_overnight_backcast_2019_2024.xlsx,Table 4,"Backcast Overnight Interstate Trips ('000), Australia and States"
Overnight,Interstate,Trips,000 trips,Australia,AUS,quarter,2020,Q4,Q4 2020,True,2889.372,Tourism Research Australia: Domestic Tourism Statistics,domestic_tourism_overnight_backcast_2019_2024.xlsx,Table 4,"Backcast Overnight Interstate Trips ('000), Australia and States"
Overnight,Interstate,Trips,000 trips,Australia,AUS,quarter,2021,Q1,Q1 2021,False,4188.622,Tourism Research Australia: Domestic Tourism Statistics,domestic_tourism_overnight_backcast_2019_2024.xlsx,Table 4,"Backcast Overnight Interstate Trips ('000), Australia and States"
Overnight,Interstate,Trips,000 trips,Australia,AUS,quarter,2021,Q2,Q2 2021,False,5296.072,Tourism Research Australia: Domestic Tourism Statistics,domestic_tourism_overnight_backcast_2019_2024.xlsx,Table 4,"Backcast Overnight Interstate Trips ('000), Australia and States"
Overnight,Interstate,Trips,000 trips,Australia,AUS,quarter,2021,Q3,Q3 2021,False,1243.817,Tourism Research Australia: Domestic Tourism Statistics,domestic_tourism_overnight_backcast_2019_2024.xlsx,Table 4,"Backcast Overnight Interstate Trips ('000), Australia and States"
Overnight,Interstate,Trips,000 trips,Australia,AUS,quarter,2021,Q4,Q4 2021,True,2575.962,Tourism Research Australia: Domestic Tourism Statistics,domestic_tourism_overnight_backcast_2019_2024.xlsx,Table 4,"Backcast Overnight Interstate Trips ('000), Australia and States"
Overnight,Interstate,Trips,000 trips,Australia,AUS,quarter,2022,Q1,Q1 2022,False,5488.31,Tourism Research Australia: Domestic Tourism Statistics,domestic_tourism_overnight_backcast_2019_2024.xlsx,Table 4,"Backcast Overnight Interstate Trips ('000), Australia and States"
Overnight,Interstate,Trips,000 trips,Australia,AUS,quarter,2022,Q2,Q2 2022,False,6649.044,Tourism Research Australia: Domestic Tourism Statistics,domestic_tourism_overnight_backcast_2019_2024.xlsx,Table 4,"Backcast Overnight Interstate Trips ('000), Australia and States"
Overnight,Interstate,Trips,000 trips,Australia,AUS,quarter,2022,Q3,Q3 2022,False,6717.85,Tourism Research Australia: Domestic Tourism Statistics,domestic_tourism_overnight_backcast_2019_2024.xlsx,Table 4,"Backcast Overnight Interstate Trips ('000), Australia and States"
Overnight,Interstate,Trips,000 trips,Australia,AUS,quarter,2022,Q4,Q4 2022,True,6952.514,Tourism Research Australia: Domestic Tourism Statistics,domestic_tourism_overnight_backcast_2019_2024.xlsx,Table 4,"Backcast Overnight Interstate Trips ('000), Australia and States"
Overnight,Interstate,Trips,000 trips,Australia,AUS,quarter,2023,Q1,Q1 2023,False,7038.705,Tourism Research Australia: Domestic Tourism Statistics,domestic_tourism_overnight_backcast_2019_2024.xlsx,Table 4,"Backcast Overnight Interstate Trips ('000), Australia and States"
Overnight,Interstate,Trips,000 trips,Australia,AUS,quarter,2023,Q2,Q2 2023,False,6580.068,Tourism Research Australia: Domestic Tourism Statistics,domestic_tourism_overnight_backcast_2019_2024.xlsx,Table 4,"Backcast Overnight Interstate Trips ('000), Australia and States"
Overnight,Interstate,Trips,000 trips,Australia,AUS,quarter,2023,Q3,Q3 2023,False,6649.516,Tourism Research Australia: Domestic Tourism Statistics,domestic_tourism_overnight_backcast_2019_2024.xlsx,Table 4,"Backcast Overnight Interstate Trips ('000), Australia and States"
Overnight,Interstate,Trips,000 trips,Australia,AUS,quarter,2023,Q4,Q4 2023,True,7151.797,Tourism Research Australia: Domestic Tourism Statistics,domestic_tourism_overnight_backcast_2019_2024.xlsx,Table 4,"Backcast Overnight Interstate Trips ('000), Australia and States"
Overnight,Interstate,Trips,000 trips,Australia,AUS,quarter,2024,Q1,Q1 2024,False,7160.613,Tourism Research Australia: Domestic Tourism Statistics,domestic_tourism_overnight_backcast_2019_2024.xlsx,Table 4,"Backcast Overnight Interstate Trips ('000), Australia and States"
Overnight,Interstate,Trips,000 trips,Australia,AUS,quarter,2024,Q2,Q2 2024,False,6665.04,Tourism Research Australia: Domestic Tourism Statistics,domestic_tourism_overnight_backcast_2019_2024.xlsx,Table 4,"Backcast Overnight Interstate Trips ('000), Australia and States"
Overnight,Interstate,Trips,000 trips,Australia,AUS,quarter,2024,Q3,Q3 2024,False,6775.479,Tourism Research Australia: Domestic Tourism Statistics,domestic_tourism_overnight_backcast_2019_2024.xlsx,Table 4,"Backcast Overnight Interstate Trips ('000), Australia and States"
Overnight,Interstate,Trips,000 trips,Australia,AUS,quarter,2024,Q4,Q4 2024,True,7507.504,Tourism Research Australia: Domestic Tourism Statistics,domestic_tourism_overnight_backcast_2019_2024.xlsx,Table 4,"Backcast Overnight Interstate Trips ('000), Australia and States"
Overnight,Interstate,Trips,000 trips,New South Wales,NSW,quarter,2019,Q1,Q1 2019,False,2590.353,Tourism Research Australia: Domestic Tourism Statistics,domestic_tourism_overnight_backcast_2019_2024.xlsx,Table 4,"Backcast Overnight Interstate Trips ('000), Australia and States"
Overnight,Interstate,Trips,000 trips,New South Wales,NSW,quarter,2019,Q2,Q2 2019,False,2339.77,Tourism Research Australia: Domestic Tourism Statistics,domestic_tourism_overnight_backcast_2019_2024.xlsx,Table 4,"Backcast Overnight Interstate Trips ('000), Australia and States"
Overnight,Interstate,Trips,000 trips,New South Wales,NSW,quarter,2019,Q3,Q3 2019,False,2392.672,Tourism Research Australia: Domestic Tourism Statistics,domestic_tourism_overnight_backcast_2019_2024.xlsx,Table 4,"Backcast Overnight Interstate Trips ('000), Australia and States"
Overnight,Interstate,Trips,000 trips,New South Wales,NSW,quarter,2019,Q4,Q4 2019,True,2634.359,Tourism Research Australia: Domestic Tourism Statistics,domestic_tourism_overnight_backcast_2019_2024.xlsx,Table 4,"Backcast Overnight Interstate Trips ('000), Australia and States"
Overnight,Interstate,Trips,000 trips,New South Wales,NSW,quarter,2020,Q1,Q1 2020,False,2366.795,Tourism Research Australia: Domestic Tourism Statistics,domestic_tourism_overnight_backcast_2019_2024.xlsx,Table 4,"Backcast Overnight Interstate Trips ('000), Australia and States"
Overnight,Interstate,Trips,000 trips,New South Wales,NSW,quarter,2020,Q2,Q2 2020,False,664.852,Tourism Research Australia: Domestic Tourism Statistics,domestic_tourism_overnight_backcast_2019_2024.xlsx,Table 4,"Backcast Overnight Interstate Trips ('000), Australia and States"
Overnight,Interstate,Trips,000 trips,New South Wales,NSW,quarter,2020,Q3,Q3 2020,False,732.761,Tourism Research Australia: Domestic Tourism Statistics,domestic_tourism_overnight_backcast_2019_2024.xlsx,Table 4,"Backcast Overnight Interstate Trips ('000), Australia and States"
Overnight,Interstate,Trips,000 trips,New South Wales,NSW,quarter,2020,Q4,Q4 2020,True,1354.672,Tourism Research Australia: Domestic Tourism Statistics,domestic_tourism_overnight_backcast_2019_2024.xlsx,Table 4,"Backcast Overnight Interstate Trips ('000), Australia and States"
Overnight,Interstate,Trips,000 trips,New South Wales,NSW,quarter,2021,Q1,Q1 2021,False,1644.614,Tourism Research Australia: Domestic Tourism Statistics,domestic_tourism_overnight_backcast_2019_2024.xlsx,Table 4,"Backcast Overnight Interstate Trips ('000), Australia and States"
Overnight,Interstate,Trips,000 trips,New South Wales,NSW,quarter,2021,Q2,Q2 2021,False,2018.551,Tourism Research Australia: Domestic Tourism Statistics,domestic_tourism_overnight_backcast_2019_2024.xlsx,Table 4,"Backcast Overnight Interstate Trips ('000), Australia and States"
Overnight,Interstate,Trips,000 trips,New South Wales,NSW,quarter,2021,Q3,Q3 2021,False,416.531,Tourism Research Australia: Domestic Tourism Statistics,domestic_tourism_overnight_backcast_2019_2024.xlsx,Table 4,"Backcast Overnight Interstate Trips ('000), Australia and States"
Overnight,Interstate,Trips,000 trips,New South Wales,NSW,quarter,2021,Q4,Q4 2021,True,1093.196,Tourism Research Australia: Domestic Tourism Statistics,domestic_tourism_overnight_backcast_2019_2024.xlsx,Table 4,"Backcast Overnight Interstate Trips ('000), Australia and States"
Overnight,Interstate,Trips,000 trips,New South Wales,NSW,quarter,2022,Q1,Q1 2022,False,2020.04,Tourism Research Australia: Domestic Tourism Statistics,domestic_tourism_overnight_backcast_2019_2024.xlsx,Table 4,"Backcast Overnight Interstate Trips ('000), Australia and States"
Overnight,Interstate,Trips,000 trips,New South Wales,NSW,quarter,2022,Q2,Q2 2022,False,2319.389,Tourism Research Australia: Domestic Tourism Statistics,domestic_tourism_overnight_backcast_2019_2024.xlsx,Table 4,"Backcast Overnight Interstate Trips ('000), Australia and States"
Overnight,Interstate,Trips,000 trips,New South Wales,NSW,quarter,2022,Q3,Q3 2022,False,2320.244,Tourism Research Australia: Domestic Tourism Statistics,domestic_tourism_overnight_backcast_2019_2024.xlsx,Table 4,"Backcast Overnight Interstate Trips ('000), Australia and States"
Overnight,Interstate,Trips,000 trips,New South Wales,NSW,quarter,2022,Q4,Q4 2022,True,2464.897,Tourism Research Australia: Domestic Tourism Statistics,domestic_tourism_overnight_backcast_2019_2024.xlsx,Table 4,"Backcast Overnight Interstate Trips ('000), Australia and States"
Overnight,Interstate,Trips,000 trips,New South Wales,NSW,quarter,2023,Q1,Q1 2023,False,2617.045,Tourism Research Australia: Domestic Tourism Statistics,domestic_tourism_overnight_backcast_2019_2024.xlsx,Table 4,"Backcast Overnight Interstate Trips ('000), Australia and States"
Overnight,Interstate,Trips,000 trips,New South Wales,NSW,quarter,2023,Q2,Q2 2023,False,2407.298,Tourism Research Australia: Domestic Tourism Statistics,domestic_tourism_overnight_backcast_2019_2024.xlsx,Table 4,"Backcast Overnight Interstate Trips ('000), Australia and States"
Overnight,Interstate,Trips,000 trips,New South Wales,NSW,quarter,2023,Q3,Q3 2023,False,2385.334,Tourism Research Australia: Domestic Tourism Statistics,domestic_tourism_overnight_backcast_2019_2024.xlsx,Table 4,"Backcast Overnight Interstate Trips ('000), Australia and States"
Overnight,Interstate,Trips,000 trips,New South Wales,NSW,quarter,2023,Q4,Q4 2023,True,2662.057,Tourism Research Australia: Domestic Tourism Statistics,domestic_tourism_overnight_backcast_2019_2024.xlsx,Table 4,"Backcast Overnight Interstate Trips ('000), Australia and States"
Overnight,Interstate,Trips,000 trips,New South Wales,NSW,quarter,2024,Q1,Q1 2024,False,2688.368,Tourism Research Australia: Domestic Tourism Statistics,domestic_tourism_overnight_backcast_2019_2024.xlsx,Table 4,"Backcast Overnight Interstate Trips ('000), Australia and States"
Overnight,Interstate,Trips,000 trips,New South Wales,NSW,quarter,2024,Q2,Q2 2024,False,2425.212,Tourism Research Australia: Domestic Tourism Statistics,domestic_tourism_overnight_backcast_2019_2024.xlsx,Table 4,"Backcast Overnight Interstate Trips ('000), Australia and States"
Overnight,Interstate,Trips,000 trips,New South Wales,NSW,quarter,2024,Q3,Q3 2024,False,2403.349,Tourism Research Australia: Domestic Tourism Statistics,domestic_tourism_overnight_backcast_2019_2024.xlsx,Table 4,"Backcast Overnight Interstate Trips ('000), Australia and States"
Overnight,Interstate,Trips,000 trips,New South Wales,NSW,quarter,2024,Q4,Q4 2024,True,2789.937,Tourism Research Australia: Domestic Tourism Statistics,domestic_tourism_overnight_backcast_2019_2024.xlsx,Table 4,"Backcast Overnight Interstate Trips ('000), Australia and States"
Overnight,Interstate,Trips,000 trips,Victoria,VIC,quarter,2019,Q1,Q1 2019,False,1577.518,Tourism Research Australia: Domestic Tourism Statistics,domestic_tourism_overnight_backcast_2019_2024.xlsx,Table 4,"Backcast Overnight Interstate Trips ('000), Australia and States"
Overnight,Interstate,Trips,000 trips,Victoria,VIC,quarter,2019,Q2,Q2 2019,False,1389.368,Tourism Research Australia: Domestic Tourism Statistics,domestic_tourism_overnight_backcast_2019_2024.xlsx,Table 4,"Backcast Overnight Interstate Trips ('000), Australia and States"
Overnight,Interstate,Trips,000 trips,Victoria,VIC,quarter,2019,Q3,Q3 2019,False,1448.427,Tourism Research Australia: Domestic Tourism Statistics,domestic_tourism_overnight_backcast_2019_2024.xlsx,Table 4,"Backcast Overnight Interstate Trips ('000), Australia and States"
Overnight,Interstate,Trips,000 trips,Victoria,VIC,quarter,2019,Q4,Q4 2019,True,1599.309,Tourism Research Australia: Domestic Tourism Statistics,domestic_tourism_overnight_backcast_2019_2024.xlsx,Table 4,"Backcast Overnight Interstate Trips ('000), Australia and States"
Overnight,Interstate,Trips,000 trips,Victoria,VIC,quarter,2020,Q1,Q1 2020,False,1443.096,Tourism Research Australia: Domestic Tourism Statistics,domestic_tourism_overnight_backcast_2019_2024.xlsx,Table 4,"Backcast Overnight Interstate Trips ('000), Australia and States"
Overnight,Interstate,Trips,000 trips,Victoria,VIC,quarter,2020,Q2,Q2 2020,False,226.083,Tourism Research Australia: Domestic Tourism Statistics,domestic_tourism_overnight_backcast_2019_2024.xlsx,Table 4,"Backcast Overnight Interstate Trips ('000), Australia and States"
Overnight,Interstate,Trips,000 trips,Victoria,VIC,quarter,2020,Q3,Q3 2020,False,124.355,Tourism Research Australia: Domestic Tourism Statistics,domestic_tourism_overnight_backcast_2019_2024.xlsx,Table 4,"Backcast Overnight Interstate Trips ('000), Australia and States"
Overnight,Interstate,Trips,000 trips,Victoria,VIC,quarter,2020,Q4,Q4 2020,True,330.462,Tourism Research Australia: Domestic Tourism Statistics,domestic_tourism_overnight_backcast_2019_2024.xlsx,Table 4,"Backcast Overnight Interstate Trips ('000), Australia and States"
Overnight,Interstate,Trips,000 trips,Victoria,VIC,quarter,2021,Q1,Q1 2021,False,623.744,Tourism Research Australia: Domestic Tourism Statistics,domestic_tourism_overnight_backcast_2019_2024.xlsx,Table 4,"Backcast Overnight Interstate Trips ('000), Australia and States"
Overnight,Interstate,Trips,000 trips,Victoria,VIC,quarter,2021,Q2,Q2 2021,False,839.288,Tourism Research Australia: Domestic Tourism Statistics,domestic_tourism_overnight_backcast_2019_2024.xlsx,Table 4,"Backcast Overnight Interstate Trips ('000), Australia and States"
Overnight,Interstate,Trips,000 trips,Victoria,VIC,quarter,2021,Q3,Q3 2021,False,187.844,Tourism Research Australia: Domestic Tourism Statistics,domestic_tourism_overnight_backcast_2019_2024.xlsx,Table 4,"Backcast Overnight Interstate Trips ('000), Australia and States"
Overnight,Interstate,Trips,000 trips,Victoria,VIC,quarter,2021,Q4,Q4 2021,True,493.754,Tourism Research Australia: Domestic Tourism Statistics,domestic_tourism_overnight_backcast_2019_2024.xlsx,Table 4,"Backcast Overnight Interstate Trips ('000), Australia and States"
Overnight,Interstate,Trips,000 trips,Victoria,VIC,quarter,2022,Q1,Q1 2022,False,1102.106,Tourism Research Australia: Domestic Tourism Statistics,domestic_tourism_overnight_backcast_2019_2024.xlsx,Table 4,"Backcast Overnight Interstate Trips ('000), Australia and States"
Overnight,Interstate,Trips,000 trips,Victoria,VIC,quarter,2022,Q2,Q2 2022,False,1465.664,Tourism Research Australia: Domestic Tourism Statistics,domestic_tourism_overnight_backcast_2019_2024.xlsx,Table 4,"Backcast Overnight Interstate Trips ('000), Australia and States"
Overnight,Interstate,Trips,000 trips,Victoria,VIC,quarter,2022,Q3,Q3 2022,False,1441.445,Tourism Research Australia: Domestic Tourism Statistics,domestic_tourism_overnight_backcast_2019_2024.xlsx,Table 4,"Backcast Overnight Interstate Trips ('000), Australia and States"
Overnight,Interstate,Trips,000 trips,Victoria,VIC,quarter,2022,Q4,Q4 2022,True,1531.943,Tourism Research Australia: Domestic Tourism Statistics,domestic_tourism_overnight_backcast_2019_2024.xlsx,Table 4,"Backcast Overnight Interstate Trips ('000), Australia and States"
Overnight,Interstate,Trips,000 trips,Victoria,VIC,quarter,2023,Q1,Q1 2023,False,1587.55,Tourism Research Australia: Domestic Tourism Statistics,domestic_tourism_overnight_backcast_2019_2024.xlsx,Table 4,"Backcast Overnight Interstate Trips ('000), Australia and States"
Overnight,Interstate,Trips,000 trips,Victoria,VIC,quarter,2023,Q2,Q2 2023,False,1449.689,Tourism Research Australia: Domestic Tourism Statistics,domestic_tourism_overnight_backcast_2019_2024.xlsx,Table 4,"Backcast Overnight Interstate Trips ('000), Australia and States"
Overnight,Interstate,Trips,000 trips,Victoria,VIC,quarter,2023,Q3,Q3 2023,False,1406.782,Tourism Research Australia: Domestic Tourism Statistics,domestic_tourism_overnight_backcast_2019_2024.xlsx,Table 4,"Backcast Overnight Interstate Trips ('000), Australia and States"
Overnight,Interstate,Trips,000 trips,Victoria,VIC,quarter,2023,Q4,Q4 2023,True,1614.2,Tourism Research Australia: Domestic Tourism Statistics,domestic_tourism_overnight_backcast_2019_2024.xlsx,Table 4,"Backcast Overnight Interstate Trips ('000), Australia and States"
Overnight,Interstate,Trips,000 trips,Victoria,VIC,quarter,2024,Q1,Q1 2024,False,1700.429,Tourism Research Australia: Domestic Tourism Statistics,domestic_tourism_overnight_backcast_2019_2024.xlsx,Table 4,"Backcast Overnight Interstate Trips ('000), Australia and States"
Overnight,Interstate,Trips,000 trips,Victoria,VIC,quarter,2024,Q2,Q2 2024,False,1503.177,Tourism Research Australia: Domestic Tourism Statistics,domestic_tourism_overnight_backcast_2019_2024.xlsx,Table 4,"Backcast Overnight Interstate Trips ('000), Australia and States"
Overnight,Interstate,Trips,000 trips,Victoria,VIC,quarter,2024,Q3,Q3 2024,False,1451.039,Tourism Research Australia: Domestic Tourism Statistics,domestic_tourism_overnight_backcast_2019_2024.xlsx,Table 4,"Backcast Overnight Interstate Trips ('000), Australia and States"
Overnight,Interstate,Trips,000 trips,Victoria,VIC,quarter,2024,Q4,Q4 2024,True,1706.623,Tourism Research Australia: Domestic Tourism Statistics,domestic_tourism_overnight_backcast_2019_2024.xlsx,Table 4,"Backcast Overnight Interstate Trips ('000), Australia and States"
Overnight,Interstate,Trips,000 trips,Queensland,QLD,quarter,2019,Q1,Q1 2019,False,1395.822,Tourism Research Australia: Domestic Tourism Statistics,domestic_tourism_overnight_backcast_2019_2024.xlsx,Table 4,"Backcast Overnight Interstate Trips ('000), Australia and States"
Overnight,Interstate,Trips,000 trips,Queensland,QLD,quarter,2019,Q2,Q2 2019,False,1341.773,Tourism Research Australia: Domestic Tourism Statistics,domestic_tourism_overnight_backcast_2019_2024.xlsx,Table 4,"Backcast Overnight Interstate Trips ('000), Australia and States"
Overnight,Interstate,Trips,000 trips,Queensland,QLD,quarter,2019,Q3,Q3 2019,False,1608.19,Tourism Research Australia: Domestic Tourism Statistics,domestic_tourism_overnight_backcast_2019_2024.xlsx,Table 4,"Backcast Overnight Interstate Trips ('000), Australia and States"
Overnight,Interstate,Trips,000 trips,Queensland,QLD,quarter,2019,Q4,Q4 2019,True,1544.953,Tourism Research Australia: Domestic Tourism Statistics,domestic_tourism_overnight_backcast_2019_2024.xlsx,Table 4,"Backcast Overnight Interstate Trips ('000), Australia and States"
Overnight,Interstate,Trips,000 trips,Queensland,QLD,quarter,2020,Q1,Q1 2020,False,1378.418,Tourism Research Australia: Domestic Tourism Statistics,domestic_tourism_overnight_backcast_2019_2024.xlsx,Table 4,"Backcast Overnight Interstate Trips ('000), Australia and States"
Overnight,Interstate,Trips,000 trips,Queensland,QLD,quarter,2020,Q2,Q2 2020,False,145.986,Tourism Research Australia: Domestic Tourism Statistics,domestic_tourism_overnight_backcast_2019_2024.xlsx,Table 4,"Backcast Overnight Interstate Trips ('000), Australia and States"
Overnight,Interstate,Trips,000 trips,Queensland,QLD,quarter,2020,Q3,Q3 2020,False,332.25,Tourism Research Australia: Domestic Tourism Statistics,domestic_tourism_overnight_backcast_2019_2024.xlsx,Table 4,"Backcast Overnight Interstate Trips ('000), Australia and States"
Overnight,Interstate,Trips,000 trips,Queensland,QLD,quarter,2020,Q4,Q4 2020,True,539.064,Tourism Research Australia: Domestic Tourism Statistics,domestic_tourism_overnight_backcast_2019_2024.xlsx,Table 4,"Backcast Overnight Interstate Trips ('000), Australia and States"
Overnight,Interstate,Trips,000 trips,Queensland,QLD,quarter,2021,Q1,Q1 2021,False,1016.684,Tourism Research Australia: Domestic Tourism Statistics,domestic_tourism_overnight_backcast_2019_2024.xlsx,Table 4,"Backcast Overnight Interstate Trips ('000), Australia and States"
Overnight,Interstate,Trips,000 trips,Queensland,QLD,quarter,2021,Q2,Q2 2021,False,1283.459,Tourism Research Australia: Domestic Tourism Statistics,domestic_tourism_overnight_backcast_2019_2024.xlsx,Table 4,"Backcast Overnight Interstate Trips ('000), Australia and States"
Overnight,Interstate,Trips,000 trips,Queensland,QLD,quarter,2021,Q3,Q3 2021,False,334.694,Tourism Research Australia: Domestic Tourism Statistics,domestic_tourism_overnight_backcast_2019_2024.xlsx,Table 4,"Backcast Overnight Interstate Trips ('000), Australia and States"
Overnight,Interstate,Trips,000 trips,Queensland,QLD,quarter,2021,Q4,Q4 2021,True,379.807,Tourism Research Australia: Domestic Tourism Statistics,domestic_tourism_overnight_backcast_2019_2024.xlsx,Table 4,"Backcast Overnight Interstate Trips ('000), Australia and States"
Overnight,Interstate,Trips,000 trips,Queensland,QLD,quarter,2022,Q1,Q1 2022,False,1447.086,Tourism Research Australia: Domestic Tourism Statistics,domestic_tourism_overnight_backcast_2019_2024.xlsx,Table 4,"Backcast Overnight Interstate Trips ('000), Australia and States"
Overnight,Interstate,Trips,000 trips,Queensland,QLD,quarter,2022,Q2,Q2 2022,False,1633.834,Tourism Research Australia: Domestic Tourism Statistics,domestic_tourism_overnight_backcast_2019_2024.xlsx,Table 4,"Backcast Overnight Interstate Trips ('000), Australia and States"
Overnight,Interstate,Trips,000 trips,Queensland,QLD,quarter,2022,Q3,Q3 2022,False,1778.832,Tourism Research Australia: Domestic Tourism Statistics,domestic_tourism_overnight_backcast_2019_2024.xlsx,Table 4,"Backcast Overnight Interstate Trips ('000), Australia and States"
Overnight,Interstate,Trips,000 trips,Queensland,QLD,quarter,2022,Q4,Q4 2022,True,1721.002,Tourism Research Australia: Domestic Tourism Statistics,domestic_tourism_overnight_backcast_2019_2024.xlsx,Table 4,"Backcast Overnight Interstate Trips ('000), Australia and States"
Overnight,Interstate,Trips,000 trips,Queensland,QLD,quarter,2023,Q1,Q1 2023,False,1633.091,Tourism Research Australia: Domestic Tourism Statistics,domestic_tourism_overnight_backcast_2019_2024.xlsx,Table 4,"Backcast Overnight Interstate Trips ('000), Australia and States"
Overnight,Interstate,Trips,000 trips,Queensland,QLD,quarter,2023,Q2,Q2 2023,False,1533.237,Tourism Research Australia: Domestic Tourism Statistics,domestic_tourism_overnight_backcast_2019_2024.xlsx,Table 4,"Backcast Overnight Interstate Trips ('000), Australia and States"
Overnight,Interstate,Trips,000 trips,Queensland,QLD,quarter,2023,Q3,Q3 2023,False,1728.346,Tourism Research Australia: Domestic Tourism Statistics,domestic_tourism_overnight_backcast_2019_2024.xlsx,Table 4,"Backcast Overnight Interstate Trips ('000), Australia and States"
Overnight,Interstate,Trips,000 trips,Queensland,QLD,quarter,2023,Q4,Q4 2023,True,1647.494,Tourism Research Australia: Domestic Tourism Statistics,domestic_tourism_overnight_backcast_2019_2024.xlsx,Table 4,"Backcast Overnight Interstate Trips ('000), Australia and States"
Overnight,Interstate,Trips,000 trips,Queensland,QLD,quarter,2024,Q1,Q1 2024,False,1582.022,Tourism Research Australia: Domestic Tourism Statistics,domestic_tourism_overnight_backcast_2019_2024.xlsx,Table 4,"Backcast Overnight Interstate Trips ('000), Australia and States"
Overnight,Interstate,Trips,000 trips,Queensland,QLD,quarter,2024,Q2,Q2 2024,False,1515.968,Tourism Research Australia: Domestic Tourism Statistics,domestic_tourism_overnight_backcast_2019_2024.xlsx,Table 4,"Backcast Overnight Interstate Trips ('000), Australia and States"
Overnight,Interstate,Trips,000 trips,Queensland,QLD,quarter,2024,Q3,Q3 2024,False,1703.419,Tourism Research Australia: Domestic Tourism Statistics,domestic_tourism_overnight_backcast_2019_2024.xlsx,Table 4,"Backcast Overnight Interstate Trips ('000), Australia and States"
Overnight,Interstate,Trips,000 trips,Queensland,QLD,quarter,2024,Q4,Q4 2024,True,1746.274,Tourism Research Australia: Domestic Tourism Statistics,domestic_tourism_overnight_backcast_2019_2024.xlsx,Table 4,"Backcast Overnight Interstate Trips ('000), Australia and States"
Overnight,Interstate,Trips,000 trips,South Australia,SA,quarter,2019,Q1,Q1 2019,False,459.808,Tourism Research Australia: Domestic Tourism Statistics,domestic_tourism_overnight_backcast_2019_2024.xlsx,Table 4,"Backcast Overnight Interstate Trips ('000), Australia and States"
Overnight,Interstate,Trips,000 trips,South Australia,SA,quarter,2019,Q2,Q2 2019,False,414.633,Tourism Research Australia: Domestic Tourism Statistics,domestic_tourism_overnight_backcast_2019_2024.xlsx,Table 4,"Backcast Overnight Interstate Trips ('000), Australia and States"
Overnight,Interstate,Trips,000 trips,South Australia,SA,quarter,2019,Q3,Q3 2019,False,416.307,Tourism Research Australia: Domestic Tourism Statistics,domestic_tourism_overnight_backcast_2019_2024.xlsx,Table 4,"Backcast Overnight Interstate Trips ('000), Australia and States"
Overnight,Interstate,Trips,000 trips,South Australia,SA,quarter,2019,Q4,Q4 2019,True,467.586,Tourism Research Australia: Domestic Tourism Statistics,domestic_tourism_overnight_backcast_2019_2024.xlsx,Table 4,"Backcast Overnight Interstate Trips ('000), Australia and States"
Overnight,Interstate,Trips,000 trips,South Australia,SA,quarter,2020,Q1,Q1 2020,False,460.431,Tourism Research Australia: Domestic Tourism Statistics,domestic_tourism_overnight_backcast_2019_2024.xlsx,Table 4,"Backcast Overnight Interstate Trips ('000), Australia and States"
Overnight,Interstate,Trips,000 trips,South Australia,SA,quarter,2020,Q2,Q2 2020,False,41.874,Tourism Research Australia: Domestic Tourism Statistics,domestic_tourism_overnight_backcast_2019_2024.xlsx,Table 4,"Backcast Overnight Interstate Trips ('000), Australia and States"
Overnight,Interstate,Trips,000 trips,South Australia,SA,quarter,2020,Q3,Q3 2020,False,57.858,Tourism Research Australia: Domestic Tourism Statistics,domestic_tourism_overnight_backcast_2019_2024.xlsx,Table 4,"Backcast Overnight Interstate Trips ('000), Australia and States"
Overnight,Interstate,Trips,000 trips,South Australia,SA,quarter,2020,Q4,Q4 2020,True,170.323,Tourism Research Australia: Domestic Tourism Statistics,domestic_tourism_overnight_backcast_2019_2024.xlsx,Table 4,"Backcast Overnight Interstate Trips ('000), Australia and States"
Overnight,Interstate,Trips,000 trips,South Australia,SA,quarter,2021,Q1,Q1 2021,False,332.288,Tourism Research Australia: Domestic Tourism Statistics,domestic_tourism_overnight_backcast_2019_2024.xlsx,Table 4,"Backcast Overnight Interstate Trips ('000), Australia and States"
Overnight,Interstate,Trips,000 trips,South Australia,SA,quarter,2021,Q2,Q2 2021,False,371.333,Tourism Research Australia: Domestic Tourism Statistics,domestic_tourism_overnight_backcast_2019_2024.xlsx,Table 4,"Backcast Overnight Interstate Trips ('000), Australia and States"
Overnight,Interstate,Trips,000 trips,South Australia,SA,quarter,2021,Q3,Q3 2021,False,100.22,Tourism Research Australia: Domestic Tourism Statistics,domestic_tourism_overnight_backcast_2019_2024.xlsx,Table 4,"Backcast Overnight Interstate Trips ('000), Australia and States"
Overnight,Interstate,Trips,000 trips,South Australia,SA,quarter,2021,Q4,Q4 2021,True,179.351,Tourism Research Australia: Domestic Tourism Statistics,domestic_tourism_overnight_backcast_2019_2024.xlsx,Table 4,"Backcast Overnight Interstate Trips ('000), Australia and States"
Overnight,Interstate,Trips,000 trips,South Australia,SA,quarter,2022,Q1,Q1 2022,False,387.321,Tourism Research Australia: Domestic Tourism Statistics,domestic_tourism_overnight_backcast_2019_2024.xlsx,Table 4,"Backcast Overnight Interstate Trips ('000), Australia and States"
Overnight,Interstate,Trips,000 trips,South Australia,SA,quarter,2022,Q2,Q2 2022,False,458.047,Tourism Research Australia: Domestic Tourism Statistics,domestic_tourism_overnight_backcast_2019_2024.xlsx,Table 4,"Backcast Overnight Interstate Trips ('000), Australia and States"
Overnight,Interstate,Trips,000 trips,South Australia,SA,quarter,2022,Q3,Q3 2022,False,431.906,Tourism Research Australia: Domestic Tourism Statistics,domestic_tourism_overnight_backcast_2019_2024.xlsx,Table 4,"Backcast Overnight Interstate Trips ('000), Australia and States"
Overnight,Interstate,Trips,000 trips,South Australia,SA,quarter,2022,Q4,Q4 2022,True,477.16,Tourism Research Australia: Domestic Tourism Statistics,domestic_tourism_overnight_backcast_2019_2024.xlsx,Table 4,"Backcast Overnight Interstate Trips ('000), Australia and States"
Overnight,Interstate,Trips,000 trips,South Australia,SA,quarter,2023,Q1,Q1 2023,False,510.121,Tourism Research Australia: Domestic Tourism Statistics,domestic_tourism_overnight_backcast_2019_2024.xlsx,Table 4,"Backcast Overnight Interstate Trips ('000), Australia and States"
Overnight,Interstate,Trips,000 trips,South Australia,SA,quarter,2023,Q2,Q2 2023,False,470.625,Tourism Research Australia: Domestic Tourism Statistics,domestic_tourism_overnight_backcast_2019_2024.xlsx,Table 4,"Backcast Overnight Interstate Trips ('000), Australia and States"
Overnight,Interstate,Trips,000 trips,South Australia,SA,quarter,2023,Q3,Q3 2023,False,422.28,Tourism Research Australia: Domestic Tourism Statistics,domestic_tourism_overnight_backcast_2019_2024.xlsx,Table 4,"Backcast Overnight Interstate Trips ('000), Australia and States"
Overnight,Interstate,Trips,000 trips,South Australia,SA,quarter,2023,Q4,Q4 2023,True,482.367,Tourism Research Australia: Domestic Tourism Statistics,domestic_tourism_overnight_backcast_2019_2024.xlsx,Table 4,"Backcast Overnight Interstate Trips ('000), Australia and States"
Overnight,Interstate,Trips,000 trips,South Australia,SA,quarter,2024,Q1,Q1 2024,False,513.373,Tourism Research Australia: Domestic Tourism Statistics,domestic_tourism_overnight_backcast_2019_2024.xlsx,Table 4,"Backcast Overnight Interstate Trips ('000), Australia and States"
Overnight,Interstate,Trips,000 trips,South Australia,SA,quarter,2024,Q2,Q2 2024,False,495.444,Tourism Research Australia: Domestic Tourism Statistics,domestic_tourism_overnight_backcast_2019_2024.xlsx,Table 4,"Backcast Overnight Interstate Trips ('000), Australia and States"
Overnight,Interstate,Trips,000 trips,South Australia,SA,quarter,2024,Q3,Q3 2024,False,442.254,Tourism Research Australia: Domestic Tourism Statistics,domestic_tourism_overnight_backcast_2019_2024.xlsx,Table 4,"Backcast Overnight Interstate Trips ('000), Australia and States"
Overnight,Interstate,Trips,000 trips,South Australia,SA,quarter,2024,Q4,Q4 2024,True,513.904,Tourism Research Australia: Domestic Tourism Statistics,domestic_tourism_overnight_backcast_2019_2024.xlsx,Table 4,"Backcast Overnight Interstate Trips ('000), Australia and States"
Overnight,Interstate,Trips,000 trips,Western Australia,WA,quarter,2019,Q1,Q1 2019,False,232.867,Tourism Research Australia: Domestic Tourism Statistics,domestic_tourism_overnight_backcast_2019_2024.xlsx,Table 4,"Backcast Overnight Interstate Trips ('000), Australia and States"
Overnight,Interstate,Trips,000 trips,Western Australia,WA,quarter,2019,Q2,Q2 2019,False,225.422,Tourism Research Australia: Domestic Tourism Statistics,domestic_tourism_overnight_backcast_2019_2024.xlsx,Table 4,"Backcast Overnight Interstate Trips ('000), Australia and States"
Overnight,Interstate,Trips,000 trips,Western Australia,WA,quarter,2019,Q3,Q3 2019,False,251.875,Tourism Research Australia: Domestic Tourism Statistics,domestic_tourism_overnight_backcast_2019_2024.xlsx,Table 4,"Backcast Overnight Interstate Trips ('000), Australia and States"
Overnight,Interstate,Trips,000 trips,Western Australia,WA,quarter,2019,Q4,Q4 2019,True,263.408,Tourism Research Australia: Domestic Tourism Statistics,domestic_tourism_overnight_backcast_2019_2024.xlsx,Table 4,"Backcast Overnight Interstate Trips ('000), Australia and States"
Overnight,Interstate,Trips,000 trips,Western Australia,WA,quarter,2020,Q1,Q1 2020,False,245.798,Tourism Research Australia: Domestic Tourism Statistics,domestic_tourism_overnight_backcast_2019_2024.xlsx,Table 4,"Backcast Overnight Interstate Trips ('000), Australia and States"
Overnight,Interstate,Trips,000 trips,Western Australia,WA,quarter,2020,Q2,Q2 2020,False,13.209,Tourism Research Australia: Domestic Tourism Statistics,domestic_tourism_overnight_backcast_2019_2024.xlsx,Table 4,"Backcast Overnight Interstate Trips ('000), Australia and States"
Overnight,Interstate,Trips,000 trips,Western Australia,WA,quarter,2020,Q3,Q3 2020,False,11.545,Tourism Research Australia: Domestic Tourism Statistics,domestic_tourism_overnight_backcast_2019_2024.xlsx,Table 4,"Backcast Overnight Interstate Trips ('000), Australia and States"
Overnight,Interstate,Trips,000 trips,Western Australia,WA,quarter,2020,Q4,Q4 2020,True,29.836,Tourism Research Australia: Domestic Tourism Statistics,domestic_tourism_overnight_backcast_2019_2024.xlsx,Table 4,"Backcast Overnight Interstate Trips ('000), Australia and States"
Overnight,Interstate,Trips,000 trips,Western Australia,WA,quarter,2021,Q1,Q1 2021,False,83.031,Tourism Research Australia: Domestic Tourism Statistics,domestic_tourism_overnight_backcast_2019_2024.xlsx,Table 4,"Backcast Overnight Interstate Trips ('000), Australia and States"
Overnight,Interstate,Trips,000 trips,Western Australia,WA,quarter,2021,Q2,Q2 2021,False,158.158,Tourism Research Australia: Domestic Tourism Statistics,domestic_tourism_overnight_backcast_2019_2024.xlsx,Table 4,"Backcast Overnight Interstate Trips ('000), Australia and States"
Overnight,Interstate,Trips,000 trips,Western Australia,WA,quarter,2021,Q3,Q3 2021,False,42.513,Tourism Research Australia: Domestic Tourism Statistics,domestic_tourism_overnight_backcast_2019_2024.xlsx,Table 4,"Backcast Overnight Interstate Trips ('000), Australia and States"
Overnight,Interstate,Trips,000 trips,Western Australia,WA,quarter,2021,Q4,Q4 2021,True,50.051,Tourism Research Australia: Domestic Tourism Statistics,domestic_tourism_overnight_backcast_2019_2024.xlsx,Table 4,"Backcast Overnight Interstate Trips ('000), Australia and States"
Overnight,Interstate,Trips,000 trips,Western Australia,WA,quarter,2022,Q1,Q1 2022,False,37.548,Tourism Research Australia: Domestic Tourism Statistics,domestic_tourism_overnight_backcast_2019_2024.xlsx,Table 4,"Backcast Overnight Interstate Trips ('000), Australia and States"
Overnight,Interstate,Trips,000 trips,Western Australia,WA,quarter,2022,Q2,Q2 2022,False,206.999,Tourism Research Australia: Domestic Tourism Statistics,domestic_tourism_overnight_backcast_2019_2024.xlsx,Table 4,"Backcast Overnight Interstate Trips ('000), Australia and States"
Overnight,Interstate,Trips,000 trips,Western Australia,WA,quarter,2022,Q3,Q3 2022,False,247.273,Tourism Research Australia: Domestic Tourism Statistics,domestic_tourism_overnight_backcast_2019_2024.xlsx,Table 4,"Backcast Overnight Interstate Trips ('000), Australia and States"
Overnight,Interstate,Trips,000 trips,Western Australia,WA,quarter,2022,Q4,Q4 2022,True,250.841,Tourism Research Australia: Domestic Tourism Statistics,domestic_tourism_overnight_backcast_2019_2024.xlsx,Table 4,"Backcast Overnight Interstate Trips ('000), Australia and States"
Overnight,Interstate,Trips,000 trips,Western Australia,WA,quarter,2023,Q1,Q1 2023,False,262.486,Tourism Research Australia: Domestic Tourism Statistics,domestic_tourism_overnight_backcast_2019_2024.xlsx,Table 4,"Backcast Overnight Interstate Trips ('000), Australia and States"
Overnight,Interstate,Trips,000 trips,Western Australia,WA,quarter,2023,Q2,Q2 2023,False,243.013,Tourism Research Australia: Domestic Tourism Statistics,domestic_tourism_overnight_backcast_2019_2024.xlsx,Table 4,"Backcast Overnight Interstate Trips ('000), Australia and States"
Overnight,Interstate,Trips,000 trips,Western Australia,WA,quarter,2023,Q3,Q3 2023,False,248.524,Tourism Research Australia: Domestic Tourism Statistics,domestic_tourism_overnight_backcast_2019_2024.xlsx,Table 4,"Backcast Overnight Interstate Trips ('000), Australia and States"
Overnight,Interstate,Trips,000 trips,Western Australia,WA,quarter,2023,Q4,Q4 2023,True,274.297,Tourism Research Australia: Domestic Tourism Statistics,domestic_tourism_overnight_backcast_2019_2024.xlsx,Table 4,"Backcast Overnight Interstate Trips ('000), Australia and States"
Overnight,Interstate,Trips,000 trips,Western Australia,WA,quarter,2024,Q1,Q1 2024,False,252.91,Tourism Research Australia: Domestic Tourism Statistics,domestic_tourism_overnight_backcast_2019_2024.xlsx,Table 4,"Backcast Overnight Interstate Trips ('000), Australia and States"
Overnight,Interstate,Trips,000 trips,Western Australia,WA,quarter,2024,Q2,Q2 2024,False,258.07,Tourism Research Australia: Domestic Tourism Statistics,domestic_tourism_overnight_backcast_2019_2024.xlsx,Table 4,"Backcast Overnight Interstate Trips ('000), Australia and States"
Overnight,Interstate,Trips,000 trips,Western Australia,WA,quarter,2024,Q3,Q3 2024,False,291.944,Tourism Research Australia: Domestic Tourism Statistics,domestic_tourism_overnight_backcast_2019_2024.xlsx,Table 4,"Backcast Overnight Interstate Trips ('000), Australia and States"
Overnight,Interstate,Trips,000 trips,Western Australia,WA,quarter,2024,Q4,Q4 2024,True,301.175,Tourism Research Australia: Domestic Tourism Statistics,domestic_tourism_overnight_backcast_2019_2024.xlsx,Table 4,"Backcast Overnight Interstate Trips ('000), Australia and States"
Overnight,Interstate,Trips,000 trips,Tasmania,TAS,quarter,2019,Q1,Q1 2019,False,303.345,Tourism Research Australia: Domestic Tourism Statistics,domestic_tourism_overnight_backcast_2019_2024.xlsx,Table 4,"Backcast Overnight Interstate Trips ('000), Australia and States"
Overnight,Interstate,Trips,000 trips,Tasmania,TAS,quarter,2019,Q2,Q2 2019,False,216.32,Tourism Research Australia: Domestic Tourism Statistics,domestic_tourism_overnight_backcast_2019_2024.xlsx,Table 4,"Backcast Overnight Interstate Trips ('000), Australia and States"
Overnight,Interstate,Trips,000 trips,Tasmania,TAS,quarter,2019,Q3,Q3 2019,False,187.15,Tourism Research Australia: Domestic Tourism Statistics,domestic_tourism_overnight_backcast_2019_2024.xlsx,Table 4,"Backcast Overnight Interstate Trips ('000), Australia and States"
Overnight,Interstate,Trips,000 trips,Tasmania,TAS,quarter,2019,Q4,Q4 2019,True,259.135,Tourism Research Australia: Domestic Tourism Statistics,domestic_tourism_overnight_backcast_2019_2024.xlsx,Table 4,"Backcast Overnight Interstate Trips ('000), Australia and States"
Overnight,Interstate,Trips,000 trips,Tasmania,TAS,quarter,2020,Q1,Q1 2020,False,307.627,Tourism Research Australia: Domestic Tourism Statistics,domestic_tourism_overnight_backcast_2019_2024.xlsx,Table 4,"Backcast Overnight Interstate Trips ('000), Australia and States"
Overnight,Interstate,Trips,000 trips,Tasmania,TAS,quarter,2020,Q2,Q2 2020,False,4.455,Tourism Research Australia: Domestic Tourism Statistics,domestic_tourism_overnight_backcast_2019_2024.xlsx,Table 4,"Backcast Overnight Interstate Trips ('000), Australia and States"
Overnight,Interstate,Trips,000 trips,Tasmania,TAS,quarter,2020,Q3,Q3 2020,False,3.862,Tourism Research Australia: Domestic Tourism Statistics,domestic_tourism_overnight_backcast_2019_2024.xlsx,Table 4,"Backcast Overnight Interstate Trips ('000), Australia and States"
Overnight,Interstate,Trips,000 trips,Tasmania,TAS,quarter,2020,Q4,Q4 2020,True,63.083,Tourism Research Australia: Domestic Tourism Statistics,domestic_tourism_overnight_backcast_2019_2024.xlsx,Table 4,"Backcast Overnight Interstate Trips ('000), Australia and States"
Overnight,Interstate,Trips,000 trips,Tasmania,TAS,quarter,2021,Q1,Q1 2021,False,199.949,Tourism Research Australia: Domestic Tourism Statistics,domestic_tourism_overnight_backcast_2019_2024.xlsx,Table 4,"Backcast Overnight Interstate Trips ('000), Australia and States"
Overnight,Interstate,Trips,000 trips,Tasmania,TAS,quarter,2021,Q2,Q2 2021,False,209.372,Tourism Research Australia: Domestic Tourism Statistics,domestic_tourism_overnight_backcast_2019_2024.xlsx,Table 4,"Backcast Overnight Interstate Trips ('000), Australia and States"
Overnight,Interstate,Trips,000 trips,Tasmania,TAS,quarter,2021,Q3,Q3 2021,False,63.821,Tourism Research Australia: Domestic Tourism Statistics,domestic_tourism_overnight_backcast_2019_2024.xlsx,Table 4,"Backcast Overnight Interstate Trips ('000), Australia and States"
Overnight,Interstate,Trips,000 trips,Tasmania,TAS,quarter,2021,Q4,Q4 2021,True,89.119,Tourism Research Australia: Domestic Tourism Statistics,domestic_tourism_overnight_backcast_2019_2024.xlsx,Table 4,"Backcast Overnight Interstate Trips ('000), Australia and States"
Overnight,Interstate,Trips,000 trips,Tasmania,TAS,quarter,2022,Q1,Q1 2022,False,246.408,Tourism Research Australia: Domestic Tourism Statistics,domestic_tourism_overnight_backcast_2019_2024.xlsx,Table 4,"Backcast Overnight Interstate Trips ('000), Australia and States"
Overnight,Interstate,Trips,000 trips,Tasmania,TAS,quarter,2022,Q2,Q2 2022,False,249.412,Tourism Research Australia: Domestic Tourism Statistics,domestic_tourism_overnight_backcast_2019_2024.xlsx,Table 4,"Backcast Overnight Interstate Trips ('000), Australia and States"
Overnight,Interstate,Trips,000 trips,Tasmania,TAS,quarter,2022,Q3,Q3 2022,False,196.327,Tourism Research Australia: Domestic Tourism Statistics,domestic_tourism_overnight_backcast_2019_2024.xlsx,Table 4,"Backcast Overnight Interstate Trips ('000), Australia and States"
Overnight,Interstate,Trips,000 trips,Tasmania,TAS,quarter,2022,Q4,Q4 2022,True,257.015,Tourism Research Australia: Domestic Tourism Statistics,domestic_tourism_overnight_backcast_2019_2024.xlsx,Table 4,"Backcast Overnight Interstate Trips ('000), Australia and States"
Overnight,Interstate,Trips,000 trips,Tasmania,TAS,quarter,2023,Q1,Q1 2023,False,310.993,Tourism Research Australia: Domestic Tourism Statistics,domestic_tourism_overnight_backcast_2019_2024.xlsx,Table 4,"Backcast Overnight Interstate Trips ('000), Australia and States"
Overnight,Interstate,Trips,000 trips,Tasmania,TAS,quarter,2023,Q2,Q2 2023,False,214.933,Tourism Research Australia: Domestic Tourism Statistics,domestic_tourism_overnight_backcast_2019_2024.xlsx,Table 4,"Backcast Overnight Interstate Trips ('000), Australia and States"
Overnight,Interstate,Trips,000 trips,Tasmania,TAS,quarter,2023,Q3,Q3 2023,False,184.13,Tourism Research Australia: Domestic Tourism Statistics,domestic_tourism_overnight_backcast_2019_2024.xlsx,Table 4,"Backcast Overnight Interstate Trips ('000), Australia and States"
Overnight,Interstate,Trips,000 trips,Tasmania,TAS,quarter,2023,Q4,Q4 2023,True,255.5,Tourism Research Australia: Domestic Tourism Statistics,domestic_tourism_overnight_backcast_2019_2024.xlsx,Table 4,"Backcast Overnight Interstate Trips ('000), Australia and States"
Overnight,Interstate,Trips,000 trips,Tasmania,TAS,quarter,2024,Q1,Q1 2024,False,314.484,Tourism Research Australia: Domestic Tourism Statistics,domestic_tourism_overnight_backcast_2019_2024.xlsx,Table 4,"Backcast Overnight Interstate Trips ('000), Australia and States"
Overnight,Interstate,Trips,000 trips,Tasmania,TAS,quarter,2024,Q2,Q2 2024,False,209.414,Tourism Research Australia: Domestic Tourism Statistics,domestic_tourism_overnight_backcast_2019_2024.xlsx,Table 4,"Backcast Overnight Interstate Trips ('000), Australia and States"
Overnight,Interstate,Trips,000 trips,Tasmania,TAS,quarter,2024,Q3,Q3 2024,False,190.934,Tourism Research Australia: Domestic Tourism Statistics,domestic_tourism_overnight_backcast_2019_2024.xlsx,Table 4,"Backcast Overnight Interstate Trips ('000), Australia and States"
Overnight,Interstate,Trips,000 trips,Tasmania,TAS,quarter,2024,Q4,Q4 2024,True,261.815,Tourism Research Australia: Domestic Tourism Statistics,domestic_tourism_overnight_backcast_2019_2024.xlsx,Table 4,"Backcast Overnight Interstate Trips ('000), Australia and States"
Overnight,Interstate,Trips,000 trips,Northern Territory,NT,quarter,2019,Q1,Q1 2019,False,77.032,Tourism Research Australia: Domestic Tourism Statistics,domestic_tourism_overnight_backcast_2019_2024.xlsx,Table 4,"Backcast Overnight Interstate Trips ('000), Australia and States"
Overnight,Interstate,Trips,000 trips,Northern Territory,NT,quarter,2019,Q2,Q2 2019,False,149.3,Tourism Research Australia: Domestic Tourism Statistics,domestic_tourism_overnight_backcast_2019_2024.xlsx,Table 4,"Backcast Overnight Interstate Trips ('000), Australia and States"
Overnight,Interstate,Trips,000 trips,Northern Territory,NT,quarter,2019,Q3,Q3 2019,False,202.116,Tourism Research Australia: Domestic Tourism Statistics,domestic_tourism_overnight_backcast_2019_2024.xlsx,Table 4,"Backcast Overnight Interstate Trips ('000), Australia and States"
Overnight,Interstate,Trips,000 trips,Northern Territory,NT,quarter,2019,Q4,Q4 2019,True,114.182,Tourism Research Australia: Domestic Tourism Statistics,domestic_tourism_overnight_backcast_2019_2024.xlsx,Table 4,"Backcast Overnight Interstate Trips ('000), Australia and States"
Overnight,Interstate,Trips,000 trips,Northern Territory,NT,quarter,2020,Q1,Q1 2020,False,76.985,Tourism Research Australia: Domestic Tourism Statistics,domestic_tourism_overnight_backcast_2019_2024.xlsx,Table 4,"Backcast Overnight Interstate Trips ('000), Australia and States"
Overnight,Interstate,Trips,000 trips,Northern Territory,NT,quarter,2020,Q2,Q2 2020,False,8.807,Tourism Research Australia: Domestic Tourism Statistics,domestic_tourism_overnight_backcast_2019_2024.xlsx,Table 4,"Backcast Overnight Interstate Trips ('000), Australia and States"
Overnight,Interstate,Trips,000 trips,Northern Territory,NT,quarter,2020,Q3,Q3 2020,False,35.733,Tourism Research Australia: Domestic Tourism Statistics,domestic_tourism_overnight_backcast_2019_2024.xlsx,Table 4,"Backcast Overnight Interstate Trips ('000), Australia and States"
Overnight,Interstate,Trips,000 trips,Northern Territory,NT,quarter,2020,Q4,Q4 2020,True,61.228,Tourism Research Australia: Domestic Tourism Statistics,domestic_tourism_overnight_backcast_2019_2024.xlsx,Table 4,"Backcast Overnight Interstate Trips ('000), Australia and States"
Overnight,Interstate,Trips,000 trips,Northern Territory,NT,quarter,2021,Q1,Q1 2021,False,60.816,Tourism Research Australia: Domestic Tourism Statistics,domestic_tourism_overnight_backcast_2019_2024.xlsx,Table 4,"Backcast Overnight Interstate Trips ('000), Australia and States"
Overnight,Interstate,Trips,000 trips,Northern Territory,NT,quarter,2021,Q2,Q2 2021,False,144.437,Tourism Research Australia: Domestic Tourism Statistics,domestic_tourism_overnight_backcast_2019_2024.xlsx,Table 4,"Backcast Overnight Interstate Trips ('000), Australia and States"
Overnight,Interstate,Trips,000 trips,Northern Territory,NT,quarter,2021,Q3,Q3 2021,False,102.149,Tourism Research Australia: Domestic Tourism Statistics,domestic_tourism_overnight_backcast_2019_2024.xlsx,Table 4,"Backcast Overnight Interstate Trips ('000), Australia and States"
Overnight,Interstate,Trips,000 trips,Northern Territory,NT,quarter,2021,Q4,Q4 2021,True,57.021,Tourism Research Australia: Domestic Tourism Statistics,domestic_tourism_overnight_backcast_2019_2024.xlsx,Table 4,"Backcast Overnight Interstate Trips ('000), Australia and States"
Overnight,Interstate,Trips,000 trips,Northern Territory,NT,quarter,2022,Q1,Q1 2022,False,63.19,Tourism Research Australia: Domestic Tourism Statistics,domestic_tourism_overnight_backcast_2019_2024.xlsx,Table 4,"Backcast Overnight Interstate Trips ('000), Australia and States"
Overnight,Interstate,Trips,000 trips,Northern Territory,NT,quarter,2022,Q2,Q2 2022,False,177.025,Tourism Research Australia: Domestic Tourism Statistics,domestic_tourism_overnight_backcast_2019_2024.xlsx,Table 4,"Backcast Overnight Interstate Trips ('000), Australia and States"
Overnight,Interstate,Trips,000 trips,Northern Territory,NT,quarter,2022,Q3,Q3 2022,False,224.99,Tourism Research Australia: Domestic Tourism Statistics,domestic_tourism_overnight_backcast_2019_2024.xlsx,Table 4,"Backcast Overnight Interstate Trips ('000), Australia and States"
Overnight,Interstate,Trips,000 trips,Northern Territory,NT,quarter,2022,Q4,Q4 2022,True,114.833,Tourism Research Australia: Domestic Tourism Statistics,domestic_tourism_overnight_backcast_2019_2024.xlsx,Table 4,"Backcast Overnight Interstate Trips ('000), Australia and States"
Overnight,Interstate,Trips,000 trips,Northern Territory,NT,quarter,2023,Q1,Q1 2023,False,72.55,Tourism Research Australia: Domestic Tourism Statistics,domestic_tourism_overnight_backcast_2019_2024.xlsx,Table 4,"Backcast Overnight Interstate Trips ('000), Australia and States"
Overnight,Interstate,Trips,000 trips,Northern Territory,NT,quarter,2023,Q2,Q2 2023,False,133.397,Tourism Research Australia: Domestic Tourism Statistics,domestic_tourism_overnight_backcast_2019_2024.xlsx,Table 4,"Backcast Overnight Interstate Trips ('000), Australia and States"
Overnight,Interstate,Trips,000 trips,Northern Territory,NT,quarter,2023,Q3,Q3 2023,False,179.148,Tourism Research Australia: Domestic Tourism Statistics,domestic_tourism_overnight_backcast_2019_2024.xlsx,Table 4,"Backcast Overnight Interstate Trips ('000), Australia and States"
Overnight,Interstate,Trips,000 trips,Northern Territory,NT,quarter,2023,Q4,Q4 2023,True,87.653,Tourism Research Australia: Domestic Tourism Statistics,domestic_tourism_overnight_backcast_2019_2024.xlsx,Table 4,"Backcast Overnight Interstate Trips ('000), Australia and States"
Overnight,Interstate,Trips,000 trips,Northern Territory,NT,quarter,2024,Q1,Q1 2024,False,63.886,Tourism Research Australia: Domestic Tourism Statistics,domestic_tourism_overnight_backcast_2019_2024.xlsx,Table 4,"Backcast Overnight Interstate Trips ('000), Australia and States"
Overnight,Interstate,Trips,000 trips,Northern Territory,NT,quarter,2024,Q2,Q2 2024,False,130.445,Tourism Research Australia: Domestic Tourism Statistics,domestic_tourism_overnight_backcast_2019_2024.xlsx,Table 4,"Backcast Overnight Interstate Trips ('000), Australia and States"
Overnight,Interstate,Trips,000 trips,Northern Territory,NT,quarter,2024,Q3,Q3 2024,False,175.015,Tourism Research Australia: Domestic Tourism Statistics,domestic_tourism_overnight_backcast_2019_2024.xlsx,Table 4,"Backcast Overnight Interstate Trips ('000), Australia and States"
Overnight,Interstate,Trips,000 trips,Northern Territory,NT,quarter,2024,Q4,Q4 2024,True,118.513,Tourism Research Australia: Domestic Tourism Statistics,domestic_tourism_overnight_backcast_2019_2024.xlsx,Table 4,"Backcast Overnight Interstate Trips ('000), Australia and States"
Overnight,Interstate,Trips,000 trips,ACT,ACT,quarter,2019,Q1,Q1 2019,False,518.393,Tourism Research Australia: Domestic Tourism Statistics,domestic_tourism_overnight_backcast_2019_2024.xlsx,Table 4,"Backcast Overnight Interstate Trips ('000), Australia and States"
Overnight,Interstate,Trips,000 trips,ACT,ACT,quarter,2019,Q2,Q2 2019,False,526.591,Tourism Research Australia: Domestic Tourism Statistics,domestic_tourism_overnight_backcast_2019_2024.xlsx,Table 4,"Backcast Overnight Interstate Trips ('000), Australia and States"
Overnight,Interstate,Trips,000 trips,ACT,ACT,quarter,2019,Q3,Q3 2019,False,598.096,Tourism Research Australia: Domestic Tourism Statistics,domestic_tourism_overnight_backcast_2019_2024.xlsx,Table 4,"Backcast Overnight Interstate Trips ('000), Australia and States"
Overnight,Interstate,Trips,000 trips,ACT,ACT,quarter,2019,Q4,Q4 2019,True,583.393,Tourism Research Australia: Domestic Tourism Statistics,domestic_tourism_overnight_backcast_2019_2024.xlsx,Table 4,"Backcast Overnight Interstate Trips ('000), Australia and States"
Overnight,Interstate,Trips,000 trips,ACT,ACT,quarter,2020,Q1,Q1 2020,False,482.754,Tourism Research Australia: Domestic Tourism Statistics,domestic_tourism_overnight_backcast_2019_2024.xlsx,Table 4,"Backcast Overnight Interstate Trips ('000), Australia and States"
Overnight,Interstate,Trips,000 trips,ACT,ACT,quarter,2020,Q2,Q2 2020,False,191.037,Tourism Research Australia: Domestic Tourism Statistics,domestic_tourism_overnight_backcast_2019_2024.xlsx,Table 4,"Backcast Overnight Interstate Trips ('000), Australia and States"
Overnight,Interstate,Trips,000 trips,ACT,ACT,quarter,2020,Q3,Q3 2020,False,343.395,Tourism Research Australia: Domestic Tourism Statistics,domestic_tourism_overnight_backcast_2019_2024.xlsx,Table 4,"Backcast Overnight Interstate Trips ('000), Australia and States"
Overnight,Interstate,Trips,000 trips,ACT,ACT,quarter,2020,Q4,Q4 2020,True,406.941,Tourism Research Australia: Domestic Tourism Statistics,domestic_tourism_overnight_backcast_2019_2024.xlsx,Table 4,"Backcast Overnight Interstate Trips ('000), Australia and States"
Overnight,Interstate,Trips,000 trips,ACT,ACT,quarter,2021,Q1,Q1 2021,False,421.852,Tourism Research Australia: Domestic Tourism Statistics,domestic_tourism_overnight_backcast_2019_2024.xlsx,Table 4,"Backcast Overnight Interstate Trips ('000), Australia and States"
Overnight,Interstate,Trips,000 trips,ACT,ACT,quarter,2021,Q2,Q2 2021,False,562.955,Tourism Research Australia: Domestic Tourism Statistics,domestic_tourism_overnight_backcast_2019_2024.xlsx,Table 4,"Backcast Overnight Interstate Trips ('000), Australia and States"
Overnight,Interstate,Trips,000 trips,ACT,ACT,quarter,2021,Q3,Q3 2021,False,102.291,Tourism Research Australia: Domestic Tourism Statistics,domestic_tourism_overnight_backcast_2019_2024.xlsx,Table 4,"Backcast Overnight Interstate Trips ('000), Australia and States"
Overnight,Interstate,Trips,000 trips,ACT,ACT,quarter,2021,Q4,Q4 2021,True,303.062,Tourism Research Australia: Domestic Tourism Statistics,domestic_tourism_overnight_backcast_2019_2024.xlsx,Table 4,"Backcast Overnight Interstate Trips ('000), Australia and States"
Overnight,Interstate,Trips,000 trips,ACT,ACT,quarter,2022,Q1,Q1 2022,False,491.07,Tourism Research Australia: Domestic Tourism Statistics,domestic_tourism_overnight_backcast_2019_2024.xlsx,Table 4,"Backcast Overnight Interstate Trips ('000), Australia and States"
Overnight,Interstate,Trips,000 trips,ACT,ACT,quarter,2022,Q2,Q2 2022,False,541.251,Tourism Research Australia: Domestic Tourism Statistics,domestic_tourism_overnight_backcast_2019_2024.xlsx,Table 4,"Backcast Overnight Interstate Trips ('000), Australia and States"
Overnight,Interstate,Trips,000 trips,ACT,ACT,quarter,2022,Q3,Q3 2022,False,578.669,Tourism Research Australia: Domestic Tourism Statistics,domestic_tourism_overnight_backcast_2019_2024.xlsx,Table 4,"Backcast Overnight Interstate Trips ('000), Australia and States"
Overnight,Interstate,Trips,000 trips,ACT,ACT,quarter,2022,Q4,Q4 2022,True,586.307,Tourism Research Australia: Domestic Tourism Statistics,domestic_tourism_overnight_backcast_2019_2024.xlsx,Table 4,"Backcast Overnight Interstate Trips ('000), Australia and States"
Overnight,Interstate,Trips,000 trips,ACT,ACT,quarter,2023,Q1,Q1 2023,False,528.092,Tourism Research Australia: Domestic Tourism Statistics,domestic_tourism_overnight_backcast_2019_2024.xlsx,Table 4,"Backcast Overnight Interstate Trips ('000), Australia and States"
Overnight,Interstate,Trips,000 trips,ACT,ACT,quarter,2023,Q2,Q2 2023,False,517.176,Tourism Research Australia: Domestic Tourism Statistics,domestic_tourism_overnight_backcast_2019_2024.xlsx,Table 4,"Backcast Overnight Interstate Trips ('000), Australia and States"
Overnight,Interstate,Trips,000 trips,ACT,ACT,quarter,2023,Q3,Q3 2023,False,555.582,Tourism Research Australia: Domestic Tourism Statistics,domestic_tourism_overnight_backcast_2019_2024.xlsx,Table 4,"Backcast Overnight Interstate Trips ('000), Australia and States"
Overnight,Interstate,Trips,000 trips,ACT,ACT,quarter,2023,Q4,Q4 2023,True,558.094,Tourism Research Australia: Domestic Tourism Statistics,domestic_tourism_overnight_backcast_2019_2024.xlsx,Table 4,"Backcast Overnight Interstate Trips ('000), Australia and States"
Overnight,Interstate,Trips,000 trips,ACT,ACT,quarter,2024,Q1,Q1 2024,False,526.891,Tourism Research Australia: Domestic Tourism Statistics,domestic_tourism_overnight_backcast_2019_2024.xlsx,Table 4,"Backcast Overnight Interstate Trips ('000), Australia and States"
Overnight,Interstate,Trips,000 trips,ACT,ACT,quarter,2024,Q2,Q2 2024,False,505.848,Tourism Research Australia: Domestic Tourism Statistics,domestic_tourism_overnight_backcast_2019_2024.xlsx,Table 4,"Backcast Overnight Interstate Trips ('000), Australia and States"
Overnight,Interstate,Trips,000 trips,ACT,ACT,quarter,2024,Q3,Q3 2024,False,562.843,Tourism Research Australia: Domestic Tourism Statistics,domestic_tourism_overnight_backcast_2019_2024.xlsx,Table 4,"Backcast Overnight Interstate Trips ('000), Australia and States"
Overnight,Interstate,Trips,000 trips,ACT,ACT,quarter,2024,Q4,Q4 2024,True,544.427,Tourism Research Australia: Domestic Tourism Statistics,domestic_tourism_overnight_backcast_2019_2024.xlsx,Table 4,"Backcast Overnight Interstate Trips ('000), Australia and States"
Overnight,Interstate,Nights,000 nights,Australia,AUS,quarter,2019,Q1,Q1 2019,False,31894.08,Tourism Research Australia: Domestic Tourism Statistics,domestic_tourism_overnight_backcast_2019_2024.xlsx,Table 5,"Backcast Overnight Interstate Nights ('000), Australia and States"
Overnight,Interstate,Nights,000 nights,Australia,AUS,quarter,2019,Q2,Q2 2019,False,25895.277,Tourism Research Australia: Domestic Tourism Statistics,domestic_tourism_overnight_backcast_2019_2024.xlsx,Table 5,"Backcast Overnight Interstate Nights ('000), Australia and States"
Overnight,Interstate,Nights,000 nights,Australia,AUS,quarter,2019,Q3,Q3 2019,False,28749.949,Tourism Research Australia: Domestic Tourism Statistics,domestic_tourism_overnight_backcast_2019_2024.xlsx,Table 5,"Backcast Overnight Interstate Nights ('000), Australia and States"
Overnight,Interstate,Nights,000 nights,Australia,AUS,quarter,2019,Q4,Q4 2019,True,29366.406,Tourism Research Australia: Domestic Tourism Statistics,domestic_tourism_overnight_backcast_2019_2024.xlsx,Table 5,"Backcast Overnight Interstate Nights ('000), Australia and States"
Overnight,Interstate,Nights,000 nights,Australia,AUS,quarter,2020,Q1,Q1 2020,False,32192.429,Tourism Research Australia: Domestic Tourism Statistics,domestic_tourism_overnight_backcast_2019_2024.xlsx,Table 5,"Backcast Overnight Interstate Nights ('000), Australia and States"
Overnight,Interstate,Nights,000 nights,Australia,AUS,quarter,2020,Q2,Q2 2020,False,5516.019,Tourism Research Australia: Domestic Tourism Statistics,domestic_tourism_overnight_backcast_2019_2024.xlsx,Table 5,"Backcast Overnight Interstate Nights ('000), Australia and States"
Overnight,Interstate,Nights,000 nights,Australia,AUS,quarter,2020,Q3,Q3 2020,False,7347.575,Tourism Research Australia: Domestic Tourism Statistics,domestic_tourism_overnight_backcast_2019_2024.xlsx,Table 5,"Backcast Overnight Interstate Nights ('000), Australia and States"
Overnight,Interstate,Nights,000 nights,Australia,AUS,quarter,2020,Q4,Q4 2020,True,12415.557,Tourism Research Australia: Domestic Tourism Statistics,domestic_tourism_overnight_backcast_2019_2024.xlsx,Table 5,"Backcast Overnight Interstate Nights ('000), Australia and States"
Overnight,Interstate,Nights,000 nights,Australia,AUS,quarter,2021,Q1,Q1 2021,False,24294.545,Tourism Research Australia: Domestic Tourism Statistics,domestic_tourism_overnight_backcast_2019_2024.xlsx,Table 5,"Backcast Overnight Interstate Nights ('000), Australia and States"
Overnight,Interstate,Nights,000 nights,Australia,AUS,quarter,2021,Q2,Q2 2021,False,25836.052,Tourism Research Australia: Domestic Tourism Statistics,domestic_tourism_overnight_backcast_2019_2024.xlsx,Table 5,"Backcast Overnight Interstate Nights ('000), Australia and States"
Overnight,Interstate,Nights,000 nights,Australia,AUS,quarter,2021,Q3,Q3 2021,False,8167.145,Tourism Research Australia: Domestic Tourism Statistics,domestic_tourism_overnight_backcast_2019_2024.xlsx,Table 5,"Backcast Overnight Interstate Nights ('000), Australia and States"
Overnight,Interstate,Nights,000 nights,Australia,AUS,quarter,2021,Q4,Q4 2021,True,11748.642,Tourism Research Australia: Domestic Tourism Statistics,domestic_tourism_overnight_backcast_2019_2024.xlsx,Table 5,"Backcast Overnight Interstate Nights ('000), Australia and States"
Overnight,Interstate,Nights,000 nights,Australia,AUS,quarter,2022,Q1,Q1 2022,False,30587.337,Tourism Research Australia: Domestic Tourism Statistics,domestic_tourism_overnight_backcast_2019_2024.xlsx,Table 5,"Backcast Overnight Interstate Nights ('000), Australia and States"
Overnight,Interstate,Nights,000 nights,Australia,AUS,quarter,2022,Q2,Q2 2022,False,31548.545,Tourism Research Australia: Domestic Tourism Statistics,domestic_tourism_overnight_backcast_2019_2024.xlsx,Table 5,"Backcast Overnight Interstate Nights ('000), Australia and States"
Overnight,Interstate,Nights,000 nights,Australia,AUS,quarter,2022,Q3,Q3 2022,False,32907.037,Tourism Research Australia: Domestic Tourism Statistics,domestic_tourism_overnight_backcast_2019_2024.xlsx,Table 5,"Backcast Overnight Interstate Nights ('000), Australia and States"
Overnight,Interstate,Nights,000 nights,Australia,AUS,quarter,2022,Q4,Q4 2022,True,31768.715,Tourism Research Australia: Domestic Tourism Statistics,domestic_tourism_overnight_backcast_2019_2024.xlsx,Table 5,"Backcast Overnight Interstate Nights ('000), Australia and States"
Overnight,Interstate,Nights,000 nights,Australia,AUS,quarter,2023,Q1,Q1 2023,False,35062.722,Tourism Research Australia: Domestic Tourism Statistics,domestic_tourism_overnight_backcast_2019_2024.xlsx,Table 5,"Backcast Overnight Interstate Nights ('000), Australia and States"
Overnight,Interstate,Nights,000 nights,Australia,AUS,quarter,2023,Q2,Q2 2023,False,28643.0,Tourism Research Australia: Domestic Tourism Statistics,domestic_tourism_overnight_backcast_2019_2024.xlsx,Table 5,"Backcast Overnight Interstate Nights ('000), Australia and States"
Overnight,Interstate,Nights,000 nights,Australia,AUS,quarter,2023,Q3,Q3 2023,False,31088.57,Tourism Research Australia: Domestic Tourism Statistics,domestic_tourism_overnight_backcast_2019_2024.xlsx,Table 5,"Backcast Overnight Interstate Nights ('000), Australia and States"
Overnight,Interstate,Nights,000 nights,Australia,AUS,quarter,2023,Q4,Q4 2023,True,31353.124,Tourism Research Australia: Domestic Tourism Statistics,domestic_tourism_overnight_backcast_2019_2024.xlsx,Table 5,"Backcast Overnight Interstate Nights ('000), Australia and States"
Overnight,Interstate,Nights,000 nights,Australia,AUS,quarter,2024,Q1,Q1 2024,False,35812.179,Tourism Research Australia: Domestic Tourism Statistics,domestic_tourism_overnight_backcast_2019_2024.xlsx,Table 5,"Backcast Overnight Interstate Nights ('000), Australia and States"
Overnight,Interstate,Nights,000 nights,Australia,AUS,quarter,2024,Q2,Q2 2024,False,28185.287,Tourism Research Australia: Domestic Tourism Statistics,domestic_tourism_overnight_backcast_2019_2024.xlsx,Table 5,"Backcast Overnight Interstate Nights ('000), Australia and States"
Overnight,Interstate,Nights,000 nights,Australia,AUS,quarter,2024,Q3,Q3 2024,False,30271.544,Tourism Research Australia: Domestic Tourism Statistics,domestic_tourism_overnight_backcast_2019_2024.xlsx,Table 5,"Backcast Overnight Interstate Nights ('000), Australia and States"
Overnight,Interstate,Nights,000 nights,Australia,AUS,quarter,2024,Q4,Q4 2024,True,31220.893,Tourism Research Australia: Domestic Tourism Statistics,domestic_tourism_overnight_backcast_2019_2024.xlsx,Table 5,"Backcast Overnight Interstate Nights ('000), Australia and States"
Overnight,Interstate,Nights,000 nights,New South Wales,NSW,quarter,2019,Q1,Q1 2019,False,10247.561,Tourism Research Australia: Domestic Tourism Statistics,domestic_tourism_overnight_backcast_2019_2024.xlsx,Table 5,"Backcast Overnight Interstate Nights ('000), Australia and States"
Overnight,Interstate,Nights,000 nights,New South Wales,NSW,quarter,2019,Q2,Q2 2019,False,8035.304,Tourism Research Australia: Domestic Tourism Statistics,domestic_tourism_overnight_backcast_2019_2024.xlsx,Table 5,"Backcast Overnight Interstate Nights ('000), Australia and States"
Overnight,Interstate,Nights,000 nights,New South Wales,NSW,quarter,2019,Q3,Q3 2019,False,8220.021,Tourism Research Australia: Domestic Tourism Statistics,domestic_tourism_overnight_backcast_2019_2024.xlsx,Table 5,"Backcast Overnight Interstate Nights ('000), Australia and States"
Overnight,Interstate,Nights,000 nights,New South Wales,NSW,quarter,2019,Q4,Q4 2019,True,9024.934,Tourism Research Australia: Domestic Tourism Statistics,domestic_tourism_overnight_backcast_2019_2024.xlsx,Table 5,"Backcast Overnight Interstate Nights ('000), Australia and States"
Overnight,Interstate,Nights,000 nights,New South Wales,NSW,quarter,2020,Q1,Q1 2020,False,9615.819,Tourism Research Australia: Domestic Tourism Statistics,domestic_tourism_overnight_backcast_2019_2024.xlsx,Table 5,"Backcast Overnight Interstate Nights ('000), Australia and States"
Overnight,Interstate,Nights,000 nights,New South Wales,NSW,quarter,2020,Q2,Q2 2020,False,2530.547,Tourism Research Australia: Domestic Tourism Statistics,domestic_tourism_overnight_backcast_2019_2024.xlsx,Table 5,"Backcast Overnight Interstate Nights ('000), Australia and States"
Overnight,Interstate,Nights,000 nights,New South Wales,NSW,quarter,2020,Q3,Q3 2020,False,2869.346,Tourism Research Australia: Domestic Tourism Statistics,domestic_tourism_overnight_backcast_2019_2024.xlsx,Table 5,"Backcast Overnight Interstate Nights ('000), Australia and States"
Overnight,Interstate,Nights,000 nights,New South Wales,NSW,quarter,2020,Q4,Q4 2020,True,4830.602,Tourism Research Australia: Domestic Tourism Statistics,domestic_tourism_overnight_backcast_2019_2024.xlsx,Table 5,"Backcast Overnight Interstate Nights ('000), Australia and States"
Overnight,Interstate,Nights,000 nights,New South Wales,NSW,quarter,2021,Q1,Q1 2021,False,6998.926,Tourism Research Australia: Domestic Tourism Statistics,domestic_tourism_overnight_backcast_2019_2024.xlsx,Table 5,"Backcast Overnight Interstate Nights ('000), Australia and States"
Overnight,Interstate,Nights,000 nights,New South Wales,NSW,quarter,2021,Q2,Q2 2021,False,7820.752,Tourism Research Australia: Domestic Tourism Statistics,domestic_tourism_overnight_backcast_2019_2024.xlsx,Table 5,"Backcast Overnight Interstate Nights ('000), Australia and States"
Overnight,Interstate,Nights,000 nights,New South Wales,NSW,quarter,2021,Q3,Q3 2021,False,1578.707,Tourism Research Australia: Domestic Tourism Statistics,domestic_tourism_overnight_backcast_2019_2024.xlsx,Table 5,"Backcast Overnight Interstate Nights ('000), Australia and States"
Overnight,Interstate,Nights,000 nights,New South Wales,NSW,quarter,2021,Q4,Q4 2021,True,4159.791,Tourism Research Australia: Domestic Tourism Statistics,domestic_tourism_overnight_backcast_2019_2024.xlsx,Table 5,"Backcast Overnight Interstate Nights ('000), Australia and States"
Overnight,Interstate,Nights,000 nights,New South Wales,NSW,quarter,2022,Q1,Q1 2022,False,9043.579,Tourism Research Australia: Domestic Tourism Statistics,domestic_tourism_overnight_backcast_2019_2024.xlsx,Table 5,"Backcast Overnight Interstate Nights ('000), Australia and States"
Overnight,Interstate,Nights,000 nights,New South Wales,NSW,quarter,2022,Q2,Q2 2022,False,8625.479,Tourism Research Australia: Domestic Tourism Statistics,domestic_tourism_overnight_backcast_2019_2024.xlsx,Table 5,"Backcast Overnight Interstate Nights ('000), Australia and States"
Overnight,Interstate,Nights,000 nights,New South Wales,NSW,quarter,2022,Q3,Q3 2022,False,8612.731,Tourism Research Australia: Domestic Tourism Statistics,domestic_tourism_overnight_backcast_2019_2024.xlsx,Table 5,"Backcast Overnight Interstate Nights ('000), Australia and States"
Overnight,Interstate,Nights,000 nights,New South Wales,NSW,quarter,2022,Q4,Q4 2022,True,8913.554,Tourism Research Australia: Domestic Tourism Statistics,domestic_tourism_overnight_backcast_2019_2024.xlsx,Table 5,"Backcast Overnight Interstate Nights ('000), Australia and States"
Overnight,Interstate,Nights,000 nights,New South Wales,NSW,quarter,2023,Q1,Q1 2023,False,10533.205,Tourism Research Australia: Domestic Tourism Statistics,domestic_tourism_overnight_backcast_2019_2024.xlsx,Table 5,"Backcast Overnight Interstate Nights ('000), Australia and States"
Overnight,Interstate,Nights,000 nights,New South Wales,NSW,quarter,2023,Q2,Q2 2023,False,8437.074,Tourism Research Australia: Domestic Tourism Statistics,domestic_tourism_overnight_backcast_2019_2024.xlsx,Table 5,"Backcast Overnight Interstate Nights ('000), Australia and States"
Overnight,Interstate,Nights,000 nights,New South Wales,NSW,quarter,2023,Q3,Q3 2023,False,8704.185,Tourism Research Australia: Domestic Tourism Statistics,domestic_tourism_overnight_backcast_2019_2024.xlsx,Table 5,"Backcast Overnight Interstate Nights ('000), Australia and States"
Overnight,Interstate,Nights,000 nights,New South Wales,NSW,quarter,2023,Q4,Q4 2023,True,9448.395,Tourism Research Australia: Domestic Tourism Statistics,domestic_tourism_overnight_backcast_2019_2024.xlsx,Table 5,"Backcast Overnight Interstate Nights ('000), Australia and States"
Overnight,Interstate,Nights,000 nights,New South Wales,NSW,quarter,2024,Q1,Q1 2024,False,10779.273,Tourism Research Australia: Domestic Tourism Statistics,domestic_tourism_overnight_backcast_2019_2024.xlsx,Table 5,"Backcast Overnight Interstate Nights ('000), Australia and States"
Overnight,Interstate,Nights,000 nights,New South Wales,NSW,quarter,2024,Q2,Q2 2024,False,8281.342,Tourism Research Australia: Domestic Tourism Statistics,domestic_tourism_overnight_backcast_2019_2024.xlsx,Table 5,"Backcast Overnight Interstate Nights ('000), Australia and States"
Overnight,Interstate,Nights,000 nights,New South Wales,NSW,quarter,2024,Q3,Q3 2024,False,8318.429,Tourism Research Australia: Domestic Tourism Statistics,domestic_tourism_overnight_backcast_2019_2024.xlsx,Table 5,"Backcast Overnight Interstate Nights ('000), Australia and States"
Overnight,Interstate,Nights,000 nights,New South Wales,NSW,quarter,2024,Q4,Q4 2024,True,9370.74,Tourism Research Australia: Domestic Tourism Statistics,domestic_tourism_overnight_backcast_2019_2024.xlsx,Table 5,"Backcast Overnight Interstate Nights ('000), Australia and States"
Overnight,Interstate,Nights,000 nights,Victoria,VIC,quarter,2019,Q1,Q1 2019,False,6588.79,Tourism Research Australia: Domestic Tourism Statistics,domestic_tourism_overnight_backcast_2019_2024.xlsx,Table 5,"Backcast Overnight Interstate Nights ('000), Australia and States"
Overnight,Interstate,Nights,000 nights,Victoria,VIC,quarter,2019,Q2,Q2 2019,False,5318.201,Tourism Research Australia: Domestic Tourism Statistics,domestic_tourism_overnight_backcast_2019_2024.xlsx,Table 5,"Backcast Overnight Interstate Nights ('000), Australia and States"
Overnight,Interstate,Nights,000 nights,Victoria,VIC,quarter,2019,Q3,Q3 2019,False,5292.417,Tourism Research Australia: Domestic Tourism Statistics,domestic_tourism_overnight_backcast_2019_2024.xlsx,Table 5,"Backcast Overnight Interstate Nights ('000), Australia and States"
Overnight,Interstate,Nights,000 nights,Victoria,VIC,quarter,2019,Q4,Q4 2019,True,6074.443,Tourism Research Australia: Domestic Tourism Statistics,domestic_tourism_overnight_backcast_2019_2024.xlsx,Table 5,"Backcast Overnight Interstate Nights ('000), Australia and States"
Overnight,Interstate,Nights,000 nights,Victoria,VIC,quarter,2020,Q1,Q1 2020,False,6656.432,Tourism Research Australia: Domestic Tourism Statistics,domestic_tourism_overnight_backcast_2019_2024.xlsx,Table 5,"Backcast Overnight Interstate Nights ('000), Australia and States"
Overnight,Interstate,Nights,000 nights,Victoria,VIC,quarter,2020,Q2,Q2 2020,False,1024.235,Tourism Research Australia: Domestic Tourism Statistics,domestic_tourism_overnight_backcast_2019_2024.xlsx,Table 5,"Backcast Overnight Interstate Nights ('000), Australia and States"
Overnight,Interstate,Nights,000 nights,Victoria,VIC,quarter,2020,Q3,Q3 2020,False,520.292,Tourism Research Australia: Domestic Tourism Statistics,domestic_tourism_overnight_backcast_2019_2024.xlsx,Table 5,"Backcast Overnight Interstate Nights ('000), Australia and States"
Overnight,Interstate,Nights,000 nights,Victoria,VIC,quarter,2020,Q4,Q4 2020,True,1512.536,Tourism Research Australia: Domestic Tourism Statistics,domestic_tourism_overnight_backcast_2019_2024.xlsx,Table 5,"Backcast Overnight Interstate Nights ('000), Australia and States"
Overnight,Interstate,Nights,000 nights,Victoria,VIC,quarter,2021,Q1,Q1 2021,False,3532.088,Tourism Research Australia: Domestic Tourism Statistics,domestic_tourism_overnight_backcast_2019_2024.xlsx,Table 5,"Backcast Overnight Interstate Nights ('000), Australia and States"
Overnight,Interstate,Nights,000 nights,Victoria,VIC,quarter,2021,Q2,Q2 2021,False,3784.435,Tourism Research Australia: Domestic Tourism Statistics,domestic_tourism_overnight_backcast_2019_2024.xlsx,Table 5,"Backcast Overnight Interstate Nights ('000), Australia and States"
Overnight,Interstate,Nights,000 nights,Victoria,VIC,quarter,2021,Q3,Q3 2021,False,856.909,Tourism Research Australia: Domestic Tourism Statistics,domestic_tourism_overnight_backcast_2019_2024.xlsx,Table 5,"Backcast Overnight Interstate Nights ('000), Australia and States"
Overnight,Interstate,Nights,000 nights,Victoria,VIC,quarter,2021,Q4,Q4 2021,True,2105.309,Tourism Research Australia: Domestic Tourism Statistics,domestic_tourism_overnight_backcast_2019_2024.xlsx,Table 5,"Backcast Overnight Interstate Nights ('000), Australia and States"
Overnight,Interstate,Nights,000 nights,Victoria,VIC,quarter,2022,Q1,Q1 2022,False,5430.507,Tourism Research Australia: Domestic Tourism Statistics,domestic_tourism_overnight_backcast_2019_2024.xlsx,Table 5,"Backcast Overnight Interstate Nights ('000), Australia and States"
Overnight,Interstate,Nights,000 nights,Victoria,VIC,quarter,2022,Q2,Q2 2022,False,6224.217,Tourism Research Australia: Domestic Tourism Statistics,domestic_tourism_overnight_backcast_2019_2024.xlsx,Table 5,"Backcast Overnight Interstate Nights ('000), Australia and States"
Overnight,Interstate,Nights,000 nights,Victoria,VIC,quarter,2022,Q3,Q3 2022,False,5748.821,Tourism Research Australia: Domestic Tourism Statistics,domestic_tourism_overnight_backcast_2019_2024.xlsx,Table 5,"Backcast Overnight Interstate Nights ('000), Australia and States"
Overnight,Interstate,Nights,000 nights,Victoria,VIC,quarter,2022,Q4,Q4 2022,True,6171.997,Tourism Research Australia: Domestic Tourism Statistics,domestic_tourism_overnight_backcast_2019_2024.xlsx,Table 5,"Backcast Overnight Interstate Nights ('000), Australia and States"
Overnight,Interstate,Nights,000 nights,Victoria,VIC,quarter,2023,Q1,Q1 2023,False,6886.756,Tourism Research Australia: Domestic Tourism Statistics,domestic_tourism_overnight_backcast_2019_2024.xlsx,Table 5,"Backcast Overnight Interstate Nights ('000), Australia and States"
Overnight,Interstate,Nights,000 nights,Victoria,VIC,quarter,2023,Q2,Q2 2023,False,5667.751,Tourism Research Australia: Domestic Tourism Statistics,domestic_tourism_overnight_backcast_2019_2024.xlsx,Table 5,"Backcast Overnight Interstate Nights ('000), Australia and States"
Overnight,Interstate,Nights,000 nights,Victoria,VIC,quarter,2023,Q3,Q3 2023,False,5464.359,Tourism Research Australia: Domestic Tourism Statistics,domestic_tourism_overnight_backcast_2019_2024.xlsx,Table 5,"Backcast Overnight Interstate Nights ('000), Australia and States"
Overnight,Interstate,Nights,000 nights,Victoria,VIC,quarter,2023,Q4,Q4 2023,True,6314.436,Tourism Research Australia: Domestic Tourism Statistics,domestic_tourism_overnight_backcast_2019_2024.xlsx,Table 5,"Backcast Overnight Interstate Nights ('000), Australia and States"
Overnight,Interstate,Nights,000 nights,Victoria,VIC,quarter,2024,Q1,Q1 2024,False,7576.689,Tourism Research Australia: Domestic Tourism Statistics,domestic_tourism_overnight_backcast_2019_2024.xlsx,Table 5,"Backcast Overnight Interstate Nights ('000), Australia and States"
Overnight,Interstate,Nights,000 nights,Victoria,VIC,quarter,2024,Q2,Q2 2024,False,5728.768,Tourism Research Australia: Domestic Tourism Statistics,domestic_tourism_overnight_backcast_2019_2024.xlsx,Table 5,"Backcast Overnight Interstate Nights ('000), Australia and States"
Overnight,Interstate,Nights,000 nights,Victoria,VIC,quarter,2024,Q3,Q3 2024,False,5442.738,Tourism Research Australia: Domestic Tourism Statistics,domestic_tourism_overnight_backcast_2019_2024.xlsx,Table 5,"Backcast Overnight Interstate Nights ('000), Australia and States"
Overnight,Interstate,Nights,000 nights,Victoria,VIC,quarter,2024,Q4,Q4 2024,True,6322.658,Tourism Research Australia: Domestic Tourism Statistics,domestic_tourism_overnight_backcast_2019_2024.xlsx,Table 5,"Backcast Overnight Interstate Nights ('000), Australia and States"
Overnight,Interstate,Nights,000 nights,Queensland,QLD,quarter,2019,Q1,Q1 2019,False,7410.285,Tourism Research Australia: Domestic Tourism Statistics,domestic_tourism_overnight_backcast_2019_2024.xlsx,Table 5,"Backcast Overnight Interstate Nights ('000), Australia and States"
Overnight,Interstate,Nights,000 nights,Queensland,QLD,quarter,2019,Q2,Q2 2019,False,6188.834,Tourism Research Australia: Domestic Tourism Statistics,domestic_tourism_overnight_backcast_2019_2024.xlsx,Table 5,"Backcast Overnight Interstate Nights ('000), Australia and States"
Overnight,Interstate,Nights,000 nights,Queensland,QLD,quarter,2019,Q3,Q3 2019,False,8566.908,Tourism Research Australia: Domestic Tourism Statistics,domestic_tourism_overnight_backcast_2019_2024.xlsx,Table 5,"Backcast Overnight Interstate Nights ('000), Australia and States"
Overnight,Interstate,Nights,000 nights,Queensland,QLD,quarter,2019,Q4,Q4 2019,True,7252.223,Tourism Research Australia: Domestic Tourism Statistics,domestic_tourism_overnight_backcast_2019_2024.xlsx,Table 5,"Backcast Overnight Interstate Nights ('000), Australia and States"
Overnight,Interstate,Nights,000 nights,Queensland,QLD,quarter,2020,Q1,Q1 2020,False,7738.483,Tourism Research Australia: Domestic Tourism Statistics,domestic_tourism_overnight_backcast_2019_2024.xlsx,Table 5,"Backcast Overnight Interstate Nights ('000), Australia and States"
Overnight,Interstate,Nights,000 nights,Queensland,QLD,quarter,2020,Q2,Q2 2020,False,822.256,Tourism Research Australia: Domestic Tourism Statistics,domestic_tourism_overnight_backcast_2019_2024.xlsx,Table 5,"Backcast Overnight Interstate Nights ('000), Australia and States"
Overnight,Interstate,Nights,000 nights,Queensland,QLD,quarter,2020,Q3,Q3 2020,False,2210.638,Tourism Research Australia: Domestic Tourism Statistics,domestic_tourism_overnight_backcast_2019_2024.xlsx,Table 5,"Backcast Overnight Interstate Nights ('000), Australia and States"
Overnight,Interstate,Nights,000 nights,Queensland,QLD,quarter,2020,Q4,Q4 2020,True,2827.948,Tourism Research Australia: Domestic Tourism Statistics,domestic_tourism_overnight_backcast_2019_2024.xlsx,Table 5,"Backcast Overnight Interstate Nights ('000), Australia and States"
Overnight,Interstate,Nights,000 nights,Queensland,QLD,quarter,2021,Q1,Q1 2021,False,7209.423,Tourism Research Australia: Domestic Tourism Statistics,domestic_tourism_overnight_backcast_2019_2024.xlsx,Table 5,"Backcast Overnight Interstate Nights ('000), Australia and States"
Overnight,Interstate,Nights,000 nights,Queensland,QLD,quarter,2021,Q2,Q2 2021,False,7118.344,Tourism Research Australia: Domestic Tourism Statistics,domestic_tourism_overnight_backcast_2019_2024.xlsx,Table 5,"Backcast Overnight Interstate Nights ('000), Australia and States"
Overnight,Interstate,Nights,000 nights,Queensland,QLD,quarter,2021,Q3,Q3 2021,False,3030.276,Tourism Research Australia: Domestic Tourism Statistics,domestic_tourism_overnight_backcast_2019_2024.xlsx,Table 5,"Backcast Overnight Interstate Nights ('000), Australia and States"
Overnight,Interstate,Nights,000 nights,Queensland,QLD,quarter,2021,Q4,Q4 2021,True,2083.379,Tourism Research Australia: Domestic Tourism Statistics,domestic_tourism_overnight_backcast_2019_2024.xlsx,Table 5,"Backcast Overnight Interstate Nights ('000), Australia and States"
Overnight,Interstate,Nights,000 nights,Queensland,QLD,quarter,2022,Q1,Q1 2022,False,9594.46,Tourism Research Australia: Domestic Tourism Statistics,domestic_tourism_overnight_backcast_2019_2024.xlsx,Table 5,"Backcast Overnight Interstate Nights ('000), Australia and States"
Overnight,Interstate,Nights,000 nights,Queensland,QLD,quarter,2022,Q2,Q2 2022,False,8759.899,Tourism Research Australia: Domestic Tourism Statistics,domestic_tourism_overnight_backcast_2019_2024.xlsx,Table 5,"Backcast Overnight Interstate Nights ('000), Australia and States"
Overnight,Interstate,Nights,000 nights,Queensland,QLD,quarter,2022,Q3,Q3 2022,False,10602.193,Tourism Research Australia: Domestic Tourism Statistics,domestic_tourism_overnight_backcast_2019_2024.xlsx,Table 5,"Backcast Overnight Interstate Nights ('000), Australia and States"
Overnight,Interstate,Nights,000 nights,Queensland,QLD,quarter,2022,Q4,Q4 2022,True,8907.527,Tourism Research Australia: Domestic Tourism Statistics,domestic_tourism_overnight_backcast_2019_2024.xlsx,Table 5,"Backcast Overnight Interstate Nights ('000), Australia and States"
Overnight,Interstate,Nights,000 nights,Queensland,QLD,quarter,2023,Q1,Q1 2023,False,9064.293,Tourism Research Australia: Domestic Tourism Statistics,domestic_tourism_overnight_backcast_2019_2024.xlsx,Table 5,"Backcast Overnight Interstate Nights ('000), Australia and States"
Overnight,Interstate,Nights,000 nights,Queensland,QLD,quarter,2023,Q2,Q2 2023,False,7430.963,Tourism Research Australia: Domestic Tourism Statistics,domestic_tourism_overnight_backcast_2019_2024.xlsx,Table 5,"Backcast Overnight Interstate Nights ('000), Australia and States"
Overnight,Interstate,Nights,000 nights,Queensland,QLD,quarter,2023,Q3,Q3 2023,False,9797.997,Tourism Research Australia: Domestic Tourism Statistics,domestic_tourism_overnight_backcast_2019_2024.xlsx,Table 5,"Backcast Overnight Interstate Nights ('000), Australia and States"
Overnight,Interstate,Nights,000 nights,Queensland,QLD,quarter,2023,Q4,Q4 2023,True,8185.618,Tourism Research Australia: Domestic Tourism Statistics,domestic_tourism_overnight_backcast_2019_2024.xlsx,Table 5,"Backcast Overnight Interstate Nights ('000), Australia and States"
Overnight,Interstate,Nights,000 nights,Queensland,QLD,quarter,2024,Q1,Q1 2024,False,8764.807,Tourism Research Australia: Domestic Tourism Statistics,domestic_tourism_overnight_backcast_2019_2024.xlsx,Table 5,"Backcast Overnight Interstate Nights ('000), Australia and States"
Overnight,Interstate,Nights,000 nights,Queensland,QLD,quarter,2024,Q2,Q2 2024,False,7132.716,Tourism Research Australia: Domestic Tourism Statistics,domestic_tourism_overnight_backcast_2019_2024.xlsx,Table 5,"Backcast Overnight Interstate Nights ('000), Australia and States"
Overnight,Interstate,Nights,000 nights,Queensland,QLD,quarter,2024,Q3,Q3 2024,False,9258.002,Tourism Research Australia: Domestic Tourism Statistics,domestic_tourism_overnight_backcast_2019_2024.xlsx,Table 5,"Backcast Overnight Interstate Nights ('000), Australia and States"
Overnight,Interstate,Nights,000 nights,Queensland,QLD,quarter,2024,Q4,Q4 2024,True,8161.789,Tourism Research Australia: Domestic Tourism Statistics,domestic_tourism_overnight_backcast_2019_2024.xlsx,Table 5,"Backcast Overnight Interstate Nights ('000), Australia and States"
Overnight,Interstate,Nights,000 nights,South Australia,SA,quarter,2019,Q1,Q1 2019,False,2262.711,Tourism Research Australia: Domestic Tourism Statistics,domestic_tourism_overnight_backcast_2019_2024.xlsx,Table 5,"Backcast Overnight Interstate Nights ('000), Australia and States"
Overnight,Interstate,Nights,000 nights,South Australia,SA,quarter,2019,Q2,Q2 2019,False,1742.465,Tourism Research Australia: Domestic Tourism Statistics,domestic_tourism_overnight_backcast_2019_2024.xlsx,Table 5,"Backcast Overnight Interstate Nights ('000), Australia and States"
Overnight,Interstate,Nights,000 nights,South Australia,SA,quarter,2019,Q3,Q3 2019,False,1629.784,Tourism Research Australia: Domestic Tourism Statistics,domestic_tourism_overnight_backcast_2019_2024.xlsx,Table 5,"Backcast Overnight Interstate Nights ('000), Australia and States"
Overnight,Interstate,Nights,000 nights,South Australia,SA,quarter,2019,Q4,Q4 2019,True,1952.687,Tourism Research Australia: Domestic Tourism Statistics,domestic_tourism_overnight_backcast_2019_2024.xlsx,Table 5,"Backcast Overnight Interstate Nights ('000), Australia and States"
Overnight,Interstate,Nights,000 nights,South Australia,SA,quarter,2020,Q1,Q1 2020,False,2402.762,Tourism Research Australia: Domestic Tourism Statistics,domestic_tourism_overnight_backcast_2019_2024.xlsx,Table 5,"Backcast Overnight Interstate Nights ('000), Australia and States"
Overnight,Interstate,Nights,000 nights,South Australia,SA,quarter,2020,Q2,Q2 2020,False,232.458,Tourism Research Australia: Domestic Tourism Statistics,domestic_tourism_overnight_backcast_2019_2024.xlsx,Table 5,"Backcast Overnight Interstate Nights ('000), Australia and States"
Overnight,Interstate,Nights,000 nights,South Australia,SA,quarter,2020,Q3,Q3 2020,False,345.147,Tourism Research Australia: Domestic Tourism Statistics,domestic_tourism_overnight_backcast_2019_2024.xlsx,Table 5,"Backcast Overnight Interstate Nights ('000), Australia and States"
Overnight,Interstate,Nights,000 nights,South Australia,SA,quarter,2020,Q4,Q4 2020,True,947.41,Tourism Research Australia: Domestic Tourism Statistics,domestic_tourism_overnight_backcast_2019_2024.xlsx,Table 5,"Backcast Overnight Interstate Nights ('000), Australia and States"
Overnight,Interstate,Nights,000 nights,South Australia,SA,quarter,2021,Q1,Q1 2021,False,2139.815,Tourism Research Australia: Domestic Tourism Statistics,domestic_tourism_overnight_backcast_2019_2024.xlsx,Table 5,"Backcast Overnight Interstate Nights ('000), Australia and States"
Overnight,Interstate,Nights,000 nights,South Australia,SA,quarter,2021,Q2,Q2 2021,False,1877.97,Tourism Research Australia: Domestic Tourism Statistics,domestic_tourism_overnight_backcast_2019_2024.xlsx,Table 5,"Backcast Overnight Interstate Nights ('000), Australia and States"
Overnight,Interstate,Nights,000 nights,South Australia,SA,quarter,2021,Q3,Q3 2021,False,556.059,Tourism Research Australia: Domestic Tourism Statistics,domestic_tourism_overnight_backcast_2019_2024.xlsx,Table 5,"Backcast Overnight Interstate Nights ('000), Australia and States"
Overnight,Interstate,Nights,000 nights,South Australia,SA,quarter,2021,Q4,Q4 2021,True,986.741,Tourism Research Australia: Domestic Tourism Statistics,domestic_tourism_overnight_backcast_2019_2024.xlsx,Table 5,"Backcast Overnight Interstate Nights ('000), Australia and States"
Overnight,Interstate,Nights,000 nights,South Australia,SA,quarter,2022,Q1,Q1 2022,False,2409.419,Tourism Research Australia: Domestic Tourism Statistics,domestic_tourism_overnight_backcast_2019_2024.xlsx,Table 5,"Backcast Overnight Interstate Nights ('000), Australia and States"
Overnight,Interstate,Nights,000 nights,South Australia,SA,quarter,2022,Q2,Q2 2022,False,2228.258,Tourism Research Australia: Domestic Tourism Statistics,domestic_tourism_overnight_backcast_2019_2024.xlsx,Table 5,"Backcast Overnight Interstate Nights ('000), Australia and States"
Overnight,Interstate,Nights,000 nights,South Australia,SA,quarter,2022,Q3,Q3 2022,False,1957.05,Tourism Research Australia: Domestic Tourism Statistics,domestic_tourism_overnight_backcast_2019_2024.xlsx,Table 5,"Backcast Overnight Interstate Nights ('000), Australia and States"
Overnight,Interstate,Nights,000 nights,South Australia,SA,quarter,2022,Q4,Q4 2022,True,2187.614,Tourism Research Australia: Domestic Tourism Statistics,domestic_tourism_overnight_backcast_2019_2024.xlsx,Table 5,"Backcast Overnight Interstate Nights ('000), Australia and States"
Overnight,Interstate,Nights,000 nights,South Australia,SA,quarter,2023,Q1,Q1 2023,False,2690.396,Tourism Research Australia: Domestic Tourism Statistics,domestic_tourism_overnight_backcast_2019_2024.xlsx,Table 5,"Backcast Overnight Interstate Nights ('000), Australia and States"
Overnight,Interstate,Nights,000 nights,South Australia,SA,quarter,2023,Q2,Q2 2023,False,2098.244,Tourism Research Australia: Domestic Tourism Statistics,domestic_tourism_overnight_backcast_2019_2024.xlsx,Table 5,"Backcast Overnight Interstate Nights ('000), Australia and States"
Overnight,Interstate,Nights,000 nights,South Australia,SA,quarter,2023,Q3,Q3 2023,False,1831.492,Tourism Research Australia: Domestic Tourism Statistics,domestic_tourism_overnight_backcast_2019_2024.xlsx,Table 5,"Backcast Overnight Interstate Nights ('000), Australia and States"
Overnight,Interstate,Nights,000 nights,South Australia,SA,quarter,2023,Q4,Q4 2023,True,2130.286,Tourism Research Australia: Domestic Tourism Statistics,domestic_tourism_overnight_backcast_2019_2024.xlsx,Table 5,"Backcast Overnight Interstate Nights ('000), Australia and States"
Overnight,Interstate,Nights,000 nights,South Australia,SA,quarter,2024,Q1,Q1 2024,False,2762.561,Tourism Research Australia: Domestic Tourism Statistics,domestic_tourism_overnight_backcast_2019_2024.xlsx,Table 5,"Backcast Overnight Interstate Nights ('000), Australia and States"
Overnight,Interstate,Nights,000 nights,South Australia,SA,quarter,2024,Q2,Q2 2024,False,2137.747,Tourism Research Australia: Domestic Tourism Statistics,domestic_tourism_overnight_backcast_2019_2024.xlsx,Table 5,"Backcast Overnight Interstate Nights ('000), Australia and States"
Overnight,Interstate,Nights,000 nights,South Australia,SA,quarter,2024,Q3,Q3 2024,False,1829.827,Tourism Research Australia: Domestic Tourism Statistics,domestic_tourism_overnight_backcast_2019_2024.xlsx,Table 5,"Backcast Overnight Interstate Nights ('000), Australia and States"
Overnight,Interstate,Nights,000 nights,South Australia,SA,quarter,2024,Q4,Q4 2024,True,2131.492,Tourism Research Australia: Domestic Tourism Statistics,domestic_tourism_overnight_backcast_2019_2024.xlsx,Table 5,"Backcast Overnight Interstate Nights ('000), Australia and States"
Overnight,Interstate,Nights,000 nights,Western Australia,WA,quarter,2019,Q1,Q1 2019,False,1688.322,Tourism Research Australia: Domestic Tourism Statistics,domestic_tourism_overnight_backcast_2019_2024.xlsx,Table 5,"Backcast Overnight Interstate Nights ('000), Australia and States"
Overnight,Interstate,Nights,000 nights,Western Australia,WA,quarter,2019,Q2,Q2 2019,False,1362.003,Tourism Research Australia: Domestic Tourism Statistics,domestic_tourism_overnight_backcast_2019_2024.xlsx,Table 5,"Backcast Overnight Interstate Nights ('000), Australia and States"
Overnight,Interstate,Nights,000 nights,Western Australia,WA,quarter,2019,Q3,Q3 2019,False,1532.426,Tourism Research Australia: Domestic Tourism Statistics,domestic_tourism_overnight_backcast_2019_2024.xlsx,Table 5,"Backcast Overnight Interstate Nights ('000), Australia and States"
Overnight,Interstate,Nights,000 nights,Western Australia,WA,quarter,2019,Q4,Q4 2019,True,1645.407,Tourism Research Australia: Domestic Tourism Statistics,domestic_tourism_overnight_backcast_2019_2024.xlsx,Table 5,"Backcast Overnight Interstate Nights ('000), Australia and States"
Overnight,Interstate,Nights,000 nights,Western Australia,WA,quarter,2020,Q1,Q1 2020,False,1894.258,Tourism Research Australia: Domestic Tourism Statistics,domestic_tourism_overnight_backcast_2019_2024.xlsx,Table 5,"Backcast Overnight Interstate Nights ('000), Australia and States"
Overnight,Interstate,Nights,000 nights,Western Australia,WA,quarter,2020,Q2,Q2 2020,False,151.273,Tourism Research Australia: Domestic Tourism Statistics,domestic_tourism_overnight_backcast_2019_2024.xlsx,Table 5,"Backcast Overnight Interstate Nights ('000), Australia and States"
Overnight,Interstate,Nights,000 nights,Western Australia,WA,quarter,2020,Q3,Q3 2020,False,102.264,Tourism Research Australia: Domestic Tourism Statistics,domestic_tourism_overnight_backcast_2019_2024.xlsx,Table 5,"Backcast Overnight Interstate Nights ('000), Australia and States"
Overnight,Interstate,Nights,000 nights,Western Australia,WA,quarter,2020,Q4,Q4 2020,True,280.215,Tourism Research Australia: Domestic Tourism Statistics,domestic_tourism_overnight_backcast_2019_2024.xlsx,Table 5,"Backcast Overnight Interstate Nights ('000), Australia and States"
Overnight,Interstate,Nights,000 nights,Western Australia,WA,quarter,2021,Q1,Q1 2021,False,958.002,Tourism Research Australia: Domestic Tourism Statistics,domestic_tourism_overnight_backcast_2019_2024.xlsx,Table 5,"Backcast Overnight Interstate Nights ('000), Australia and States"
Overnight,Interstate,Nights,000 nights,Western Australia,WA,quarter,2021,Q2,Q2 2021,False,1353.708,Tourism Research Australia: Domestic Tourism Statistics,domestic_tourism_overnight_backcast_2019_2024.xlsx,Table 5,"Backcast Overnight Interstate Nights ('000), Australia and States"
Overnight,Interstate,Nights,000 nights,Western Australia,WA,quarter,2021,Q3,Q3 2021,False,450.436,Tourism Research Australia: Domestic Tourism Statistics,domestic_tourism_overnight_backcast_2019_2024.xlsx,Table 5,"Backcast Overnight Interstate Nights ('000), Australia and States"
Overnight,Interstate,Nights,000 nights,Western Australia,WA,quarter,2021,Q4,Q4 2021,True,460.353,Tourism Research Australia: Domestic Tourism Statistics,domestic_tourism_overnight_backcast_2019_2024.xlsx,Table 5,"Backcast Overnight Interstate Nights ('000), Australia and States"
Overnight,Interstate,Nights,000 nights,Western Australia,WA,quarter,2022,Q1,Q1 2022,False,336.5,Tourism Research Australia: Domestic Tourism Statistics,domestic_tourism_overnight_backcast_2019_2024.xlsx,Table 5,"Backcast Overnight Interstate Nights ('000), Australia and States"
Overnight,Interstate,Nights,000 nights,Western Australia,WA,quarter,2022,Q2,Q2 2022,False,1683.124,Tourism Research Australia: Domestic Tourism Statistics,domestic_tourism_overnight_backcast_2019_2024.xlsx,Table 5,"Backcast Overnight Interstate Nights ('000), Australia and States"
Overnight,Interstate,Nights,000 nights,Western Australia,WA,quarter,2022,Q3,Q3 2022,False,1857.157,Tourism Research Australia: Domestic Tourism Statistics,domestic_tourism_overnight_backcast_2019_2024.xlsx,Table 5,"Backcast Overnight Interstate Nights ('000), Australia and States"
Overnight,Interstate,Nights,000 nights,Western Australia,WA,quarter,2022,Q4,Q4 2022,True,1846.45,Tourism Research Australia: Domestic Tourism Statistics,domestic_tourism_overnight_backcast_2019_2024.xlsx,Table 5,"Backcast Overnight Interstate Nights ('000), Australia and States"
Overnight,Interstate,Nights,000 nights,Western Australia,WA,quarter,2023,Q1,Q1 2023,False,2048.661,Tourism Research Australia: Domestic Tourism Statistics,domestic_tourism_overnight_backcast_2019_2024.xlsx,Table 5,"Backcast Overnight Interstate Nights ('000), Australia and States"
Overnight,Interstate,Nights,000 nights,Western Australia,WA,quarter,2023,Q2,Q2 2023,False,1671.065,Tourism Research Australia: Domestic Tourism Statistics,domestic_tourism_overnight_backcast_2019_2024.xlsx,Table 5,"Backcast Overnight Interstate Nights ('000), Australia and States"
Overnight,Interstate,Nights,000 nights,Western Australia,WA,quarter,2023,Q3,Q3 2023,False,1719.347,Tourism Research Australia: Domestic Tourism Statistics,domestic_tourism_overnight_backcast_2019_2024.xlsx,Table 5,"Backcast Overnight Interstate Nights ('000), Australia and States"
Overnight,Interstate,Nights,000 nights,Western Australia,WA,quarter,2023,Q4,Q4 2023,True,1851.486,Tourism Research Australia: Domestic Tourism Statistics,domestic_tourism_overnight_backcast_2019_2024.xlsx,Table 5,"Backcast Overnight Interstate Nights ('000), Australia and States"
Overnight,Interstate,Nights,000 nights,Western Australia,WA,quarter,2024,Q1,Q1 2024,False,1974.28,Tourism Research Australia: Domestic Tourism Statistics,domestic_tourism_overnight_backcast_2019_2024.xlsx,Table 5,"Backcast Overnight Interstate Nights ('000), Australia and States"
Overnight,Interstate,Nights,000 nights,Western Australia,WA,quarter,2024,Q2,Q2 2024,False,1657.521,Tourism Research Australia: Domestic Tourism Statistics,domestic_tourism_overnight_backcast_2019_2024.xlsx,Table 5,"Backcast Overnight Interstate Nights ('000), Australia and States"
Overnight,Interstate,Nights,000 nights,Western Australia,WA,quarter,2024,Q3,Q3 2024,False,1839.36,Tourism Research Australia: Domestic Tourism Statistics,domestic_tourism_overnight_backcast_2019_2024.xlsx,Table 5,"Backcast Overnight Interstate Nights ('000), Australia and States"
Overnight,Interstate,Nights,000 nights,Western Australia,WA,quarter,2024,Q4,Q4 2024,True,1804.322,Tourism Research Australia: Domestic Tourism Statistics,domestic_tourism_overnight_backcast_2019_2024.xlsx,Table 5,"Backcast Overnight Interstate Nights ('000), Australia and States"
Overnight,Interstate,Nights,000 nights,Tasmania,TAS,quarter,2019,Q1,Q1 2019,False,1843.571,Tourism Research Australia: Domestic Tourism Statistics,domestic_tourism_overnight_backcast_2019_2024.xlsx,Table 5,"Backcast Overnight Interstate Nights ('000), Australia and States"
Overnight,Interstate,Nights,000 nights,Tasmania,TAS,quarter,2019,Q2,Q2 2019,False,1125.362,Tourism Research Australia: Domestic Tourism Statistics,domestic_tourism_overnight_backcast_2019_2024.xlsx,Table 5,"Backcast Overnight Interstate Nights ('000), Australia and States"
Overnight,Interstate,Nights,000 nights,Tasmania,TAS,quarter,2019,Q3,Q3 2019,False,863.397,Tourism Research Australia: Domestic Tourism Statistics,domestic_tourism_overnight_backcast_2019_2024.xlsx,Table 5,"Backcast Overnight Interstate Nights ('000), Australia and States"
Overnight,Interstate,Nights,000 nights,Tasmania,TAS,quarter,2019,Q4,Q4 2019,True,1313.052,Tourism Research Australia: Domestic Tourism Statistics,domestic_tourism_overnight_backcast_2019_2024.xlsx,Table 5,"Backcast Overnight Interstate Nights ('000), Australia and States"
Overnight,Interstate,Nights,000 nights,Tasmania,TAS,quarter,2020,Q1,Q1 2020,False,1928.583,Tourism Research Australia: Domestic Tourism Statistics,domestic_tourism_overnight_backcast_2019_2024.xlsx,Table 5,"Backcast Overnight Interstate Nights ('000), Australia and States"
Overnight,Interstate,Nights,000 nights,Tasmania,TAS,quarter,2020,Q2,Q2 2020,False,75.718,Tourism Research Australia: Domestic Tourism Statistics,domestic_tourism_overnight_backcast_2019_2024.xlsx,Table 5,"Backcast Overnight Interstate Nights ('000), Australia and States"
Overnight,Interstate,Nights,000 nights,Tasmania,TAS,quarter,2020,Q3,Q3 2020,False,35.192,Tourism Research Australia: Domestic Tourism Statistics,domestic_tourism_overnight_backcast_2019_2024.xlsx,Table 5,"Backcast Overnight Interstate Nights ('000), Australia and States"
Overnight,Interstate,Nights,000 nights,Tasmania,TAS,quarter,2020,Q4,Q4 2020,True,400.719,Tourism Research Australia: Domestic Tourism Statistics,domestic_tourism_overnight_backcast_2019_2024.xlsx,Table 5,"Backcast Overnight Interstate Nights ('000), Australia and States"
Overnight,Interstate,Nights,000 nights,Tasmania,TAS,quarter,2021,Q1,Q1 2021,False,1567.743,Tourism Research Australia: Domestic Tourism Statistics,domestic_tourism_overnight_backcast_2019_2024.xlsx,Table 5,"Backcast Overnight Interstate Nights ('000), Australia and States"
Overnight,Interstate,Nights,000 nights,Tasmania,TAS,quarter,2021,Q2,Q2 2021,False,1349.64,Tourism Research Australia: Domestic Tourism Statistics,domestic_tourism_overnight_backcast_2019_2024.xlsx,Table 5,"Backcast Overnight Interstate Nights ('000), Australia and States"
Overnight,Interstate,Nights,000 nights,Tasmania,TAS,quarter,2021,Q3,Q3 2021,False,467.535,Tourism Research Australia: Domestic Tourism Statistics,domestic_tourism_overnight_backcast_2019_2024.xlsx,Table 5,"Backcast Overnight Interstate Nights ('000), Australia and States"
Overnight,Interstate,Nights,000 nights,Tasmania,TAS,quarter,2021,Q4,Q4 2021,True,633.092,Tourism Research Australia: Domestic Tourism Statistics,domestic_tourism_overnight_backcast_2019_2024.xlsx,Table 5,"Backcast Overnight Interstate Nights ('000), Australia and States"
Overnight,Interstate,Nights,000 nights,Tasmania,TAS,quarter,2022,Q1,Q1 2022,False,1816.766,Tourism Research Australia: Domestic Tourism Statistics,domestic_tourism_overnight_backcast_2019_2024.xlsx,Table 5,"Backcast Overnight Interstate Nights ('000), Australia and States"
Overnight,Interstate,Nights,000 nights,Tasmania,TAS,quarter,2022,Q2,Q2 2022,False,1486.819,Tourism Research Australia: Domestic Tourism Statistics,domestic_tourism_overnight_backcast_2019_2024.xlsx,Table 5,"Backcast Overnight Interstate Nights ('000), Australia and States"
Overnight,Interstate,Nights,000 nights,Tasmania,TAS,quarter,2022,Q3,Q3 2022,False,1102.643,Tourism Research Australia: Domestic Tourism Statistics,domestic_tourism_overnight_backcast_2019_2024.xlsx,Table 5,"Backcast Overnight Interstate Nights ('000), Australia and States"
Overnight,Interstate,Nights,000 nights,Tasmania,TAS,quarter,2022,Q4,Q4 2022,True,1464.866,Tourism Research Australia: Domestic Tourism Statistics,domestic_tourism_overnight_backcast_2019_2024.xlsx,Table 5,"Backcast Overnight Interstate Nights ('000), Australia and States"
Overnight,Interstate,Nights,000 nights,Tasmania,TAS,quarter,2023,Q1,Q1 2023,False,1932.561,Tourism Research Australia: Domestic Tourism Statistics,domestic_tourism_overnight_backcast_2019_2024.xlsx,Table 5,"Backcast Overnight Interstate Nights ('000), Australia and States"
Overnight,Interstate,Nights,000 nights,Tasmania,TAS,quarter,2023,Q2,Q2 2023,False,1161.532,Tourism Research Australia: Domestic Tourism Statistics,domestic_tourism_overnight_backcast_2019_2024.xlsx,Table 5,"Backcast Overnight Interstate Nights ('000), Australia and States"
Overnight,Interstate,Nights,000 nights,Tasmania,TAS,quarter,2023,Q3,Q3 2023,False,939.017,Tourism Research Australia: Domestic Tourism Statistics,domestic_tourism_overnight_backcast_2019_2024.xlsx,Table 5,"Backcast Overnight Interstate Nights ('000), Australia and States"
Overnight,Interstate,Nights,000 nights,Tasmania,TAS,quarter,2023,Q4,Q4 2023,True,1356.905,Tourism Research Australia: Domestic Tourism Statistics,domestic_tourism_overnight_backcast_2019_2024.xlsx,Table 5,"Backcast Overnight Interstate Nights ('000), Australia and States"
Overnight,Interstate,Nights,000 nights,Tasmania,TAS,quarter,2024,Q1,Q1 2024,False,1910.268,Tourism Research Australia: Domestic Tourism Statistics,domestic_tourism_overnight_backcast_2019_2024.xlsx,Table 5,"Backcast Overnight Interstate Nights ('000), Australia and States"
Overnight,Interstate,Nights,000 nights,Tasmania,TAS,quarter,2024,Q2,Q2 2024,False,1098.76,Tourism Research Australia: Domestic Tourism Statistics,domestic_tourism_overnight_backcast_2019_2024.xlsx,Table 5,"Backcast Overnight Interstate Nights ('000), Australia and States"
Overnight,Interstate,Nights,000 nights,Tasmania,TAS,quarter,2024,Q3,Q3 2024,False,953.218,Tourism Research Australia: Domestic Tourism Statistics,domestic_tourism_overnight_backcast_2019_2024.xlsx,Table 5,"Backcast Overnight Interstate Nights ('000), Australia and States"
Overnight,Interstate,Nights,000 nights,Tasmania,TAS,quarter,2024,Q4,Q4 2024,True,1319.279,Tourism Research Australia: Domestic Tourism Statistics,domestic_tourism_overnight_backcast_2019_2024.xlsx,Table 5,"Backcast Overnight Interstate Nights ('000), Australia and States"
Overnight,Interstate,Nights,000 nights,Northern Territory,NT,quarter,2019,Q1,Q1 2019,False,400.548,Tourism Research Australia: Domestic Tourism Statistics,domestic_tourism_overnight_backcast_2019_2024.xlsx,Table 5,"Backcast Overnight Interstate Nights ('000), Australia and States"
Overnight,Interstate,Nights,000 nights,Northern Territory,NT,quarter,2019,Q2,Q2 2019,False,725.838,Tourism Research Australia: Domestic Tourism Statistics,domestic_tourism_overnight_backcast_2019_2024.xlsx,Table 5,"Backcast Overnight Interstate Nights ('000), Australia and States"
Overnight,Interstate,Nights,000 nights,Northern Territory,NT,quarter,2019,Q3,Q3 2019,False,1154.105,Tourism Research Australia: Domestic Tourism Statistics,domestic_tourism_overnight_backcast_2019_2024.xlsx,Table 5,"Backcast Overnight Interstate Nights ('000), Australia and States"
Overnight,Interstate,Nights,000 nights,Northern Territory,NT,quarter,2019,Q4,Q4 2019,True,548.345,Tourism Research Australia: Domestic Tourism Statistics,domestic_tourism_overnight_backcast_2019_2024.xlsx,Table 5,"Backcast Overnight Interstate Nights ('000), Australia and States"
Overnight,Interstate,Nights,000 nights,Northern Territory,NT,quarter,2020,Q1,Q1 2020,False,424.306,Tourism Research Australia: Domestic Tourism Statistics,domestic_tourism_overnight_backcast_2019_2024.xlsx,Table 5,"Backcast Overnight Interstate Nights ('000), Australia and States"
Overnight,Interstate,Nights,000 nights,Northern Territory,NT,quarter,2020,Q2,Q2 2020,False,49.3,Tourism Research Australia: Domestic Tourism Statistics,domestic_tourism_overnight_backcast_2019_2024.xlsx,Table 5,"Backcast Overnight Interstate Nights ('000), Australia and States"
Overnight,Interstate,Nights,000 nights,Northern Territory,NT,quarter,2020,Q3,Q3 2020,False,268.091,Tourism Research Australia: Domestic Tourism Statistics,domestic_tourism_overnight_backcast_2019_2024.xlsx,Table 5,"Backcast Overnight Interstate Nights ('000), Australia and States"
Overnight,Interstate,Nights,000 nights,Northern Territory,NT,quarter,2020,Q4,Q4 2020,True,422.249,Tourism Research Australia: Domestic Tourism Statistics,domestic_tourism_overnight_backcast_2019_2024.xlsx,Table 5,"Backcast Overnight Interstate Nights ('000), Australia and States"
Overnight,Interstate,Nights,000 nights,Northern Territory,NT,quarter,2021,Q1,Q1 2021,False,447.539,Tourism Research Australia: Domestic Tourism Statistics,domestic_tourism_overnight_backcast_2019_2024.xlsx,Table 5,"Backcast Overnight Interstate Nights ('000), Australia and States"
Overnight,Interstate,Nights,000 nights,Northern Territory,NT,quarter,2021,Q2,Q2 2021,False,904.114,Tourism Research Australia: Domestic Tourism Statistics,domestic_tourism_overnight_backcast_2019_2024.xlsx,Table 5,"Backcast Overnight Interstate Nights ('000), Australia and States"
Overnight,Interstate,Nights,000 nights,Northern Territory,NT,quarter,2021,Q3,Q3 2021,False,869.374,Tourism Research Australia: Domestic Tourism Statistics,domestic_tourism_overnight_backcast_2019_2024.xlsx,Table 5,"Backcast Overnight Interstate Nights ('000), Australia and States"
Overnight,Interstate,Nights,000 nights,Northern Territory,NT,quarter,2021,Q4,Q4 2021,True,391.891,Tourism Research Australia: Domestic Tourism Statistics,domestic_tourism_overnight_backcast_2019_2024.xlsx,Table 5,"Backcast Overnight Interstate Nights ('000), Australia and States"
Overnight,Interstate,Nights,000 nights,Northern Territory,NT,quarter,2022,Q1,Q1 2022,False,377.056,Tourism Research Australia: Domestic Tourism Statistics,domestic_tourism_overnight_backcast_2019_2024.xlsx,Table 5,"Backcast Overnight Interstate Nights ('000), Australia and States"
Overnight,Interstate,Nights,000 nights,Northern Territory,NT,quarter,2022,Q2,Q2 2022,False,976.058,Tourism Research Australia: Domestic Tourism Statistics,domestic_tourism_overnight_backcast_2019_2024.xlsx,Table 5,"Backcast Overnight Interstate Nights ('000), Australia and States"
Overnight,Interstate,Nights,000 nights,Northern Territory,NT,quarter,2022,Q3,Q3 2022,False,1475.616,Tourism Research Australia: Domestic Tourism Statistics,domestic_tourism_overnight_backcast_2019_2024.xlsx,Table 5,"Backcast Overnight Interstate Nights ('000), Australia and States"
Overnight,Interstate,Nights,000 nights,Northern Territory,NT,quarter,2022,Q4,Q4 2022,True,635.568,Tourism Research Australia: Domestic Tourism Statistics,domestic_tourism_overnight_backcast_2019_2024.xlsx,Table 5,"Backcast Overnight Interstate Nights ('000), Australia and States"
Overnight,Interstate,Nights,000 nights,Northern Territory,NT,quarter,2023,Q1,Q1 2023,False,377.646,Tourism Research Australia: Domestic Tourism Statistics,domestic_tourism_overnight_backcast_2019_2024.xlsx,Table 5,"Backcast Overnight Interstate Nights ('000), Australia and States"
Overnight,Interstate,Nights,000 nights,Northern Territory,NT,quarter,2023,Q2,Q2 2023,False,728.223,Tourism Research Australia: Domestic Tourism Statistics,domestic_tourism_overnight_backcast_2019_2024.xlsx,Table 5,"Backcast Overnight Interstate Nights ('000), Australia and States"
Overnight,Interstate,Nights,000 nights,Northern Territory,NT,quarter,2023,Q3,Q3 2023,False,1141.533,Tourism Research Australia: Domestic Tourism Statistics,domestic_tourism_overnight_backcast_2019_2024.xlsx,Table 5,"Backcast Overnight Interstate Nights ('000), Australia and States"
Overnight,Interstate,Nights,000 nights,Northern Territory,NT,quarter,2023,Q4,Q4 2023,True,504.367,Tourism Research Australia: Domestic Tourism Statistics,domestic_tourism_overnight_backcast_2019_2024.xlsx,Table 5,"Backcast Overnight Interstate Nights ('000), Australia and States"
Overnight,Interstate,Nights,000 nights,Northern Territory,NT,quarter,2024,Q1,Q1 2024,False,384.278,Tourism Research Australia: Domestic Tourism Statistics,domestic_tourism_overnight_backcast_2019_2024.xlsx,Table 5,"Backcast Overnight Interstate Nights ('000), Australia and States"
Overnight,Interstate,Nights,000 nights,Northern Territory,NT,quarter,2024,Q2,Q2 2024,False,721.588,Tourism Research Australia: Domestic Tourism Statistics,domestic_tourism_overnight_backcast_2019_2024.xlsx,Table 5,"Backcast Overnight Interstate Nights ('000), Australia and States"
Overnight,Interstate,Nights,000 nights,Northern Territory,NT,quarter,2024,Q3,Q3 2024,False,1129.2,Tourism Research Australia: Domestic Tourism Statistics,domestic_tourism_overnight_backcast_2019_2024.xlsx,Table 5,"Backcast Overnight Interstate Nights ('000), Australia and States"
Overnight,Interstate,Nights,000 nights,Northern Territory,NT,quarter,2024,Q4,Q4 2024,True,617.991,Tourism Research Australia: Domestic Tourism Statistics,domestic_tourism_overnight_backcast_2019_2024.xlsx,Table 5,"Backcast Overnight Interstate Nights ('000), Australia and States"
Overnight,Interstate,Nights,000 nights,ACT,ACT,quarter,2019,Q1,Q1 2019,False,1452.292,Tourism Research Australia: Domestic Tourism Statistics,domestic_tourism_overnight_backcast_2019_2024.xlsx,Table 5,"Backcast Overnight Interstate Nights ('000), Australia and States"
Overnight,Interstate,Nights,000 nights,ACT,ACT,quarter,2019,Q2,Q2 2019,False,1397.27,Tourism Research Australia: Domestic Tourism Statistics,domestic_tourism_overnight_backcast_2019_2024.xlsx,Table 5,"Backcast Overnight Interstate Nights ('000), Australia and States"
Overnight,Interstate,Nights,000 nights,ACT,ACT,quarter,2019,Q3,Q3 2019,False,1490.891,Tourism Research Australia: Domestic Tourism Statistics,domestic_tourism_overnight_backcast_2019_2024.xlsx,Table 5,"Backcast Overnight Interstate Nights ('000), Australia and States"
Overnight,Interstate,Nights,000 nights,ACT,ACT,quarter,2019,Q4,Q4 2019,True,1555.315,Tourism Research Australia: Domestic Tourism Statistics,domestic_tourism_overnight_backcast_2019_2024.xlsx,Table 5,"Backcast Overnight Interstate Nights ('000), Australia and States"
Overnight,Interstate,Nights,000 nights,ACT,ACT,quarter,2020,Q1,Q1 2020,False,1531.786,Tourism Research Australia: Domestic Tourism Statistics,domestic_tourism_overnight_backcast_2019_2024.xlsx,Table 5,"Backcast Overnight Interstate Nights ('000), Australia and States"
Overnight,Interstate,Nights,000 nights,ACT,ACT,quarter,2020,Q2,Q2 2020,False,630.232,Tourism Research Australia: Domestic Tourism Statistics,domestic_tourism_overnight_backcast_2019_2024.xlsx,Table 5,"Backcast Overnight Interstate Nights ('000), Australia and States"
Overnight,Interstate,Nights,000 nights,ACT,ACT,quarter,2020,Q3,Q3 2020,False,996.605,Tourism Research Australia: Domestic Tourism Statistics,domestic_tourism_overnight_backcast_2019_2024.xlsx,Table 5,"Backcast Overnight Interstate Nights ('000), Australia and States"
Overnight,Interstate,Nights,000 nights,ACT,ACT,quarter,2020,Q4,Q4 2020,True,1193.878,Tourism Research Australia: Domestic Tourism Statistics,domestic_tourism_overnight_backcast_2019_2024.xlsx,Table 5,"Backcast Overnight Interstate Nights ('000), Australia and States"
Overnight,Interstate,Nights,000 nights,ACT,ACT,quarter,2021,Q1,Q1 2021,False,1441.009,Tourism Research Australia: Domestic Tourism Statistics,domestic_tourism_overnight_backcast_2019_2024.xlsx,Table 5,"Backcast Overnight Interstate Nights ('000), Australia and States"
Overnight,Interstate,Nights,000 nights,ACT,ACT,quarter,2021,Q2,Q2 2021,False,1627.089,Tourism Research Australia: Domestic Tourism Statistics,domestic_tourism_overnight_backcast_2019_2024.xlsx,Table 5,"Backcast Overnight Interstate Nights ('000), Australia and States"
Overnight,Interstate,Nights,000 nights,ACT,ACT,quarter,2021,Q3,Q3 2021,False,357.849,Tourism Research Australia: Domestic Tourism Statistics,domestic_tourism_overnight_backcast_2019_2024.xlsx,Table 5,"Backcast Overnight Interstate Nights ('000), Australia and States"
Overnight,Interstate,Nights,000 nights,ACT,ACT,quarter,2021,Q4,Q4 2021,True,928.086,Tourism Research Australia: Domestic Tourism Statistics,domestic_tourism_overnight_backcast_2019_2024.xlsx,Table 5,"Backcast Overnight Interstate Nights ('000), Australia and States"
Overnight,Interstate,Nights,000 nights,ACT,ACT,quarter,2022,Q1,Q1 2022,False,1579.05,Tourism Research Australia: Domestic Tourism Statistics,domestic_tourism_overnight_backcast_2019_2024.xlsx,Table 5,"Backcast Overnight Interstate Nights ('000), Australia and States"
Overnight,Interstate,Nights,000 nights,ACT,ACT,quarter,2022,Q2,Q2 2022,False,1564.691,Tourism Research Australia: Domestic Tourism Statistics,domestic_tourism_overnight_backcast_2019_2024.xlsx,Table 5,"Backcast Overnight Interstate Nights ('000), Australia and States"
Overnight,Interstate,Nights,000 nights,ACT,ACT,quarter,2022,Q3,Q3 2022,False,1550.826,Tourism Research Australia: Domestic Tourism Statistics,domestic_tourism_overnight_backcast_2019_2024.xlsx,Table 5,"Backcast Overnight Interstate Nights ('000), Australia and States"
Overnight,Interstate,Nights,000 nights,ACT,ACT,quarter,2022,Q4,Q4 2022,True,1641.139,Tourism Research Australia: Domestic Tourism Statistics,domestic_tourism_overnight_backcast_2019_2024.xlsx,Table 5,"Backcast Overnight Interstate Nights ('000), Australia and States"
Overnight,Interstate,Nights,000 nights,ACT,ACT,quarter,2023,Q1,Q1 2023,False,1529.204,Tourism Research Australia: Domestic Tourism Statistics,domestic_tourism_overnight_backcast_2019_2024.xlsx,Table 5,"Backcast Overnight Interstate Nights ('000), Australia and States"
Overnight,Interstate,Nights,000 nights,ACT,ACT,quarter,2023,Q2,Q2 2023,False,1448.148,Tourism Research Australia: Domestic Tourism Statistics,domestic_tourism_overnight_backcast_2019_2024.xlsx,Table 5,"Backcast Overnight Interstate Nights ('000), Australia and States"
Overnight,Interstate,Nights,000 nights,ACT,ACT,quarter,2023,Q3,Q3 2023,False,1490.64,Tourism Research Australia: Domestic Tourism Statistics,domestic_tourism_overnight_backcast_2019_2024.xlsx,Table 5,"Backcast Overnight Interstate Nights ('000), Australia and States"
Overnight,Interstate,Nights,000 nights,ACT,ACT,quarter,2023,Q4,Q4 2023,True,1561.631,Tourism Research Australia: Domestic Tourism Statistics,domestic_tourism_overnight_backcast_2019_2024.xlsx,Table 5,"Backcast Overnight Interstate Nights ('000), Australia and States"
Overnight,Interstate,Nights,000 nights,ACT,ACT,quarter,2024,Q1,Q1 2024,False,1660.023,Tourism Research Australia: Domestic Tourism Statistics,domestic_tourism_overnight_backcast_2019_2024.xlsx,Table 5,"Backcast Overnight Interstate Nights ('000), Australia and States"
Overnight,Interstate,Nights,000 nights,ACT,ACT,quarter,2024,Q2,Q2 2024,False,1426.845,Tourism Research Australia: Domestic Tourism Statistics,domestic_tourism_overnight_backcast_2019_2024.xlsx,Table 5,"Backcast Overnight Interstate Nights ('000), Australia and States"
Overnight,Interstate,Nights,000 nights,ACT,ACT,quarter,2024,Q3,Q3 2024,False,1500.77,Tourism Research Australia: Domestic Tourism Statistics,domestic_tourism_overnight_backcast_2019_2024.xlsx,Table 5,"Backcast Overnight Interstate Nights ('000), Australia and States"
Overnight,Interstate,Nights,000 nights,ACT,ACT,quarter,2024,Q4,Q4 2024,True,1492.622,Tourism Research Australia: Domestic Tourism Statistics,domestic_tourism_overnight_backcast_2019_2024.xlsx,Table 5,"Backcast Overnight Interstate Nights ('000), Australia and States"
Overnight,Interstate,Spend,AUD millions,Australia,AUS,quarter,2019,Q1,Q1 2019,False,7899.086,Tourism Research Australia: Domestic Tourism Statistics,domestic_tourism_overnight_backcast_2019_2024.xlsx,Table 6,"Backcast Overnight Interstate Spend ($M), Australia and States"
Overnight,Interstate,Spend,AUD millions,Australia,AUS,quarter,2019,Q2,Q2 2019,False,7182.703,Tourism Research Australia: Domestic Tourism Statistics,domestic_tourism_overnight_backcast_2019_2024.xlsx,Table 6,"Backcast Overnight Interstate Spend ($M), Australia and States"
Overnight,Interstate,Spend,AUD millions,Australia,AUS,quarter,2019,Q3,Q3 2019,False,8560.335,Tourism Research Australia: Domestic Tourism Statistics,domestic_tourism_overnight_backcast_2019_2024.xlsx,Table 6,"Backcast Overnight Interstate Spend ($M), Australia and States"
Overnight,Interstate,Spend,AUD millions,Australia,AUS,quarter,2019,Q4,Q4 2019,True,8478.891,Tourism Research Australia: Domestic Tourism Statistics,domestic_tourism_overnight_backcast_2019_2024.xlsx,Table 6,"Backcast Overnight Interstate Spend ($M), Australia and States"
Overnight,Interstate,Spend,AUD millions,Australia,AUS,quarter,2020,Q1,Q1 2020,False,7917.479,Tourism Research Australia: Domestic Tourism Statistics,domestic_tourism_overnight_backcast_2019_2024.xlsx,Table 6,"Backcast Overnight Interstate Spend ($M), Australia and States"
Overnight,Interstate,Spend,AUD millions,Australia,AUS,quarter,2020,Q2,Q2 2020,False,928.97,Tourism Research Australia: Domestic Tourism Statistics,domestic_tourism_overnight_backcast_2019_2024.xlsx,Table 6,"Backcast Overnight Interstate Spend ($M), Australia and States"
Overnight,Interstate,Spend,AUD millions,Australia,AUS,quarter,2020,Q3,Q3 2020,False,1358.664,Tourism Research Australia: Domestic Tourism Statistics,domestic_tourism_overnight_backcast_2019_2024.xlsx,Table 6,"Backcast Overnight Interstate Spend ($M), Australia and States"
Overnight,Interstate,Spend,AUD millions,Australia,AUS,quarter,2020,Q4,Q4 2020,True,3040.653,Tourism Research Australia: Domestic Tourism Statistics,domestic_tourism_overnight_backcast_2019_2024.xlsx,Table 6,"Backcast Overnight Interstate Spend ($M), Australia and States"
Overnight,Interstate,Spend,AUD millions,Australia,AUS,quarter,2021,Q1,Q1 2021,False,5571.686,Tourism Research Australia: Domestic Tourism Statistics,domestic_tourism_overnight_backcast_2019_2024.xlsx,Table 6,"Backcast Overnight Interstate Spend ($M), Australia and States"
Overnight,Interstate,Spend,AUD millions,Australia,AUS,quarter,2021,Q2,Q2 2021,False,8214.698,Tourism Research Australia: Domestic Tourism Statistics,domestic_tourism_overnight_backcast_2019_2024.xlsx,Table 6,"Backcast Overnight Interstate Spend ($M), Australia and States"
Overnight,Interstate,Spend,AUD millions,Australia,AUS,quarter,2021,Q3,Q3 2021,False,2201.159,Tourism Research Australia: Domestic Tourism Statistics,domestic_tourism_overnight_backcast_2019_2024.xlsx,Table 6,"Backcast Overnight Interstate Spend ($M), Australia and States"
Overnight,Interstate,Spend,AUD millions,Australia,AUS,quarter,2021,Q4,Q4 2021,True,2778.728,Tourism Research Australia: Domestic Tourism Statistics,domestic_tourism_overnight_backcast_2019_2024.xlsx,Table 6,"Backcast Overnight Interstate Spend ($M), Australia and States"
Overnight,Interstate,Spend,AUD millions,Australia,AUS,quarter,2022,Q1,Q1 2022,False,7969.257,Tourism Research Australia: Domestic Tourism Statistics,domestic_tourism_overnight_backcast_2019_2024.xlsx,Table 6,"Backcast Overnight Interstate Spend ($M), Australia and States"
Overnight,Interstate,Spend,AUD millions,Australia,AUS,quarter,2022,Q2,Q2 2022,False,11298.581,Tourism Research Australia: Domestic Tourism Statistics,domestic_tourism_overnight_backcast_2019_2024.xlsx,Table 6,"Backcast Overnight Interstate Spend ($M), Australia and States"
Overnight,Interstate,Spend,AUD millions,Australia,AUS,quarter,2022,Q3,Q3 2022,False,12561.075,Tourism Research Australia: Domestic Tourism Statistics,domestic_tourism_overnight_backcast_2019_2024.xlsx,Table 6,"Backcast Overnight Interstate Spend ($M), Australia and States"
Overnight,Interstate,Spend,AUD millions,Australia,AUS,quarter,2022,Q4,Q4 2022,True,12496.739,Tourism Research Australia: Domestic Tourism Statistics,domestic_tourism_overnight_backcast_2019_2024.xlsx,Table 6,"Backcast Overnight Interstate Spend ($M), Australia and States"
Overnight,Interstate,Spend,AUD millions,Australia,AUS,quarter,2023,Q1,Q1 2023,False,11516.328,Tourism Research Australia: Domestic Tourism Statistics,domestic_tourism_overnight_backcast_2019_2024.xlsx,Table 6,"Backcast Overnight Interstate Spend ($M), Australia and States"
Overnight,Interstate,Spend,AUD millions,Australia,AUS,quarter,2023,Q2,Q2 2023,False,10854.74,Tourism Research Australia: Domestic Tourism Statistics,domestic_tourism_overnight_backcast_2019_2024.xlsx,Table 6,"Backcast Overnight Interstate Spend ($M), Australia and States"
Overnight,Interstate,Spend,AUD millions,Australia,AUS,quarter,2023,Q3,Q3 2023,False,11888.56,Tourism Research Australia: Domestic Tourism Statistics,domestic_tourism_overnight_backcast_2019_2024.xlsx,Table 6,"Backcast Overnight Interstate Spend ($M), Australia and States"
Overnight,Interstate,Spend,AUD millions,Australia,AUS,quarter,2023,Q4,Q4 2023,True,12095.61,Tourism Research Australia: Domestic Tourism Statistics,domestic_tourism_overnight_backcast_2019_2024.xlsx,Table 6,"Backcast Overnight Interstate Spend ($M), Australia and States"
Overnight,Interstate,Spend,AUD millions,Australia,AUS,quarter,2024,Q1,Q1 2024,False,12432.901,Tourism Research Australia: Domestic Tourism Statistics,domestic_tourism_overnight_backcast_2019_2024.xlsx,Table 6,"Backcast Overnight Interstate Spend ($M), Australia and States"
Overnight,Interstate,Spend,AUD millions,Australia,AUS,quarter,2024,Q2,Q2 2024,False,11051.052,Tourism Research Australia: Domestic Tourism Statistics,domestic_tourism_overnight_backcast_2019_2024.xlsx,Table 6,"Backcast Overnight Interstate Spend ($M), Australia and States"
Overnight,Interstate,Spend,AUD millions,Australia,AUS,quarter,2024,Q3,Q3 2024,False,12598.767,Tourism Research Australia: Domestic Tourism Statistics,domestic_tourism_overnight_backcast_2019_2024.xlsx,Table 6,"Backcast Overnight Interstate Spend ($M), Australia and States"
Overnight,Interstate,Spend,AUD millions,Australia,AUS,quarter,2024,Q4,Q4 2024,True,11769.912,Tourism Research Australia: Domestic Tourism Statistics,domestic_tourism_overnight_backcast_2019_2024.xlsx,Table 6,"Backcast Overnight Interstate Spend ($M), Australia and States"
Overnight,Interstate,Spend,AUD millions,New South Wales,NSW,quarter,2019,Q1,Q1 2019,False,2235.958,Tourism Research Australia: Domestic Tourism Statistics,domestic_tourism_overnight_backcast_2019_2024.xlsx,Table 6,"Backcast Overnight Interstate Spend ($M), Australia and States"
Overnight,Interstate,Spend,AUD millions,New South Wales,NSW,quarter,2019,Q2,Q2 2019,False,2007.297,Tourism Research Australia: Domestic Tourism Statistics,domestic_tourism_overnight_backcast_2019_2024.xlsx,Table 6,"Backcast Overnight Interstate Spend ($M), Australia and States"
Overnight,Interstate,Spend,AUD millions,New South Wales,NSW,quarter,2019,Q3,Q3 2019,False,2397.333,Tourism Research Australia: Domestic Tourism Statistics,domestic_tourism_overnight_backcast_2019_2024.xlsx,Table 6,"Backcast Overnight Interstate Spend ($M), Australia and States"
Overnight,Interstate,Spend,AUD millions,New South Wales,NSW,quarter,2019,Q4,Q4 2019,True,2334.216,Tourism Research Australia: Domestic Tourism Statistics,domestic_tourism_overnight_backcast_2019_2024.xlsx,Table 6,"Backcast Overnight Interstate Spend ($M), Australia and States"
Overnight,Interstate,Spend,AUD millions,New South Wales,NSW,quarter,2020,Q1,Q1 2020,False,2019.421,Tourism Research Australia: Domestic Tourism Statistics,domestic_tourism_overnight_backcast_2019_2024.xlsx,Table 6,"Backcast Overnight Interstate Spend ($M), Australia and States"
Overnight,Interstate,Spend,AUD millions,New South Wales,NSW,quarter,2020,Q2,Q2 2020,False,456.097,Tourism Research Australia: Domestic Tourism Statistics,domestic_tourism_overnight_backcast_2019_2024.xlsx,Table 6,"Backcast Overnight Interstate Spend ($M), Australia and States"
Overnight,Interstate,Spend,AUD millions,New South Wales,NSW,quarter,2020,Q3,Q3 2020,False,483.001,Tourism Research Australia: Domestic Tourism Statistics,domestic_tourism_overnight_backcast_2019_2024.xlsx,Table 6,"Backcast Overnight Interstate Spend ($M), Australia and States"
Overnight,Interstate,Spend,AUD millions,New South Wales,NSW,quarter,2020,Q4,Q4 2020,True,1140.787,Tourism Research Australia: Domestic Tourism Statistics,domestic_tourism_overnight_backcast_2019_2024.xlsx,Table 6,"Backcast Overnight Interstate Spend ($M), Australia and States"
Overnight,Interstate,Spend,AUD millions,New South Wales,NSW,quarter,2021,Q1,Q1 2021,False,1493.203,Tourism Research Australia: Domestic Tourism Statistics,domestic_tourism_overnight_backcast_2019_2024.xlsx,Table 6,"Backcast Overnight Interstate Spend ($M), Australia and States"
Overnight,Interstate,Spend,AUD millions,New South Wales,NSW,quarter,2021,Q2,Q2 2021,False,1960.695,Tourism Research Australia: Domestic Tourism Statistics,domestic_tourism_overnight_backcast_2019_2024.xlsx,Table 6,"Backcast Overnight Interstate Spend ($M), Australia and States"
Overnight,Interstate,Spend,AUD millions,New South Wales,NSW,quarter,2021,Q3,Q3 2021,False,335.637,Tourism Research Australia: Domestic Tourism Statistics,domestic_tourism_overnight_backcast_2019_2024.xlsx,Table 6,"Backcast Overnight Interstate Spend ($M), Australia and States"
Overnight,Interstate,Spend,AUD millions,New South Wales,NSW,quarter,2021,Q4,Q4 2021,True,871.623,Tourism Research Australia: Domestic Tourism Statistics,domestic_tourism_overnight_backcast_2019_2024.xlsx,Table 6,"Backcast Overnight Interstate Spend ($M), Australia and States"
Overnight,Interstate,Spend,AUD millions,New South Wales,NSW,quarter,2022,Q1,Q1 2022,False,2120.043,Tourism Research Australia: Domestic Tourism Statistics,domestic_tourism_overnight_backcast_2019_2024.xlsx,Table 6,"Backcast Overnight Interstate Spend ($M), Australia and States"
Overnight,Interstate,Spend,AUD millions,New South Wales,NSW,quarter,2022,Q2,Q2 2022,False,2777.11,Tourism Research Australia: Domestic Tourism Statistics,domestic_tourism_overnight_backcast_2019_2024.xlsx,Table 6,"Backcast Overnight Interstate Spend ($M), Australia and States"
Overnight,Interstate,Spend,AUD millions,New South Wales,NSW,quarter,2022,Q3,Q3 2022,False,3214.444,Tourism Research Australia: Domestic Tourism Statistics,domestic_tourism_overnight_backcast_2019_2024.xlsx,Table 6,"Backcast Overnight Interstate Spend ($M), Australia and States"
Overnight,Interstate,Spend,AUD millions,New South Wales,NSW,quarter,2022,Q4,Q4 2022,True,2887.965,Tourism Research Australia: Domestic Tourism Statistics,domestic_tourism_overnight_backcast_2019_2024.xlsx,Table 6,"Backcast Overnight Interstate Spend ($M), Australia and States"
Overnight,Interstate,Spend,AUD millions,New South Wales,NSW,quarter,2023,Q1,Q1 2023,False,2886.434,Tourism Research Australia: Domestic Tourism Statistics,domestic_tourism_overnight_backcast_2019_2024.xlsx,Table 6,"Backcast Overnight Interstate Spend ($M), Australia and States"
Overnight,Interstate,Spend,AUD millions,New South Wales,NSW,quarter,2023,Q2,Q2 2023,False,2749.238,Tourism Research Australia: Domestic Tourism Statistics,domestic_tourism_overnight_backcast_2019_2024.xlsx,Table 6,"Backcast Overnight Interstate Spend ($M), Australia and States"
Overnight,Interstate,Spend,AUD millions,New South Wales,NSW,quarter,2023,Q3,Q3 2023,False,2629.1,Tourism Research Australia: Domestic Tourism Statistics,domestic_tourism_overnight_backcast_2019_2024.xlsx,Table 6,"Backcast Overnight Interstate Spend ($M), Australia and States"
Overnight,Interstate,Spend,AUD millions,New South Wales,NSW,quarter,2023,Q4,Q4 2023,True,3405.996,Tourism Research Australia: Domestic Tourism Statistics,domestic_tourism_overnight_backcast_2019_2024.xlsx,Table 6,"Backcast Overnight Interstate Spend ($M), Australia and States"
Overnight,Interstate,Spend,AUD millions,New South Wales,NSW,quarter,2024,Q1,Q1 2024,False,2925.396,Tourism Research Australia: Domestic Tourism Statistics,domestic_tourism_overnight_backcast_2019_2024.xlsx,Table 6,"Backcast Overnight Interstate Spend ($M), Australia and States"
Overnight,Interstate,Spend,AUD millions,New South Wales,NSW,quarter,2024,Q2,Q2 2024,False,2466.539,Tourism Research Australia: Domestic Tourism Statistics,domestic_tourism_overnight_backcast_2019_2024.xlsx,Table 6,"Backcast Overnight Interstate Spend ($M), Australia and States"
Overnight,Interstate,Spend,AUD millions,New South Wales,NSW,quarter,2024,Q3,Q3 2024,False,3059.152,Tourism Research Australia: Domestic Tourism Statistics,domestic_tourism_overnight_backcast_2019_2024.xlsx,Table 6,"Backcast Overnight Interstate Spend ($M), Australia and States"
Overnight,Interstate,Spend,AUD millions,New South Wales,NSW,quarter,2024,Q4,Q4 2024,True,3163.883,Tourism Research Australia: Domestic Tourism Statistics,domestic_tourism_overnight_backcast_2019_2024.xlsx,Table 6,"Backcast Overnight Interstate Spend ($M), Australia and States"
Overnight,Interstate,Spend,AUD millions,Victoria,VIC,quarter,2019,Q1,Q1 2019,False,1801.544,Tourism Research Australia: Domestic Tourism Statistics,domestic_tourism_overnight_backcast_2019_2024.xlsx,Table 6,"Backcast Overnight Interstate Spend ($M), Australia and States"
Overnight,Interstate,Spend,AUD millions,Victoria,VIC,quarter,2019,Q2,Q2 2019,False,1679.349,Tourism Research Australia: Domestic Tourism Statistics,domestic_tourism_overnight_backcast_2019_2024.xlsx,Table 6,"Backcast Overnight Interstate Spend ($M), Australia and States"
Overnight,Interstate,Spend,AUD millions,Victoria,VIC,quarter,2019,Q3,Q3 2019,False,1895.41,Tourism Research Australia: Domestic Tourism Statistics,domestic_tourism_overnight_backcast_2019_2024.xlsx,Table 6,"Backcast Overnight Interstate Spend ($M), Australia and States"
Overnight,Interstate,Spend,AUD millions,Victoria,VIC,quarter,2019,Q4,Q4 2019,True,2137.741,Tourism Research Australia: Domestic Tourism Statistics,domestic_tourism_overnight_backcast_2019_2024.xlsx,Table 6,"Backcast Overnight Interstate Spend ($M), Australia and States"
Overnight,Interstate,Spend,AUD millions,Victoria,VIC,quarter,2020,Q1,Q1 2020,False,1752.705,Tourism Research Australia: Domestic Tourism Statistics,domestic_tourism_overnight_backcast_2019_2024.xlsx,Table 6,"Backcast Overnight Interstate Spend ($M), Australia and States"
Overnight,Interstate,Spend,AUD millions,Victoria,VIC,quarter,2020,Q2,Q2 2020,False,171.938,Tourism Research Australia: Domestic Tourism Statistics,domestic_tourism_overnight_backcast_2019_2024.xlsx,Table 6,"Backcast Overnight Interstate Spend ($M), Australia and States"
Overnight,Interstate,Spend,AUD millions,Victoria,VIC,quarter,2020,Q3,Q3 2020,False,89.443,Tourism Research Australia: Domestic Tourism Statistics,domestic_tourism_overnight_backcast_2019_2024.xlsx,Table 6,"Backcast Overnight Interstate Spend ($M), Australia and States"
Overnight,Interstate,Spend,AUD millions,Victoria,VIC,quarter,2020,Q4,Q4 2020,True,326.66,Tourism Research Australia: Domestic Tourism Statistics,domestic_tourism_overnight_backcast_2019_2024.xlsx,Table 6,"Backcast Overnight Interstate Spend ($M), Australia and States"
Overnight,Interstate,Spend,AUD millions,Victoria,VIC,quarter,2021,Q1,Q1 2021,False,775.612,Tourism Research Australia: Domestic Tourism Statistics,domestic_tourism_overnight_backcast_2019_2024.xlsx,Table 6,"Backcast Overnight Interstate Spend ($M), Australia and States"
Overnight,Interstate,Spend,AUD millions,Victoria,VIC,quarter,2021,Q2,Q2 2021,False,1160.351,Tourism Research Australia: Domestic Tourism Statistics,domestic_tourism_overnight_backcast_2019_2024.xlsx,Table 6,"Backcast Overnight Interstate Spend ($M), Australia and States"
Overnight,Interstate,Spend,AUD millions,Victoria,VIC,quarter,2021,Q3,Q3 2021,False,192.023,Tourism Research Australia: Domestic Tourism Statistics,domestic_tourism_overnight_backcast_2019_2024.xlsx,Table 6,"Backcast Overnight Interstate Spend ($M), Australia and States"
Overnight,Interstate,Spend,AUD millions,Victoria,VIC,quarter,2021,Q4,Q4 2021,True,428.561,Tourism Research Australia: Domestic Tourism Statistics,domestic_tourism_overnight_backcast_2019_2024.xlsx,Table 6,"Backcast Overnight Interstate Spend ($M), Australia and States"
Overnight,Interstate,Spend,AUD millions,Victoria,VIC,quarter,2022,Q1,Q1 2022,False,1469.367,Tourism Research Australia: Domestic Tourism Statistics,domestic_tourism_overnight_backcast_2019_2024.xlsx,Table 6,"Backcast Overnight Interstate Spend ($M), Australia and States"
Overnight,Interstate,Spend,AUD millions,Victoria,VIC,quarter,2022,Q2,Q2 2022,False,2243.215,Tourism Research Australia: Domestic Tourism Statistics,domestic_tourism_overnight_backcast_2019_2024.xlsx,Table 6,"Backcast Overnight Interstate Spend ($M), Australia and States"
Overnight,Interstate,Spend,AUD millions,Victoria,VIC,quarter,2022,Q3,Q3 2022,False,2860.002,Tourism Research Australia: Domestic Tourism Statistics,domestic_tourism_overnight_backcast_2019_2024.xlsx,Table 6,"Backcast Overnight Interstate Spend ($M), Australia and States"
Overnight,Interstate,Spend,AUD millions,Victoria,VIC,quarter,2022,Q4,Q4 2022,True,2752.908,Tourism Research Australia: Domestic Tourism Statistics,domestic_tourism_overnight_backcast_2019_2024.xlsx,Table 6,"Backcast Overnight Interstate Spend ($M), Australia and States"
Overnight,Interstate,Spend,AUD millions,Victoria,VIC,quarter,2023,Q1,Q1 2023,False,2415.261,Tourism Research Australia: Domestic Tourism Statistics,domestic_tourism_overnight_backcast_2019_2024.xlsx,Table 6,"Backcast Overnight Interstate Spend ($M), Australia and States"
Overnight,Interstate,Spend,AUD millions,Victoria,VIC,quarter,2023,Q2,Q2 2023,False,2368.622,Tourism Research Australia: Domestic Tourism Statistics,domestic_tourism_overnight_backcast_2019_2024.xlsx,Table 6,"Backcast Overnight Interstate Spend ($M), Australia and States"
Overnight,Interstate,Spend,AUD millions,Victoria,VIC,quarter,2023,Q3,Q3 2023,False,2553.296,Tourism Research Australia: Domestic Tourism Statistics,domestic_tourism_overnight_backcast_2019_2024.xlsx,Table 6,"Backcast Overnight Interstate Spend ($M), Australia and States"
Overnight,Interstate,Spend,AUD millions,Victoria,VIC,quarter,2023,Q4,Q4 2023,True,2512.956,Tourism Research Australia: Domestic Tourism Statistics,domestic_tourism_overnight_backcast_2019_2024.xlsx,Table 6,"Backcast Overnight Interstate Spend ($M), Australia and States"
Overnight,Interstate,Spend,AUD millions,Victoria,VIC,quarter,2024,Q1,Q1 2024,False,2867.606,Tourism Research Australia: Domestic Tourism Statistics,domestic_tourism_overnight_backcast_2019_2024.xlsx,Table 6,"Backcast Overnight Interstate Spend ($M), Australia and States"
Overnight,Interstate,Spend,AUD millions,Victoria,VIC,quarter,2024,Q2,Q2 2024,False,2463.755,Tourism Research Australia: Domestic Tourism Statistics,domestic_tourism_overnight_backcast_2019_2024.xlsx,Table 6,"Backcast Overnight Interstate Spend ($M), Australia and States"
Overnight,Interstate,Spend,AUD millions,Victoria,VIC,quarter,2024,Q3,Q3 2024,False,2883.269,Tourism Research Australia: Domestic Tourism Statistics,domestic_tourism_overnight_backcast_2019_2024.xlsx,Table 6,"Backcast Overnight Interstate Spend ($M), Australia and States"
Overnight,Interstate,Spend,AUD millions,Victoria,VIC,quarter,2024,Q4,Q4 2024,True,2677.911,Tourism Research Australia: Domestic Tourism Statistics,domestic_tourism_overnight_backcast_2019_2024.xlsx,Table 6,"Backcast Overnight Interstate Spend ($M), Australia and States"
Overnight,Interstate,Spend,AUD millions,Queensland,QLD,quarter,2019,Q1,Q1 2019,False,1797.828,Tourism Research Australia: Domestic Tourism Statistics,domestic_tourism_overnight_backcast_2019_2024.xlsx,Table 6,"Backcast Overnight Interstate Spend ($M), Australia and States"
Overnight,Interstate,Spend,AUD millions,Queensland,QLD,quarter,2019,Q2,Q2 2019,False,1728.985,Tourism Research Australia: Domestic Tourism Statistics,domestic_tourism_overnight_backcast_2019_2024.xlsx,Table 6,"Backcast Overnight Interstate Spend ($M), Australia and States"
Overnight,Interstate,Spend,AUD millions,Queensland,QLD,quarter,2019,Q3,Q3 2019,False,2287.731,Tourism Research Australia: Domestic Tourism Statistics,domestic_tourism_overnight_backcast_2019_2024.xlsx,Table 6,"Backcast Overnight Interstate Spend ($M), Australia and States"
Overnight,Interstate,Spend,AUD millions,Queensland,QLD,quarter,2019,Q4,Q4 2019,True,1955.052,Tourism Research Australia: Domestic Tourism Statistics,domestic_tourism_overnight_backcast_2019_2024.xlsx,Table 6,"Backcast Overnight Interstate Spend ($M), Australia and States"
Overnight,Interstate,Spend,AUD millions,Queensland,QLD,quarter,2020,Q1,Q1 2020,False,1921.806,Tourism Research Australia: Domestic Tourism Statistics,domestic_tourism_overnight_backcast_2019_2024.xlsx,Table 6,"Backcast Overnight Interstate Spend ($M), Australia and States"
Overnight,Interstate,Spend,AUD millions,Queensland,QLD,quarter,2020,Q2,Q2 2020,False,133.2,Tourism Research Australia: Domestic Tourism Statistics,domestic_tourism_overnight_backcast_2019_2024.xlsx,Table 6,"Backcast Overnight Interstate Spend ($M), Australia and States"
Overnight,Interstate,Spend,AUD millions,Queensland,QLD,quarter,2020,Q3,Q3 2020,False,377.751,Tourism Research Australia: Domestic Tourism Statistics,domestic_tourism_overnight_backcast_2019_2024.xlsx,Table 6,"Backcast Overnight Interstate Spend ($M), Australia and States"
Overnight,Interstate,Spend,AUD millions,Queensland,QLD,quarter,2020,Q4,Q4 2020,True,801.008,Tourism Research Australia: Domestic Tourism Statistics,domestic_tourism_overnight_backcast_2019_2024.xlsx,Table 6,"Backcast Overnight Interstate Spend ($M), Australia and States"
Overnight,Interstate,Spend,AUD millions,Queensland,QLD,quarter,2021,Q1,Q1 2021,False,1709.57,Tourism Research Australia: Domestic Tourism Statistics,domestic_tourism_overnight_backcast_2019_2024.xlsx,Table 6,"Backcast Overnight Interstate Spend ($M), Australia and States"
Overnight,Interstate,Spend,AUD millions,Queensland,QLD,quarter,2021,Q2,Q2 2021,False,2711.578,Tourism Research Australia: Domestic Tourism Statistics,domestic_tourism_overnight_backcast_2019_2024.xlsx,Table 6,"Backcast Overnight Interstate Spend ($M), Australia and States"
Overnight,Interstate,Spend,AUD millions,Queensland,QLD,quarter,2021,Q3,Q3 2021,False,847.913,Tourism Research Australia: Domestic Tourism Statistics,domestic_tourism_overnight_backcast_2019_2024.xlsx,Table 6,"Backcast Overnight Interstate Spend ($M), Australia and States"
Overnight,Interstate,Spend,AUD millions,Queensland,QLD,quarter,2021,Q4,Q4 2021,True,551.315,Tourism Research Australia: Domestic Tourism Statistics,domestic_tourism_overnight_backcast_2019_2024.xlsx,Table 6,"Backcast Overnight Interstate Spend ($M), Australia and States"
Overnight,Interstate,Spend,AUD millions,Queensland,QLD,quarter,2022,Q1,Q1 2022,False,2611.292,Tourism Research Australia: Domestic Tourism Statistics,domestic_tourism_overnight_backcast_2019_2024.xlsx,Table 6,"Backcast Overnight Interstate Spend ($M), Australia and States"
Overnight,Interstate,Spend,AUD millions,Queensland,QLD,quarter,2022,Q2,Q2 2022,False,3261.613,Tourism Research Australia: Domestic Tourism Statistics,domestic_tourism_overnight_backcast_2019_2024.xlsx,Table 6,"Backcast Overnight Interstate Spend ($M), Australia and States"
Overnight,Interstate,Spend,AUD millions,Queensland,QLD,quarter,2022,Q3,Q3 2022,False,3607.171,Tourism Research Australia: Domestic Tourism Statistics,domestic_tourism_overnight_backcast_2019_2024.xlsx,Table 6,"Backcast Overnight Interstate Spend ($M), Australia and States"
Overnight,Interstate,Spend,AUD millions,Queensland,QLD,quarter,2022,Q4,Q4 2022,True,3502.905,Tourism Research Australia: Domestic Tourism Statistics,domestic_tourism_overnight_backcast_2019_2024.xlsx,Table 6,"Backcast Overnight Interstate Spend ($M), Australia and States"
Overnight,Interstate,Spend,AUD millions,Queensland,QLD,quarter,2023,Q1,Q1 2023,False,3467.637,Tourism Research Australia: Domestic Tourism Statistics,domestic_tourism_overnight_backcast_2019_2024.xlsx,Table 6,"Backcast Overnight Interstate Spend ($M), Australia and States"
Overnight,Interstate,Spend,AUD millions,Queensland,QLD,quarter,2023,Q2,Q2 2023,False,2902.247,Tourism Research Australia: Domestic Tourism Statistics,domestic_tourism_overnight_backcast_2019_2024.xlsx,Table 6,"Backcast Overnight Interstate Spend ($M), Australia and States"
Overnight,Interstate,Spend,AUD millions,Queensland,QLD,quarter,2023,Q3,Q3 2023,False,3726.765,Tourism Research Australia: Domestic Tourism Statistics,domestic_tourism_overnight_backcast_2019_2024.xlsx,Table 6,"Backcast Overnight Interstate Spend ($M), Australia and States"
Overnight,Interstate,Spend,AUD millions,Queensland,QLD,quarter,2023,Q4,Q4 2023,True,3025.878,Tourism Research Australia: Domestic Tourism Statistics,domestic_tourism_overnight_backcast_2019_2024.xlsx,Table 6,"Backcast Overnight Interstate Spend ($M), Australia and States"
Overnight,Interstate,Spend,AUD millions,Queensland,QLD,quarter,2024,Q1,Q1 2024,False,3100.989,Tourism Research Australia: Domestic Tourism Statistics,domestic_tourism_overnight_backcast_2019_2024.xlsx,Table 6,"Backcast Overnight Interstate Spend ($M), Australia and States"
Overnight,Interstate,Spend,AUD millions,Queensland,QLD,quarter,2024,Q2,Q2 2024,False,3040.445,Tourism Research Australia: Domestic Tourism Statistics,domestic_tourism_overnight_backcast_2019_2024.xlsx,Table 6,"Backcast Overnight Interstate Spend ($M), Australia and States"
Overnight,Interstate,Spend,AUD millions,Queensland,QLD,quarter,2024,Q3,Q3 2024,False,3725.034,Tourism Research Australia: Domestic Tourism Statistics,domestic_tourism_overnight_backcast_2019_2024.xlsx,Table 6,"Backcast Overnight Interstate Spend ($M), Australia and States"
Overnight,Interstate,Spend,AUD millions,Queensland,QLD,quarter,2024,Q4,Q4 2024,True,2852.776,Tourism Research Australia: Domestic Tourism Statistics,domestic_tourism_overnight_backcast_2019_2024.xlsx,Table 6,"Backcast Overnight Interstate Spend ($M), Australia and States"
Overnight,Interstate,Spend,AUD millions,South Australia,SA,quarter,2019,Q1,Q1 2019,False,655.977,Tourism Research Australia: Domestic Tourism Statistics,domestic_tourism_overnight_backcast_2019_2024.xlsx,Table 6,"Backcast Overnight Interstate Spend ($M), Australia and States"
Overnight,Interstate,Spend,AUD millions,South Australia,SA,quarter,2019,Q2,Q2 2019,False,439.529,Tourism Research Australia: Domestic Tourism Statistics,domestic_tourism_overnight_backcast_2019_2024.xlsx,Table 6,"Backcast Overnight Interstate Spend ($M), Australia and States"
Overnight,Interstate,Spend,AUD millions,South Australia,SA,quarter,2019,Q3,Q3 2019,False,459.162,Tourism Research Australia: Domestic Tourism Statistics,domestic_tourism_overnight_backcast_2019_2024.xlsx,Table 6,"Backcast Overnight Interstate Spend ($M), Australia and States"
Overnight,Interstate,Spend,AUD millions,South Australia,SA,quarter,2019,Q4,Q4 2019,True,639.017,Tourism Research Australia: Domestic Tourism Statistics,domestic_tourism_overnight_backcast_2019_2024.xlsx,Table 6,"Backcast Overnight Interstate Spend ($M), Australia and States"
Overnight,Interstate,Spend,AUD millions,South Australia,SA,quarter,2020,Q1,Q1 2020,False,651.586,Tourism Research Australia: Domestic Tourism Statistics,domestic_tourism_overnight_backcast_2019_2024.xlsx,Table 6,"Backcast Overnight Interstate Spend ($M), Australia and States"
Overnight,Interstate,Spend,AUD millions,South Australia,SA,quarter,2020,Q2,Q2 2020,False,42.638,Tourism Research Australia: Domestic Tourism Statistics,domestic_tourism_overnight_backcast_2019_2024.xlsx,Table 6,"Backcast Overnight Interstate Spend ($M), Australia and States"
Overnight,Interstate,Spend,AUD millions,South Australia,SA,quarter,2020,Q3,Q3 2020,False,84.304,Tourism Research Australia: Domestic Tourism Statistics,domestic_tourism_overnight_backcast_2019_2024.xlsx,Table 6,"Backcast Overnight Interstate Spend ($M), Australia and States"
Overnight,Interstate,Spend,AUD millions,South Australia,SA,quarter,2020,Q4,Q4 2020,True,240.725,Tourism Research Australia: Domestic Tourism Statistics,domestic_tourism_overnight_backcast_2019_2024.xlsx,Table 6,"Backcast Overnight Interstate Spend ($M), Australia and States"
Overnight,Interstate,Spend,AUD millions,South Australia,SA,quarter,2021,Q1,Q1 2021,False,518.138,Tourism Research Australia: Domestic Tourism Statistics,domestic_tourism_overnight_backcast_2019_2024.xlsx,Table 6,"Backcast Overnight Interstate Spend ($M), Australia and States"
Overnight,Interstate,Spend,AUD millions,South Australia,SA,quarter,2021,Q2,Q2 2021,False,755.307,Tourism Research Australia: Domestic Tourism Statistics,domestic_tourism_overnight_backcast_2019_2024.xlsx,Table 6,"Backcast Overnight Interstate Spend ($M), Australia and States"
Overnight,Interstate,Spend,AUD millions,South Australia,SA,quarter,2021,Q3,Q3 2021,False,170.842,Tourism Research Australia: Domestic Tourism Statistics,domestic_tourism_overnight_backcast_2019_2024.xlsx,Table 6,"Backcast Overnight Interstate Spend ($M), Australia and States"
Overnight,Interstate,Spend,AUD millions,South Australia,SA,quarter,2021,Q4,Q4 2021,True,401.272,Tourism Research Australia: Domestic Tourism Statistics,domestic_tourism_overnight_backcast_2019_2024.xlsx,Table 6,"Backcast Overnight Interstate Spend ($M), Australia and States"
Overnight,Interstate,Spend,AUD millions,South Australia,SA,quarter,2022,Q1,Q1 2022,False,606.383,Tourism Research Australia: Domestic Tourism Statistics,domestic_tourism_overnight_backcast_2019_2024.xlsx,Table 6,"Backcast Overnight Interstate Spend ($M), Australia and States"
Overnight,Interstate,Spend,AUD millions,South Australia,SA,quarter,2022,Q2,Q2 2022,False,843.264,Tourism Research Australia: Domestic Tourism Statistics,domestic_tourism_overnight_backcast_2019_2024.xlsx,Table 6,"Backcast Overnight Interstate Spend ($M), Australia and States"
Overnight,Interstate,Spend,AUD millions,South Australia,SA,quarter,2022,Q3,Q3 2022,False,764.241,Tourism Research Australia: Domestic Tourism Statistics,domestic_tourism_overnight_backcast_2019_2024.xlsx,Table 6,"Backcast Overnight Interstate Spend ($M), Australia and States"
Overnight,Interstate,Spend,AUD millions,South Australia,SA,quarter,2022,Q4,Q4 2022,True,1002.762,Tourism Research Australia: Domestic Tourism Statistics,domestic_tourism_overnight_backcast_2019_2024.xlsx,Table 6,"Backcast Overnight Interstate Spend ($M), Australia and States"
Overnight,Interstate,Spend,AUD millions,South Australia,SA,quarter,2023,Q1,Q1 2023,False,837.723,Tourism Research Australia: Domestic Tourism Statistics,domestic_tourism_overnight_backcast_2019_2024.xlsx,Table 6,"Backcast Overnight Interstate Spend ($M), Australia and States"
Overnight,Interstate,Spend,AUD millions,South Australia,SA,quarter,2023,Q2,Q2 2023,False,866.414,Tourism Research Australia: Domestic Tourism Statistics,domestic_tourism_overnight_backcast_2019_2024.xlsx,Table 6,"Backcast Overnight Interstate Spend ($M), Australia and States"
Overnight,Interstate,Spend,AUD millions,South Australia,SA,quarter,2023,Q3,Q3 2023,False,812.891,Tourism Research Australia: Domestic Tourism Statistics,domestic_tourism_overnight_backcast_2019_2024.xlsx,Table 6,"Backcast Overnight Interstate Spend ($M), Australia and States"
Overnight,Interstate,Spend,AUD millions,South Australia,SA,quarter,2023,Q4,Q4 2023,True,766.303,Tourism Research Australia: Domestic Tourism Statistics,domestic_tourism_overnight_backcast_2019_2024.xlsx,Table 6,"Backcast Overnight Interstate Spend ($M), Australia and States"
Overnight,Interstate,Spend,AUD millions,South Australia,SA,quarter,2024,Q1,Q1 2024,False,1322.386,Tourism Research Australia: Domestic Tourism Statistics,domestic_tourism_overnight_backcast_2019_2024.xlsx,Table 6,"Backcast Overnight Interstate Spend ($M), Australia and States"
Overnight,Interstate,Spend,AUD millions,South Australia,SA,quarter,2024,Q2,Q2 2024,False,769.134,Tourism Research Australia: Domestic Tourism Statistics,domestic_tourism_overnight_backcast_2019_2024.xlsx,Table 6,"Backcast Overnight Interstate Spend ($M), Australia and States"
Overnight,Interstate,Spend,AUD millions,South Australia,SA,quarter,2024,Q3,Q3 2024,False,782.589,Tourism Research Australia: Domestic Tourism Statistics,domestic_tourism_overnight_backcast_2019_2024.xlsx,Table 6,"Backcast Overnight Interstate Spend ($M), Australia and States"
Overnight,Interstate,Spend,AUD millions,South Australia,SA,quarter,2024,Q4,Q4 2024,True,960.775,Tourism Research Australia: Domestic Tourism Statistics,domestic_tourism_overnight_backcast_2019_2024.xlsx,Table 6,"Backcast Overnight Interstate Spend ($M), Australia and States"
Overnight,Interstate,Spend,AUD millions,Western Australia,WA,quarter,2019,Q1,Q1 2019,False,522.943,Tourism Research Australia: Domestic Tourism Statistics,domestic_tourism_overnight_backcast_2019_2024.xlsx,Table 6,"Backcast Overnight Interstate Spend ($M), Australia and States"
Overnight,Interstate,Spend,AUD millions,Western Australia,WA,quarter,2019,Q2,Q2 2019,False,529.499,Tourism Research Australia: Domestic Tourism Statistics,domestic_tourism_overnight_backcast_2019_2024.xlsx,Table 6,"Backcast Overnight Interstate Spend ($M), Australia and States"
Overnight,Interstate,Spend,AUD millions,Western Australia,WA,quarter,2019,Q3,Q3 2019,False,641.922,Tourism Research Australia: Domestic Tourism Statistics,domestic_tourism_overnight_backcast_2019_2024.xlsx,Table 6,"Backcast Overnight Interstate Spend ($M), Australia and States"
Overnight,Interstate,Spend,AUD millions,Western Australia,WA,quarter,2019,Q4,Q4 2019,True,646.41,Tourism Research Australia: Domestic Tourism Statistics,domestic_tourism_overnight_backcast_2019_2024.xlsx,Table 6,"Backcast Overnight Interstate Spend ($M), Australia and States"
Overnight,Interstate,Spend,AUD millions,Western Australia,WA,quarter,2020,Q1,Q1 2020,False,674.065,Tourism Research Australia: Domestic Tourism Statistics,domestic_tourism_overnight_backcast_2019_2024.xlsx,Table 6,"Backcast Overnight Interstate Spend ($M), Australia and States"
Overnight,Interstate,Spend,AUD millions,Western Australia,WA,quarter,2020,Q2,Q2 2020,False,28.505,Tourism Research Australia: Domestic Tourism Statistics,domestic_tourism_overnight_backcast_2019_2024.xlsx,Table 6,"Backcast Overnight Interstate Spend ($M), Australia and States"
Overnight,Interstate,Spend,AUD millions,Western Australia,WA,quarter,2020,Q3,Q3 2020,False,26.133,Tourism Research Australia: Domestic Tourism Statistics,domestic_tourism_overnight_backcast_2019_2024.xlsx,Table 6,"Backcast Overnight Interstate Spend ($M), Australia and States"
Overnight,Interstate,Spend,AUD millions,Western Australia,WA,quarter,2020,Q4,Q4 2020,True,124.791,Tourism Research Australia: Domestic Tourism Statistics,domestic_tourism_overnight_backcast_2019_2024.xlsx,Table 6,"Backcast Overnight Interstate Spend ($M), Australia and States"
Overnight,Interstate,Spend,AUD millions,Western Australia,WA,quarter,2021,Q1,Q1 2021,False,277.096,Tourism Research Australia: Domestic Tourism Statistics,domestic_tourism_overnight_backcast_2019_2024.xlsx,Table 6,"Backcast Overnight Interstate Spend ($M), Australia and States"
Overnight,Interstate,Spend,AUD millions,Western Australia,WA,quarter,2021,Q2,Q2 2021,False,550.21,Tourism Research Australia: Domestic Tourism Statistics,domestic_tourism_overnight_backcast_2019_2024.xlsx,Table 6,"Backcast Overnight Interstate Spend ($M), Australia and States"
Overnight,Interstate,Spend,AUD millions,Western Australia,WA,quarter,2021,Q3,Q3 2021,False,184.751,Tourism Research Australia: Domestic Tourism Statistics,domestic_tourism_overnight_backcast_2019_2024.xlsx,Table 6,"Backcast Overnight Interstate Spend ($M), Australia and States"
Overnight,Interstate,Spend,AUD millions,Western Australia,WA,quarter,2021,Q4,Q4 2021,True,133.956,Tourism Research Australia: Domestic Tourism Statistics,domestic_tourism_overnight_backcast_2019_2024.xlsx,Table 6,"Backcast Overnight Interstate Spend ($M), Australia and States"
Overnight,Interstate,Spend,AUD millions,Western Australia,WA,quarter,2022,Q1,Q1 2022,False,146.676,Tourism Research Australia: Domestic Tourism Statistics,domestic_tourism_overnight_backcast_2019_2024.xlsx,Table 6,"Backcast Overnight Interstate Spend ($M), Australia and States"
Overnight,Interstate,Spend,AUD millions,Western Australia,WA,quarter,2022,Q2,Q2 2022,False,821.101,Tourism Research Australia: Domestic Tourism Statistics,domestic_tourism_overnight_backcast_2019_2024.xlsx,Table 6,"Backcast Overnight Interstate Spend ($M), Australia and States"
Overnight,Interstate,Spend,AUD millions,Western Australia,WA,quarter,2022,Q3,Q3 2022,False,902.968,Tourism Research Australia: Domestic Tourism Statistics,domestic_tourism_overnight_backcast_2019_2024.xlsx,Table 6,"Backcast Overnight Interstate Spend ($M), Australia and States"
Overnight,Interstate,Spend,AUD millions,Western Australia,WA,quarter,2022,Q4,Q4 2022,True,1163.673,Tourism Research Australia: Domestic Tourism Statistics,domestic_tourism_overnight_backcast_2019_2024.xlsx,Table 6,"Backcast Overnight Interstate Spend ($M), Australia and States"
Overnight,Interstate,Spend,AUD millions,Western Australia,WA,quarter,2023,Q1,Q1 2023,False,699.123,Tourism Research Australia: Domestic Tourism Statistics,domestic_tourism_overnight_backcast_2019_2024.xlsx,Table 6,"Backcast Overnight Interstate Spend ($M), Australia and States"
Overnight,Interstate,Spend,AUD millions,Western Australia,WA,quarter,2023,Q2,Q2 2023,False,852.758,Tourism Research Australia: Domestic Tourism Statistics,domestic_tourism_overnight_backcast_2019_2024.xlsx,Table 6,"Backcast Overnight Interstate Spend ($M), Australia and States"
Overnight,Interstate,Spend,AUD millions,Western Australia,WA,quarter,2023,Q3,Q3 2023,False,943.427,Tourism Research Australia: Domestic Tourism Statistics,domestic_tourism_overnight_backcast_2019_2024.xlsx,Table 6,"Backcast Overnight Interstate Spend ($M), Australia and States"
Overnight,Interstate,Spend,AUD millions,Western Australia,WA,quarter,2023,Q4,Q4 2023,True,1150.303,Tourism Research Australia: Domestic Tourism Statistics,domestic_tourism_overnight_backcast_2019_2024.xlsx,Table 6,"Backcast Overnight Interstate Spend ($M), Australia and States"
Overnight,Interstate,Spend,AUD millions,Western Australia,WA,quarter,2024,Q1,Q1 2024,False,698.047,Tourism Research Australia: Domestic Tourism Statistics,domestic_tourism_overnight_backcast_2019_2024.xlsx,Table 6,"Backcast Overnight Interstate Spend ($M), Australia and States"
Overnight,Interstate,Spend,AUD millions,Western Australia,WA,quarter,2024,Q2,Q2 2024,False,990.982,Tourism Research Australia: Domestic Tourism Statistics,domestic_tourism_overnight_backcast_2019_2024.xlsx,Table 6,"Backcast Overnight Interstate Spend ($M), Australia and States"
Overnight,Interstate,Spend,AUD millions,Western Australia,WA,quarter,2024,Q3,Q3 2024,False,751.227,Tourism Research Australia: Domestic Tourism Statistics,domestic_tourism_overnight_backcast_2019_2024.xlsx,Table 6,"Backcast Overnight Interstate Spend ($M), Australia and States"
Overnight,Interstate,Spend,AUD millions,Western Australia,WA,quarter,2024,Q4,Q4 2024,True,878.472,Tourism Research Australia: Domestic Tourism Statistics,domestic_tourism_overnight_backcast_2019_2024.xlsx,Table 6,"Backcast Overnight Interstate Spend ($M), Australia and States"
Overnight,Interstate,Spend,AUD millions,Tasmania,TAS,quarter,2019,Q1,Q1 2019,False,459.199,Tourism Research Australia: Domestic Tourism Statistics,domestic_tourism_overnight_backcast_2019_2024.xlsx,Table 6,"Backcast Overnight Interstate Spend ($M), Australia and States"
Overnight,Interstate,Spend,AUD millions,Tasmania,TAS,quarter,2019,Q2,Q2 2019,False,315.246,Tourism Research Australia: Domestic Tourism Statistics,domestic_tourism_overnight_backcast_2019_2024.xlsx,Table 6,"Backcast Overnight Interstate Spend ($M), Australia and States"
Overnight,Interstate,Spend,AUD millions,Tasmania,TAS,quarter,2019,Q3,Q3 2019,False,267.73,Tourism Research Australia: Domestic Tourism Statistics,domestic_tourism_overnight_backcast_2019_2024.xlsx,Table 6,"Backcast Overnight Interstate Spend ($M), Australia and States"
Overnight,Interstate,Spend,AUD millions,Tasmania,TAS,quarter,2019,Q4,Q4 2019,True,433.718,Tourism Research Australia: Domestic Tourism Statistics,domestic_tourism_overnight_backcast_2019_2024.xlsx,Table 6,"Backcast Overnight Interstate Spend ($M), Australia and States"
Overnight,Interstate,Spend,AUD millions,Tasmania,TAS,quarter,2020,Q1,Q1 2020,False,512.479,Tourism Research Australia: Domestic Tourism Statistics,domestic_tourism_overnight_backcast_2019_2024.xlsx,Table 6,"Backcast Overnight Interstate Spend ($M), Australia and States"
Overnight,Interstate,Spend,AUD millions,Tasmania,TAS,quarter,2020,Q2,Q2 2020,False,19.777,Tourism Research Australia: Domestic Tourism Statistics,domestic_tourism_overnight_backcast_2019_2024.xlsx,Table 6,"Backcast Overnight Interstate Spend ($M), Australia and States"
Overnight,Interstate,Spend,AUD millions,Tasmania,TAS,quarter,2020,Q3,Q3 2020,False,7.091,Tourism Research Australia: Domestic Tourism Statistics,domestic_tourism_overnight_backcast_2019_2024.xlsx,Table 6,"Backcast Overnight Interstate Spend ($M), Australia and States"
Overnight,Interstate,Spend,AUD millions,Tasmania,TAS,quarter,2020,Q4,Q4 2020,True,91.429,Tourism Research Australia: Domestic Tourism Statistics,domestic_tourism_overnight_backcast_2019_2024.xlsx,Table 6,"Backcast Overnight Interstate Spend ($M), Australia and States"
Overnight,Interstate,Spend,AUD millions,Tasmania,TAS,quarter,2021,Q1,Q1 2021,False,446.061,Tourism Research Australia: Domestic Tourism Statistics,domestic_tourism_overnight_backcast_2019_2024.xlsx,Table 6,"Backcast Overnight Interstate Spend ($M), Australia and States"
Overnight,Interstate,Spend,AUD millions,Tasmania,TAS,quarter,2021,Q2,Q2 2021,False,493.3,Tourism Research Australia: Domestic Tourism Statistics,domestic_tourism_overnight_backcast_2019_2024.xlsx,Table 6,"Backcast Overnight Interstate Spend ($M), Australia and States"
Overnight,Interstate,Spend,AUD millions,Tasmania,TAS,quarter,2021,Q3,Q3 2021,False,231.405,Tourism Research Australia: Domestic Tourism Statistics,domestic_tourism_overnight_backcast_2019_2024.xlsx,Table 6,"Backcast Overnight Interstate Spend ($M), Australia and States"
Overnight,Interstate,Spend,AUD millions,Tasmania,TAS,quarter,2021,Q4,Q4 2021,True,204.009,Tourism Research Australia: Domestic Tourism Statistics,domestic_tourism_overnight_backcast_2019_2024.xlsx,Table 6,"Backcast Overnight Interstate Spend ($M), Australia and States"
Overnight,Interstate,Spend,AUD millions,Tasmania,TAS,quarter,2022,Q1,Q1 2022,False,599.118,Tourism Research Australia: Domestic Tourism Statistics,domestic_tourism_overnight_backcast_2019_2024.xlsx,Table 6,"Backcast Overnight Interstate Spend ($M), Australia and States"
Overnight,Interstate,Spend,AUD millions,Tasmania,TAS,quarter,2022,Q2,Q2 2022,False,616.677,Tourism Research Australia: Domestic Tourism Statistics,domestic_tourism_overnight_backcast_2019_2024.xlsx,Table 6,"Backcast Overnight Interstate Spend ($M), Australia and States"
Overnight,Interstate,Spend,AUD millions,Tasmania,TAS,quarter,2022,Q3,Q3 2022,False,406.671,Tourism Research Australia: Domestic Tourism Statistics,domestic_tourism_overnight_backcast_2019_2024.xlsx,Table 6,"Backcast Overnight Interstate Spend ($M), Australia and States"
Overnight,Interstate,Spend,AUD millions,Tasmania,TAS,quarter,2022,Q4,Q4 2022,True,559.151,Tourism Research Australia: Domestic Tourism Statistics,domestic_tourism_overnight_backcast_2019_2024.xlsx,Table 6,"Backcast Overnight Interstate Spend ($M), Australia and States"
Overnight,Interstate,Spend,AUD millions,Tasmania,TAS,quarter,2023,Q1,Q1 2023,False,718.978,Tourism Research Australia: Domestic Tourism Statistics,domestic_tourism_overnight_backcast_2019_2024.xlsx,Table 6,"Backcast Overnight Interstate Spend ($M), Australia and States"
Overnight,Interstate,Spend,AUD millions,Tasmania,TAS,quarter,2023,Q2,Q2 2023,False,461.714,Tourism Research Australia: Domestic Tourism Statistics,domestic_tourism_overnight_backcast_2019_2024.xlsx,Table 6,"Backcast Overnight Interstate Spend ($M), Australia and States"
Overnight,Interstate,Spend,AUD millions,Tasmania,TAS,quarter,2023,Q3,Q3 2023,False,443.772,Tourism Research Australia: Domestic Tourism Statistics,domestic_tourism_overnight_backcast_2019_2024.xlsx,Table 6,"Backcast Overnight Interstate Spend ($M), Australia and States"
Overnight,Interstate,Spend,AUD millions,Tasmania,TAS,quarter,2023,Q4,Q4 2023,True,623.692,Tourism Research Australia: Domestic Tourism Statistics,domestic_tourism_overnight_backcast_2019_2024.xlsx,Table 6,"Backcast Overnight Interstate Spend ($M), Australia and States"
Overnight,Interstate,Spend,AUD millions,Tasmania,TAS,quarter,2024,Q1,Q1 2024,False,775.868,Tourism Research Australia: Domestic Tourism Statistics,domestic_tourism_overnight_backcast_2019_2024.xlsx,Table 6,"Backcast Overnight Interstate Spend ($M), Australia and States"
Overnight,Interstate,Spend,AUD millions,Tasmania,TAS,quarter,2024,Q2,Q2 2024,False,517.817,Tourism Research Australia: Domestic Tourism Statistics,domestic_tourism_overnight_backcast_2019_2024.xlsx,Table 6,"Backcast Overnight Interstate Spend ($M), Australia and States"
Overnight,Interstate,Spend,AUD millions,Tasmania,TAS,quarter,2024,Q3,Q3 2024,False,459.012,Tourism Research Australia: Domestic Tourism Statistics,domestic_tourism_overnight_backcast_2019_2024.xlsx,Table 6,"Backcast Overnight Interstate Spend ($M), Australia and States"
Overnight,Interstate,Spend,AUD millions,Tasmania,TAS,quarter,2024,Q4,Q4 2024,True,580.016,Tourism Research Australia: Domestic Tourism Statistics,domestic_tourism_overnight_backcast_2019_2024.xlsx,Table 6,"Backcast Overnight Interstate Spend ($M), Australia and States"
Overnight,Interstate,Spend,AUD millions,Northern Territory,NT,quarter,2019,Q1,Q1 2019,False,59.028,Tourism Research Australia: Domestic Tourism Statistics,domestic_tourism_overnight_backcast_2019_2024.xlsx,Table 6,"Backcast Overnight Interstate Spend ($M), Australia and States"
Overnight,Interstate,Spend,AUD millions,Northern Territory,NT,quarter,2019,Q2,Q2 2019,False,158.126,Tourism Research Australia: Domestic Tourism Statistics,domestic_tourism_overnight_backcast_2019_2024.xlsx,Table 6,"Backcast Overnight Interstate Spend ($M), Australia and States"
Overnight,Interstate,Spend,AUD millions,Northern Territory,NT,quarter,2019,Q3,Q3 2019,False,200.592,Tourism Research Australia: Domestic Tourism Statistics,domestic_tourism_overnight_backcast_2019_2024.xlsx,Table 6,"Backcast Overnight Interstate Spend ($M), Australia and States"
Overnight,Interstate,Spend,AUD millions,Northern Territory,NT,quarter,2019,Q4,Q4 2019,True,119.943,Tourism Research Australia: Domestic Tourism Statistics,domestic_tourism_overnight_backcast_2019_2024.xlsx,Table 6,"Backcast Overnight Interstate Spend ($M), Australia and States"
Overnight,Interstate,Spend,AUD millions,Northern Territory,NT,quarter,2020,Q1,Q1 2020,False,69.594,Tourism Research Australia: Domestic Tourism Statistics,domestic_tourism_overnight_backcast_2019_2024.xlsx,Table 6,"Backcast Overnight Interstate Spend ($M), Australia and States"
Overnight,Interstate,Spend,AUD millions,Northern Territory,NT,quarter,2020,Q2,Q2 2020,False,1.313,Tourism Research Australia: Domestic Tourism Statistics,domestic_tourism_overnight_backcast_2019_2024.xlsx,Table 6,"Backcast Overnight Interstate Spend ($M), Australia and States"
Overnight,Interstate,Spend,AUD millions,Northern Territory,NT,quarter,2020,Q3,Q3 2020,False,19.233,Tourism Research Australia: Domestic Tourism Statistics,domestic_tourism_overnight_backcast_2019_2024.xlsx,Table 6,"Backcast Overnight Interstate Spend ($M), Australia and States"
Overnight,Interstate,Spend,AUD millions,Northern Territory,NT,quarter,2020,Q4,Q4 2020,True,61.644,Tourism Research Australia: Domestic Tourism Statistics,domestic_tourism_overnight_backcast_2019_2024.xlsx,Table 6,"Backcast Overnight Interstate Spend ($M), Australia and States"
Overnight,Interstate,Spend,AUD millions,Northern Territory,NT,quarter,2021,Q1,Q1 2021,False,87.246,Tourism Research Australia: Domestic Tourism Statistics,domestic_tourism_overnight_backcast_2019_2024.xlsx,Table 6,"Backcast Overnight Interstate Spend ($M), Australia and States"
Overnight,Interstate,Spend,AUD millions,Northern Territory,NT,quarter,2021,Q2,Q2 2021,False,203.311,Tourism Research Australia: Domestic Tourism Statistics,domestic_tourism_overnight_backcast_2019_2024.xlsx,Table 6,"Backcast Overnight Interstate Spend ($M), Australia and States"
Overnight,Interstate,Spend,AUD millions,Northern Territory,NT,quarter,2021,Q3,Q3 2021,False,176.203,Tourism Research Australia: Domestic Tourism Statistics,domestic_tourism_overnight_backcast_2019_2024.xlsx,Table 6,"Backcast Overnight Interstate Spend ($M), Australia and States"
Overnight,Interstate,Spend,AUD millions,Northern Territory,NT,quarter,2021,Q4,Q4 2021,True,72.187,Tourism Research Australia: Domestic Tourism Statistics,domestic_tourism_overnight_backcast_2019_2024.xlsx,Table 6,"Backcast Overnight Interstate Spend ($M), Australia and States"
Overnight,Interstate,Spend,AUD millions,Northern Territory,NT,quarter,2022,Q1,Q1 2022,False,87.881,Tourism Research Australia: Domestic Tourism Statistics,domestic_tourism_overnight_backcast_2019_2024.xlsx,Table 6,"Backcast Overnight Interstate Spend ($M), Australia and States"
Overnight,Interstate,Spend,AUD millions,Northern Territory,NT,quarter,2022,Q2,Q2 2022,False,252.438,Tourism Research Australia: Domestic Tourism Statistics,domestic_tourism_overnight_backcast_2019_2024.xlsx,Table 6,"Backcast Overnight Interstate Spend ($M), Australia and States"
Overnight,Interstate,Spend,AUD millions,Northern Territory,NT,quarter,2022,Q3,Q3 2022,False,362.386,Tourism Research Australia: Domestic Tourism Statistics,domestic_tourism_overnight_backcast_2019_2024.xlsx,Table 6,"Backcast Overnight Interstate Spend ($M), Australia and States"
Overnight,Interstate,Spend,AUD millions,Northern Territory,NT,quarter,2022,Q4,Q4 2022,True,177.541,Tourism Research Australia: Domestic Tourism Statistics,domestic_tourism_overnight_backcast_2019_2024.xlsx,Table 6,"Backcast Overnight Interstate Spend ($M), Australia and States"
Overnight,Interstate,Spend,AUD millions,Northern Territory,NT,quarter,2023,Q1,Q1 2023,False,44.661,Tourism Research Australia: Domestic Tourism Statistics,domestic_tourism_overnight_backcast_2019_2024.xlsx,Table 6,"Backcast Overnight Interstate Spend ($M), Australia and States"
Overnight,Interstate,Spend,AUD millions,Northern Territory,NT,quarter,2023,Q2,Q2 2023,False,225.667,Tourism Research Australia: Domestic Tourism Statistics,domestic_tourism_overnight_backcast_2019_2024.xlsx,Table 6,"Backcast Overnight Interstate Spend ($M), Australia and States"
Overnight,Interstate,Spend,AUD millions,Northern Territory,NT,quarter,2023,Q3,Q3 2023,False,383.24,Tourism Research Australia: Domestic Tourism Statistics,domestic_tourism_overnight_backcast_2019_2024.xlsx,Table 6,"Backcast Overnight Interstate Spend ($M), Australia and States"
Overnight,Interstate,Spend,AUD millions,Northern Territory,NT,quarter,2023,Q4,Q4 2023,True,174.795,Tourism Research Australia: Domestic Tourism Statistics,domestic_tourism_overnight_backcast_2019_2024.xlsx,Table 6,"Backcast Overnight Interstate Spend ($M), Australia and States"
Overnight,Interstate,Spend,AUD millions,Northern Territory,NT,quarter,2024,Q1,Q1 2024,False,154.981,Tourism Research Australia: Domestic Tourism Statistics,domestic_tourism_overnight_backcast_2019_2024.xlsx,Table 6,"Backcast Overnight Interstate Spend ($M), Australia and States"
Overnight,Interstate,Spend,AUD millions,Northern Territory,NT,quarter,2024,Q2,Q2 2024,False,176.82,Tourism Research Australia: Domestic Tourism Statistics,domestic_tourism_overnight_backcast_2019_2024.xlsx,Table 6,"Backcast Overnight Interstate Spend ($M), Australia and States"
Overnight,Interstate,Spend,AUD millions,Northern Territory,NT,quarter,2024,Q3,Q3 2024,False,339.43,Tourism Research Australia: Domestic Tourism Statistics,domestic_tourism_overnight_backcast_2019_2024.xlsx,Table 6,"Backcast Overnight Interstate Spend ($M), Australia and States"
Overnight,Interstate,Spend,AUD millions,Northern Territory,NT,quarter,2024,Q4,Q4 2024,True,176.128,Tourism Research Australia: Domestic Tourism Statistics,domestic_tourism_overnight_backcast_2019_2024.xlsx,Table 6,"Backcast Overnight Interstate Spend ($M), Australia and States"
Overnight,Interstate,Spend,AUD millions,ACT,ACT,quarter,2019,Q1,Q1 2019,False,366.609,Tourism Research Australia: Domestic Tourism Statistics,domestic_tourism_overnight_backcast_2019_2024.xlsx,Table 6,"Backcast Overnight Interstate Spend ($M), Australia and States"
Overnight,Interstate,Spend,AUD millions,ACT,ACT,quarter,2019,Q2,Q2 2019,False,324.673,Tourism Research Australia: Domestic Tourism Statistics,domestic_tourism_overnight_backcast_2019_2024.xlsx,Table 6,"Backcast Overnight Interstate Spend ($M), Australia and States"
Overnight,Interstate,Spend,AUD millions,ACT,ACT,quarter,2019,Q3,Q3 2019,False,410.455,Tourism Research Australia: Domestic Tourism Statistics,domestic_tourism_overnight_backcast_2019_2024.xlsx,Table 6,"Backcast Overnight Interstate Spend ($M), Australia and States"
Overnight,Interstate,Spend,AUD millions,ACT,ACT,quarter,2019,Q4,Q4 2019,True,212.793,Tourism Research Australia: Domestic Tourism Statistics,domestic_tourism_overnight_backcast_2019_2024.xlsx,Table 6,"Backcast Overnight Interstate Spend ($M), Australia and States"
Overnight,Interstate,Spend,AUD millions,ACT,ACT,quarter,2020,Q1,Q1 2020,False,315.824,Tourism Research Australia: Domestic Tourism Statistics,domestic_tourism_overnight_backcast_2019_2024.xlsx,Table 6,"Backcast Overnight Interstate Spend ($M), Australia and States"
Overnight,Interstate,Spend,AUD millions,ACT,ACT,quarter,2020,Q2,Q2 2020,False,75.503,Tourism Research Australia: Domestic Tourism Statistics,domestic_tourism_overnight_backcast_2019_2024.xlsx,Table 6,"Backcast Overnight Interstate Spend ($M), Australia and States"
Overnight,Interstate,Spend,AUD millions,ACT,ACT,quarter,2020,Q3,Q3 2020,False,271.708,Tourism Research Australia: Domestic Tourism Statistics,domestic_tourism_overnight_backcast_2019_2024.xlsx,Table 6,"Backcast Overnight Interstate Spend ($M), Australia and States"
Overnight,Interstate,Spend,AUD millions,ACT,ACT,quarter,2020,Q4,Q4 2020,True,253.61,Tourism Research Australia: Domestic Tourism Statistics,domestic_tourism_overnight_backcast_2019_2024.xlsx,Table 6,"Backcast Overnight Interstate Spend ($M), Australia and States"
Overnight,Interstate,Spend,AUD millions,ACT,ACT,quarter,2021,Q1,Q1 2021,False,264.759,Tourism Research Australia: Domestic Tourism Statistics,domestic_tourism_overnight_backcast_2019_2024.xlsx,Table 6,"Backcast Overnight Interstate Spend ($M), Australia and States"
Overnight,Interstate,Spend,AUD millions,ACT,ACT,quarter,2021,Q2,Q2 2021,False,379.946,Tourism Research Australia: Domestic Tourism Statistics,domestic_tourism_overnight_backcast_2019_2024.xlsx,Table 6,"Backcast Overnight Interstate Spend ($M), Australia and States"
Overnight,Interstate,Spend,AUD millions,ACT,ACT,quarter,2021,Q3,Q3 2021,False,62.385,Tourism Research Australia: Domestic Tourism Statistics,domestic_tourism_overnight_backcast_2019_2024.xlsx,Table 6,"Backcast Overnight Interstate Spend ($M), Australia and States"
Overnight,Interstate,Spend,AUD millions,ACT,ACT,quarter,2021,Q4,Q4 2021,True,115.805,Tourism Research Australia: Domestic Tourism Statistics,domestic_tourism_overnight_backcast_2019_2024.xlsx,Table 6,"Backcast Overnight Interstate Spend ($M), Australia and States"
Overnight,Interstate,Spend,AUD millions,ACT,ACT,quarter,2022,Q1,Q1 2022,False,328.498,Tourism Research Australia: Domestic Tourism Statistics,domestic_tourism_overnight_backcast_2019_2024.xlsx,Table 6,"Backcast Overnight Interstate Spend ($M), Australia and States"
Overnight,Interstate,Spend,AUD millions,ACT,ACT,quarter,2022,Q2,Q2 2022,False,483.163,Tourism Research Australia: Domestic Tourism Statistics,domestic_tourism_overnight_backcast_2019_2024.xlsx,Table 6,"Backcast Overnight Interstate Spend ($M), Australia and States"
Overnight,Interstate,Spend,AUD millions,ACT,ACT,quarter,2022,Q3,Q3 2022,False,443.191,Tourism Research Australia: Domestic Tourism Statistics,domestic_tourism_overnight_backcast_2019_2024.xlsx,Table 6,"Backcast Overnight Interstate Spend ($M), Australia and States"
Overnight,Interstate,Spend,AUD millions,ACT,ACT,quarter,2022,Q4,Q4 2022,True,449.834,Tourism Research Australia: Domestic Tourism Statistics,domestic_tourism_overnight_backcast_2019_2024.xlsx,Table 6,"Backcast Overnight Interstate Spend ($M), Australia and States"
Overnight,Interstate,Spend,AUD millions,ACT,ACT,quarter,2023,Q1,Q1 2023,False,446.512,Tourism Research Australia: Domestic Tourism Statistics,domestic_tourism_overnight_backcast_2019_2024.xlsx,Table 6,"Backcast Overnight Interstate Spend ($M), Australia and States"
Overnight,Interstate,Spend,AUD millions,ACT,ACT,quarter,2023,Q2,Q2 2023,False,428.08,Tourism Research Australia: Domestic Tourism Statistics,domestic_tourism_overnight_backcast_2019_2024.xlsx,Table 6,"Backcast Overnight Interstate Spend ($M), Australia and States"
Overnight,Interstate,Spend,AUD millions,ACT,ACT,quarter,2023,Q3,Q3 2023,False,396.068,Tourism Research Australia: Domestic Tourism Statistics,domestic_tourism_overnight_backcast_2019_2024.xlsx,Table 6,"Backcast Overnight Interstate Spend ($M), Australia and States"
Overnight,Interstate,Spend,AUD millions,ACT,ACT,quarter,2023,Q4,Q4 2023,True,435.686,Tourism Research Australia: Domestic Tourism Statistics,domestic_tourism_overnight_backcast_2019_2024.xlsx,Table 6,"Backcast Overnight Interstate Spend ($M), Australia and States"
Overnight,Interstate,Spend,AUD millions,ACT,ACT,quarter,2024,Q1,Q1 2024,False,587.628,Tourism Research Australia: Domestic Tourism Statistics,domestic_tourism_overnight_backcast_2019_2024.xlsx,Table 6,"Backcast Overnight Interstate Spend ($M), Australia and States"
Overnight,Interstate,Spend,AUD millions,ACT,ACT,quarter,2024,Q2,Q2 2024,False,625.56,Tourism Research Australia: Domestic Tourism Statistics,domestic_tourism_overnight_backcast_2019_2024.xlsx,Table 6,"Backcast Overnight Interstate Spend ($M), Australia and States"
Overnight,Interstate,Spend,AUD millions,ACT,ACT,quarter,2024,Q3,Q3 2024,False,599.055,Tourism Research Australia: Domestic Tourism Statistics,domestic_tourism_overnight_backcast_2019_2024.xlsx,Table 6,"Backcast Overnight Interstate Spend ($M), Australia and States"
Overnight,Interstate,Spend,AUD millions,ACT,ACT,quarter,2024,Q4,Q4 2024,True,479.951,Tourism Research Australia: Domestic Tourism Statistics,domestic_tourism_overnight_backcast_2019_2024.xlsx,Table 6,"Backcast Overnight Interstate Spend ($M), Australia and States"
Overnight,Intrastate,Trips,000 trips,Australia,AUS,quarter,2019,Q1,Q1 2019,False,21621.17,Tourism Research Australia: Domestic Tourism Statistics,domestic_tourism_overnight_backcast_2019_2024.xlsx,Table 7,"Backcast Overnight Intrastate Trips ('000), Australia and States"
Overnight,Intrastate,Trips,000 trips,Australia,AUS,quarter,2019,Q2,Q2 2019,False,19895.767,Tourism Research Australia: Domestic Tourism Statistics,domestic_tourism_overnight_backcast_2019_2024.xlsx,Table 7,"Backcast Overnight Intrastate Trips ('000), Australia and States"
Overnight,Intrastate,Trips,000 trips,Australia,AUS,quarter,2019,Q3,Q3 2019,False,19886.896,Tourism Research Australia: Domestic Tourism Statistics,domestic_tourism_overnight_backcast_2019_2024.xlsx,Table 7,"Backcast Overnight Intrastate Trips ('000), Australia and States"
Overnight,Intrastate,Trips,000 trips,Australia,AUS,quarter,2019,Q4,Q4 2019,True,21513.446,Tourism Research Australia: Domestic Tourism Statistics,domestic_tourism_overnight_backcast_2019_2024.xlsx,Table 7,"Backcast Overnight Intrastate Trips ('000), Australia and States"
Overnight,Intrastate,Trips,000 trips,Australia,AUS,quarter,2020,Q1,Q1 2020,False,20754.671,Tourism Research Australia: Domestic Tourism Statistics,domestic_tourism_overnight_backcast_2019_2024.xlsx,Table 7,"Backcast Overnight Intrastate Trips ('000), Australia and States"
Overnight,Intrastate,Trips,000 trips,Australia,AUS,quarter,2020,Q2,Q2 2020,False,12483.839,Tourism Research Australia: Domestic Tourism Statistics,domestic_tourism_overnight_backcast_2019_2024.xlsx,Table 7,"Backcast Overnight Intrastate Trips ('000), Australia and States"
Overnight,Intrastate,Trips,000 trips,Australia,AUS,quarter,2020,Q3,Q3 2020,False,17321.305,Tourism Research Australia: Domestic Tourism Statistics,domestic_tourism_overnight_backcast_2019_2024.xlsx,Table 7,"Backcast Overnight Intrastate Trips ('000), Australia and States"
Overnight,Intrastate,Trips,000 trips,Australia,AUS,quarter,2020,Q4,Q4 2020,True,21815.073,Tourism Research Australia: Domestic Tourism Statistics,domestic_tourism_overnight_backcast_2019_2024.xlsx,Table 7,"Backcast Overnight Intrastate Trips ('000), Australia and States"
Overnight,Intrastate,Trips,000 trips,Australia,AUS,quarter,2021,Q1,Q1 2021,False,22362.582,Tourism Research Australia: Domestic Tourism Statistics,domestic_tourism_overnight_backcast_2019_2024.xlsx,Table 7,"Backcast Overnight Intrastate Trips ('000), Australia and States"
Overnight,Intrastate,Trips,000 trips,Australia,AUS,quarter,2021,Q2,Q2 2021,False,20701.225,Tourism Research Australia: Domestic Tourism Statistics,domestic_tourism_overnight_backcast_2019_2024.xlsx,Table 7,"Backcast Overnight Intrastate Trips ('000), Australia and States"
Overnight,Intrastate,Trips,000 trips,Australia,AUS,quarter,2021,Q3,Q3 2021,False,14090.683,Tourism Research Australia: Domestic Tourism Statistics,domestic_tourism_overnight_backcast_2019_2024.xlsx,Table 7,"Backcast Overnight Intrastate Trips ('000), Australia and States"
Overnight,Intrastate,Trips,000 trips,Australia,AUS,quarter,2021,Q4,Q4 2021,True,21571.503,Tourism Research Australia: Domestic Tourism Statistics,domestic_tourism_overnight_backcast_2019_2024.xlsx,Table 7,"Backcast Overnight Intrastate Trips ('000), Australia and States"
Overnight,Intrastate,Trips,000 trips,Australia,AUS,quarter,2022,Q1,Q1 2022,False,21744.449,Tourism Research Australia: Domestic Tourism Statistics,domestic_tourism_overnight_backcast_2019_2024.xlsx,Table 7,"Backcast Overnight Intrastate Trips ('000), Australia and States"
Overnight,Intrastate,Trips,000 trips,Australia,AUS,quarter,2022,Q2,Q2 2022,False,20702.418,Tourism Research Australia: Domestic Tourism Statistics,domestic_tourism_overnight_backcast_2019_2024.xlsx,Table 7,"Backcast Overnight Intrastate Trips ('000), Australia and States"
Overnight,Intrastate,Trips,000 trips,Australia,AUS,quarter,2022,Q3,Q3 2022,False,20296.049,Tourism Research Australia: Domestic Tourism Statistics,domestic_tourism_overnight_backcast_2019_2024.xlsx,Table 7,"Backcast Overnight Intrastate Trips ('000), Australia and States"
Overnight,Intrastate,Trips,000 trips,Australia,AUS,quarter,2022,Q4,Q4 2022,True,21930.867,Tourism Research Australia: Domestic Tourism Statistics,domestic_tourism_overnight_backcast_2019_2024.xlsx,Table 7,"Backcast Overnight Intrastate Trips ('000), Australia and States"
Overnight,Intrastate,Trips,000 trips,Australia,AUS,quarter,2023,Q1,Q1 2023,False,22363.943,Tourism Research Australia: Domestic Tourism Statistics,domestic_tourism_overnight_backcast_2019_2024.xlsx,Table 7,"Backcast Overnight Intrastate Trips ('000), Australia and States"
Overnight,Intrastate,Trips,000 trips,Australia,AUS,quarter,2023,Q2,Q2 2023,False,21030.742,Tourism Research Australia: Domestic Tourism Statistics,domestic_tourism_overnight_backcast_2019_2024.xlsx,Table 7,"Backcast Overnight Intrastate Trips ('000), Australia and States"
Overnight,Intrastate,Trips,000 trips,Australia,AUS,quarter,2023,Q3,Q3 2023,False,20213.772,Tourism Research Australia: Domestic Tourism Statistics,domestic_tourism_overnight_backcast_2019_2024.xlsx,Table 7,"Backcast Overnight Intrastate Trips ('000), Australia and States"
Overnight,Intrastate,Trips,000 trips,Australia,AUS,quarter,2023,Q4,Q4 2023,True,22082.901,Tourism Research Australia: Domestic Tourism Statistics,domestic_tourism_overnight_backcast_2019_2024.xlsx,Table 7,"Backcast Overnight Intrastate Trips ('000), Australia and States"
Overnight,Intrastate,Trips,000 trips,Australia,AUS,quarter,2024,Q1,Q1 2024,False,22353.538,Tourism Research Australia: Domestic Tourism Statistics,domestic_tourism_overnight_backcast_2019_2024.xlsx,Table 7,"Backcast Overnight Intrastate Trips ('000), Australia and States"
Overnight,Intrastate,Trips,000 trips,Australia,AUS,quarter,2024,Q2,Q2 2024,False,20421.356,Tourism Research Australia: Domestic Tourism Statistics,domestic_tourism_overnight_backcast_2019_2024.xlsx,Table 7,"Backcast Overnight Intrastate Trips ('000), Australia and States"
Overnight,Intrastate,Trips,000 trips,Australia,AUS,quarter,2024,Q3,Q3 2024,False,19819.634,Tourism Research Australia: Domestic Tourism Statistics,domestic_tourism_overnight_backcast_2019_2024.xlsx,Table 7,"Backcast Overnight Intrastate Trips ('000), Australia and States"
Overnight,Intrastate,Trips,000 trips,Australia,AUS,quarter,2024,Q4,Q4 2024,True,22071.141,Tourism Research Australia: Domestic Tourism Statistics,domestic_tourism_overnight_backcast_2019_2024.xlsx,Table 7,"Backcast Overnight Intrastate Trips ('000), Australia and States"
Overnight,Intrastate,Trips,000 trips,New South Wales,NSW,quarter,2019,Q1,Q1 2019,False,7468.019,Tourism Research Australia: Domestic Tourism Statistics,domestic_tourism_overnight_backcast_2019_2024.xlsx,Table 7,"Backcast Overnight Intrastate Trips ('000), Australia and States"
Overnight,Intrastate,Trips,000 trips,New South Wales,NSW,quarter,2019,Q2,Q2 2019,False,6968.482,Tourism Research Australia: Domestic Tourism Statistics,domestic_tourism_overnight_backcast_2019_2024.xlsx,Table 7,"Backcast Overnight Intrastate Trips ('000), Australia and States"
Overnight,Intrastate,Trips,000 trips,New South Wales,NSW,quarter,2019,Q3,Q3 2019,False,7028.436,Tourism Research Australia: Domestic Tourism Statistics,domestic_tourism_overnight_backcast_2019_2024.xlsx,Table 7,"Backcast Overnight Intrastate Trips ('000), Australia and States"
Overnight,Intrastate,Trips,000 trips,New South Wales,NSW,quarter,2019,Q4,Q4 2019,True,7639.131,Tourism Research Australia: Domestic Tourism Statistics,domestic_tourism_overnight_backcast_2019_2024.xlsx,Table 7,"Backcast Overnight Intrastate Trips ('000), Australia and States"
Overnight,Intrastate,Trips,000 trips,New South Wales,NSW,quarter,2020,Q1,Q1 2020,False,6934.992,Tourism Research Australia: Domestic Tourism Statistics,domestic_tourism_overnight_backcast_2019_2024.xlsx,Table 7,"Backcast Overnight Intrastate Trips ('000), Australia and States"
Overnight,Intrastate,Trips,000 trips,New South Wales,NSW,quarter,2020,Q2,Q2 2020,False,4103.874,Tourism Research Australia: Domestic Tourism Statistics,domestic_tourism_overnight_backcast_2019_2024.xlsx,Table 7,"Backcast Overnight Intrastate Trips ('000), Australia and States"
Overnight,Intrastate,Trips,000 trips,New South Wales,NSW,quarter,2020,Q3,Q3 2020,False,6282.739,Tourism Research Australia: Domestic Tourism Statistics,domestic_tourism_overnight_backcast_2019_2024.xlsx,Table 7,"Backcast Overnight Intrastate Trips ('000), Australia and States"
Overnight,Intrastate,Trips,000 trips,New South Wales,NSW,quarter,2020,Q4,Q4 2020,True,7518.447,Tourism Research Australia: Domestic Tourism Statistics,domestic_tourism_overnight_backcast_2019_2024.xlsx,Table 7,"Backcast Overnight Intrastate Trips ('000), Australia and States"
Overnight,Intrastate,Trips,000 trips,New South Wales,NSW,quarter,2021,Q1,Q1 2021,False,7248.543,Tourism Research Australia: Domestic Tourism Statistics,domestic_tourism_overnight_backcast_2019_2024.xlsx,Table 7,"Backcast Overnight Intrastate Trips ('000), Australia and States"
Overnight,Intrastate,Trips,000 trips,New South Wales,NSW,quarter,2021,Q2,Q2 2021,False,7147.463,Tourism Research Australia: Domestic Tourism Statistics,domestic_tourism_overnight_backcast_2019_2024.xlsx,Table 7,"Backcast Overnight Intrastate Trips ('000), Australia and States"
Overnight,Intrastate,Trips,000 trips,New South Wales,NSW,quarter,2021,Q3,Q3 2021,False,2387.385,Tourism Research Australia: Domestic Tourism Statistics,domestic_tourism_overnight_backcast_2019_2024.xlsx,Table 7,"Backcast Overnight Intrastate Trips ('000), Australia and States"
Overnight,Intrastate,Trips,000 trips,New South Wales,NSW,quarter,2021,Q4,Q4 2021,True,6213.032,Tourism Research Australia: Domestic Tourism Statistics,domestic_tourism_overnight_backcast_2019_2024.xlsx,Table 7,"Backcast Overnight Intrastate Trips ('000), Australia and States"
Overnight,Intrastate,Trips,000 trips,New South Wales,NSW,quarter,2022,Q1,Q1 2022,False,7063.679,Tourism Research Australia: Domestic Tourism Statistics,domestic_tourism_overnight_backcast_2019_2024.xlsx,Table 7,"Backcast Overnight Intrastate Trips ('000), Australia and States"
Overnight,Intrastate,Trips,000 trips,New South Wales,NSW,quarter,2022,Q2,Q2 2022,False,7108.724,Tourism Research Australia: Domestic Tourism Statistics,domestic_tourism_overnight_backcast_2019_2024.xlsx,Table 7,"Backcast Overnight Intrastate Trips ('000), Australia and States"
Overnight,Intrastate,Trips,000 trips,New South Wales,NSW,quarter,2022,Q3,Q3 2022,False,6937.185,Tourism Research Australia: Domestic Tourism Statistics,domestic_tourism_overnight_backcast_2019_2024.xlsx,Table 7,"Backcast Overnight Intrastate Trips ('000), Australia and States"
Overnight,Intrastate,Trips,000 trips,New South Wales,NSW,quarter,2022,Q4,Q4 2022,True,7739.099,Tourism Research Australia: Domestic Tourism Statistics,domestic_tourism_overnight_backcast_2019_2024.xlsx,Table 7,"Backcast Overnight Intrastate Trips ('000), Australia and States"
Overnight,Intrastate,Trips,000 trips,New South Wales,NSW,quarter,2023,Q1,Q1 2023,False,7645.264,Tourism Research Australia: Domestic Tourism Statistics,domestic_tourism_overnight_backcast_2019_2024.xlsx,Table 7,"Backcast Overnight Intrastate Trips ('000), Australia and States"
Overnight,Intrastate,Trips,000 trips,New South Wales,NSW,quarter,2023,Q2,Q2 2023,False,7199.796,Tourism Research Australia: Domestic Tourism Statistics,domestic_tourism_overnight_backcast_2019_2024.xlsx,Table 7,"Backcast Overnight Intrastate Trips ('000), Australia and States"
Overnight,Intrastate,Trips,000 trips,New South Wales,NSW,quarter,2023,Q3,Q3 2023,False,6973.275,Tourism Research Australia: Domestic Tourism Statistics,domestic_tourism_overnight_backcast_2019_2024.xlsx,Table 7,"Backcast Overnight Intrastate Trips ('000), Australia and States"
Overnight,Intrastate,Trips,000 trips,New South Wales,NSW,quarter,2023,Q4,Q4 2023,True,7723.119,Tourism Research Australia: Domestic Tourism Statistics,domestic_tourism_overnight_backcast_2019_2024.xlsx,Table 7,"Backcast Overnight Intrastate Trips ('000), Australia and States"
Overnight,Intrastate,Trips,000 trips,New South Wales,NSW,quarter,2024,Q1,Q1 2024,False,7606.393,Tourism Research Australia: Domestic Tourism Statistics,domestic_tourism_overnight_backcast_2019_2024.xlsx,Table 7,"Backcast Overnight Intrastate Trips ('000), Australia and States"
Overnight,Intrastate,Trips,000 trips,New South Wales,NSW,quarter,2024,Q2,Q2 2024,False,6911.012,Tourism Research Australia: Domestic Tourism Statistics,domestic_tourism_overnight_backcast_2019_2024.xlsx,Table 7,"Backcast Overnight Intrastate Trips ('000), Australia and States"
Overnight,Intrastate,Trips,000 trips,New South Wales,NSW,quarter,2024,Q3,Q3 2024,False,6753.493,Tourism Research Australia: Domestic Tourism Statistics,domestic_tourism_overnight_backcast_2019_2024.xlsx,Table 7,"Backcast Overnight Intrastate Trips ('000), Australia and States"
Overnight,Intrastate,Trips,000 trips,New South Wales,NSW,quarter,2024,Q4,Q4 2024,True,7802.675,Tourism Research Australia: Domestic Tourism Statistics,domestic_tourism_overnight_backcast_2019_2024.xlsx,Table 7,"Backcast Overnight Intrastate Trips ('000), Australia and States"
Overnight,Intrastate,Trips,000 trips,Victoria,VIC,quarter,2019,Q1,Q1 2019,False,7006.435,Tourism Research Australia: Domestic Tourism Statistics,domestic_tourism_overnight_backcast_2019_2024.xlsx,Table 7,"Backcast Overnight Intrastate Trips ('000), Australia and States"
Overnight,Intrastate,Trips,000 trips,Victoria,VIC,quarter,2019,Q2,Q2 2019,False,5908.898,Tourism Research Australia: Domestic Tourism Statistics,domestic_tourism_overnight_backcast_2019_2024.xlsx,Table 7,"Backcast Overnight Intrastate Trips ('000), Australia and States"
Overnight,Intrastate,Trips,000 trips,Victoria,VIC,quarter,2019,Q3,Q3 2019,False,5856.835,Tourism Research Australia: Domestic Tourism Statistics,domestic_tourism_overnight_backcast_2019_2024.xlsx,Table 7,"Backcast Overnight Intrastate Trips ('000), Australia and States"
Overnight,Intrastate,Trips,000 trips,Victoria,VIC,quarter,2019,Q4,Q4 2019,True,6384.168,Tourism Research Australia: Domestic Tourism Statistics,domestic_tourism_overnight_backcast_2019_2024.xlsx,Table 7,"Backcast Overnight Intrastate Trips ('000), Australia and States"
Overnight,Intrastate,Trips,000 trips,Victoria,VIC,quarter,2020,Q1,Q1 2020,False,6710.455,Tourism Research Australia: Domestic Tourism Statistics,domestic_tourism_overnight_backcast_2019_2024.xlsx,Table 7,"Backcast Overnight Intrastate Trips ('000), Australia and States"
Overnight,Intrastate,Trips,000 trips,Victoria,VIC,quarter,2020,Q2,Q2 2020,False,3309.413,Tourism Research Australia: Domestic Tourism Statistics,domestic_tourism_overnight_backcast_2019_2024.xlsx,Table 7,"Backcast Overnight Intrastate Trips ('000), Australia and States"
Overnight,Intrastate,Trips,000 trips,Victoria,VIC,quarter,2020,Q3,Q3 2020,False,2206.962,Tourism Research Australia: Domestic Tourism Statistics,domestic_tourism_overnight_backcast_2019_2024.xlsx,Table 7,"Backcast Overnight Intrastate Trips ('000), Australia and States"
Overnight,Intrastate,Trips,000 trips,Victoria,VIC,quarter,2020,Q4,Q4 2020,True,5009.723,Tourism Research Australia: Domestic Tourism Statistics,domestic_tourism_overnight_backcast_2019_2024.xlsx,Table 7,"Backcast Overnight Intrastate Trips ('000), Australia and States"
Overnight,Intrastate,Trips,000 trips,Victoria,VIC,quarter,2021,Q1,Q1 2021,False,6763.041,Tourism Research Australia: Domestic Tourism Statistics,domestic_tourism_overnight_backcast_2019_2024.xlsx,Table 7,"Backcast Overnight Intrastate Trips ('000), Australia and States"
Overnight,Intrastate,Trips,000 trips,Victoria,VIC,quarter,2021,Q2,Q2 2021,False,5368.375,Tourism Research Australia: Domestic Tourism Statistics,domestic_tourism_overnight_backcast_2019_2024.xlsx,Table 7,"Backcast Overnight Intrastate Trips ('000), Australia and States"
Overnight,Intrastate,Trips,000 trips,Victoria,VIC,quarter,2021,Q3,Q3 2021,False,3285.584,Tourism Research Australia: Domestic Tourism Statistics,domestic_tourism_overnight_backcast_2019_2024.xlsx,Table 7,"Backcast Overnight Intrastate Trips ('000), Australia and States"
Overnight,Intrastate,Trips,000 trips,Victoria,VIC,quarter,2021,Q4,Q4 2021,True,5636.992,Tourism Research Australia: Domestic Tourism Statistics,domestic_tourism_overnight_backcast_2019_2024.xlsx,Table 7,"Backcast Overnight Intrastate Trips ('000), Australia and States"
Overnight,Intrastate,Trips,000 trips,Victoria,VIC,quarter,2022,Q1,Q1 2022,False,6936.294,Tourism Research Australia: Domestic Tourism Statistics,domestic_tourism_overnight_backcast_2019_2024.xlsx,Table 7,"Backcast Overnight Intrastate Trips ('000), Australia and States"
Overnight,Intrastate,Trips,000 trips,Victoria,VIC,quarter,2022,Q2,Q2 2022,False,6077.084,Tourism Research Australia: Domestic Tourism Statistics,domestic_tourism_overnight_backcast_2019_2024.xlsx,Table 7,"Backcast Overnight Intrastate Trips ('000), Australia and States"
Overnight,Intrastate,Trips,000 trips,Victoria,VIC,quarter,2022,Q3,Q3 2022,False,5881.163,Tourism Research Australia: Domestic Tourism Statistics,domestic_tourism_overnight_backcast_2019_2024.xlsx,Table 7,"Backcast Overnight Intrastate Trips ('000), Australia and States"
Overnight,Intrastate,Trips,000 trips,Victoria,VIC,quarter,2022,Q4,Q4 2022,True,6105.947,Tourism Research Australia: Domestic Tourism Statistics,domestic_tourism_overnight_backcast_2019_2024.xlsx,Table 7,"Backcast Overnight Intrastate Trips ('000), Australia and States"
Overnight,Intrastate,Trips,000 trips,Victoria,VIC,quarter,2023,Q1,Q1 2023,False,7058.49,Tourism Research Australia: Domestic Tourism Statistics,domestic_tourism_overnight_backcast_2019_2024.xlsx,Table 7,"Backcast Overnight Intrastate Trips ('000), Australia and States"
Overnight,Intrastate,Trips,000 trips,Victoria,VIC,quarter,2023,Q2,Q2 2023,False,5999.529,Tourism Research Australia: Domestic Tourism Statistics,domestic_tourism_overnight_backcast_2019_2024.xlsx,Table 7,"Backcast Overnight Intrastate Trips ('000), Australia and States"
Overnight,Intrastate,Trips,000 trips,Victoria,VIC,quarter,2023,Q3,Q3 2023,False,5659.4,Tourism Research Australia: Domestic Tourism Statistics,domestic_tourism_overnight_backcast_2019_2024.xlsx,Table 7,"Backcast Overnight Intrastate Trips ('000), Australia and States"
Overnight,Intrastate,Trips,000 trips,Victoria,VIC,quarter,2023,Q4,Q4 2023,True,6362.693,Tourism Research Australia: Domestic Tourism Statistics,domestic_tourism_overnight_backcast_2019_2024.xlsx,Table 7,"Backcast Overnight Intrastate Trips ('000), Australia and States"
Overnight,Intrastate,Trips,000 trips,Victoria,VIC,quarter,2024,Q1,Q1 2024,False,7128.743,Tourism Research Australia: Domestic Tourism Statistics,domestic_tourism_overnight_backcast_2019_2024.xlsx,Table 7,"Backcast Overnight Intrastate Trips ('000), Australia and States"
Overnight,Intrastate,Trips,000 trips,Victoria,VIC,quarter,2024,Q2,Q2 2024,False,5829.151,Tourism Research Australia: Domestic Tourism Statistics,domestic_tourism_overnight_backcast_2019_2024.xlsx,Table 7,"Backcast Overnight Intrastate Trips ('000), Australia and States"
Overnight,Intrastate,Trips,000 trips,Victoria,VIC,quarter,2024,Q3,Q3 2024,False,5598.234,Tourism Research Australia: Domestic Tourism Statistics,domestic_tourism_overnight_backcast_2019_2024.xlsx,Table 7,"Backcast Overnight Intrastate Trips ('000), Australia and States"
Overnight,Intrastate,Trips,000 trips,Victoria,VIC,quarter,2024,Q4,Q4 2024,True,6370.595,Tourism Research Australia: Domestic Tourism Statistics,domestic_tourism_overnight_backcast_2019_2024.xlsx,Table 7,"Backcast Overnight Intrastate Trips ('000), Australia and States"
Overnight,Intrastate,Trips,000 trips,Queensland,QLD,quarter,2019,Q1,Q1 2019,False,4522.638,Tourism Research Australia: Domestic Tourism Statistics,domestic_tourism_overnight_backcast_2019_2024.xlsx,Table 7,"Backcast Overnight Intrastate Trips ('000), Australia and States"
Overnight,Intrastate,Trips,000 trips,Queensland,QLD,quarter,2019,Q2,Q2 2019,False,4592.708,Tourism Research Australia: Domestic Tourism Statistics,domestic_tourism_overnight_backcast_2019_2024.xlsx,Table 7,"Backcast Overnight Intrastate Trips ('000), Australia and States"
Overnight,Intrastate,Trips,000 trips,Queensland,QLD,quarter,2019,Q3,Q3 2019,False,4762.08,Tourism Research Australia: Domestic Tourism Statistics,domestic_tourism_overnight_backcast_2019_2024.xlsx,Table 7,"Backcast Overnight Intrastate Trips ('000), Australia and States"
Overnight,Intrastate,Trips,000 trips,Queensland,QLD,quarter,2019,Q4,Q4 2019,True,4973.337,Tourism Research Australia: Domestic Tourism Statistics,domestic_tourism_overnight_backcast_2019_2024.xlsx,Table 7,"Backcast Overnight Intrastate Trips ('000), Australia and States"
Overnight,Intrastate,Trips,000 trips,Queensland,QLD,quarter,2020,Q1,Q1 2020,False,4391.09,Tourism Research Australia: Domestic Tourism Statistics,domestic_tourism_overnight_backcast_2019_2024.xlsx,Table 7,"Backcast Overnight Intrastate Trips ('000), Australia and States"
Overnight,Intrastate,Trips,000 trips,Queensland,QLD,quarter,2020,Q2,Q2 2020,False,2815.261,Tourism Research Australia: Domestic Tourism Statistics,domestic_tourism_overnight_backcast_2019_2024.xlsx,Table 7,"Backcast Overnight Intrastate Trips ('000), Australia and States"
Overnight,Intrastate,Trips,000 trips,Queensland,QLD,quarter,2020,Q3,Q3 2020,False,5048.974,Tourism Research Australia: Domestic Tourism Statistics,domestic_tourism_overnight_backcast_2019_2024.xlsx,Table 7,"Backcast Overnight Intrastate Trips ('000), Australia and States"
Overnight,Intrastate,Trips,000 trips,Queensland,QLD,quarter,2020,Q4,Q4 2020,True,5315.885,Tourism Research Australia: Domestic Tourism Statistics,domestic_tourism_overnight_backcast_2019_2024.xlsx,Table 7,"Backcast Overnight Intrastate Trips ('000), Australia and States"
Overnight,Intrastate,Trips,000 trips,Queensland,QLD,quarter,2021,Q1,Q1 2021,False,4724.325,Tourism Research Australia: Domestic Tourism Statistics,domestic_tourism_overnight_backcast_2019_2024.xlsx,Table 7,"Backcast Overnight Intrastate Trips ('000), Australia and States"
Overnight,Intrastate,Trips,000 trips,Queensland,QLD,quarter,2021,Q2,Q2 2021,False,4979.845,Tourism Research Australia: Domestic Tourism Statistics,domestic_tourism_overnight_backcast_2019_2024.xlsx,Table 7,"Backcast Overnight Intrastate Trips ('000), Australia and States"
Overnight,Intrastate,Trips,000 trips,Queensland,QLD,quarter,2021,Q3,Q3 2021,False,4737.566,Tourism Research Australia: Domestic Tourism Statistics,domestic_tourism_overnight_backcast_2019_2024.xlsx,Table 7,"Backcast Overnight Intrastate Trips ('000), Australia and States"
Overnight,Intrastate,Trips,000 trips,Queensland,QLD,quarter,2021,Q4,Q4 2021,True,5530.443,Tourism Research Australia: Domestic Tourism Statistics,domestic_tourism_overnight_backcast_2019_2024.xlsx,Table 7,"Backcast Overnight Intrastate Trips ('000), Australia and States"
Overnight,Intrastate,Trips,000 trips,Queensland,QLD,quarter,2022,Q1,Q1 2022,False,4404.234,Tourism Research Australia: Domestic Tourism Statistics,domestic_tourism_overnight_backcast_2019_2024.xlsx,Table 7,"Backcast Overnight Intrastate Trips ('000), Australia and States"
Overnight,Intrastate,Trips,000 trips,Queensland,QLD,quarter,2022,Q2,Q2 2022,False,4767.91,Tourism Research Australia: Domestic Tourism Statistics,domestic_tourism_overnight_backcast_2019_2024.xlsx,Table 7,"Backcast Overnight Intrastate Trips ('000), Australia and States"
Overnight,Intrastate,Trips,000 trips,Queensland,QLD,quarter,2022,Q3,Q3 2022,False,4911.338,Tourism Research Australia: Domestic Tourism Statistics,domestic_tourism_overnight_backcast_2019_2024.xlsx,Table 7,"Backcast Overnight Intrastate Trips ('000), Australia and States"
Overnight,Intrastate,Trips,000 trips,Queensland,QLD,quarter,2022,Q4,Q4 2022,True,5128.855,Tourism Research Australia: Domestic Tourism Statistics,domestic_tourism_overnight_backcast_2019_2024.xlsx,Table 7,"Backcast Overnight Intrastate Trips ('000), Australia and States"
Overnight,Intrastate,Trips,000 trips,Queensland,QLD,quarter,2023,Q1,Q1 2023,False,4731.163,Tourism Research Australia: Domestic Tourism Statistics,domestic_tourism_overnight_backcast_2019_2024.xlsx,Table 7,"Backcast Overnight Intrastate Trips ('000), Australia and States"
Overnight,Intrastate,Trips,000 trips,Queensland,QLD,quarter,2023,Q2,Q2 2023,False,4977.117,Tourism Research Australia: Domestic Tourism Statistics,domestic_tourism_overnight_backcast_2019_2024.xlsx,Table 7,"Backcast Overnight Intrastate Trips ('000), Australia and States"
Overnight,Intrastate,Trips,000 trips,Queensland,QLD,quarter,2023,Q3,Q3 2023,False,4942.635,Tourism Research Australia: Domestic Tourism Statistics,domestic_tourism_overnight_backcast_2019_2024.xlsx,Table 7,"Backcast Overnight Intrastate Trips ('000), Australia and States"
Overnight,Intrastate,Trips,000 trips,Queensland,QLD,quarter,2023,Q4,Q4 2023,True,5062.473,Tourism Research Australia: Domestic Tourism Statistics,domestic_tourism_overnight_backcast_2019_2024.xlsx,Table 7,"Backcast Overnight Intrastate Trips ('000), Australia and States"
Overnight,Intrastate,Trips,000 trips,Queensland,QLD,quarter,2024,Q1,Q1 2024,False,4628.433,Tourism Research Australia: Domestic Tourism Statistics,domestic_tourism_overnight_backcast_2019_2024.xlsx,Table 7,"Backcast Overnight Intrastate Trips ('000), Australia and States"
Overnight,Intrastate,Trips,000 trips,Queensland,QLD,quarter,2024,Q2,Q2 2024,False,4846.546,Tourism Research Australia: Domestic Tourism Statistics,domestic_tourism_overnight_backcast_2019_2024.xlsx,Table 7,"Backcast Overnight Intrastate Trips ('000), Australia and States"
Overnight,Intrastate,Trips,000 trips,Queensland,QLD,quarter,2024,Q3,Q3 2024,False,4864.713,Tourism Research Australia: Domestic Tourism Statistics,domestic_tourism_overnight_backcast_2019_2024.xlsx,Table 7,"Backcast Overnight Intrastate Trips ('000), Australia and States"
Overnight,Intrastate,Trips,000 trips,Queensland,QLD,quarter,2024,Q4,Q4 2024,True,5014.706,Tourism Research Australia: Domestic Tourism Statistics,domestic_tourism_overnight_backcast_2019_2024.xlsx,Table 7,"Backcast Overnight Intrastate Trips ('000), Australia and States"
Overnight,Intrastate,Trips,000 trips,South Australia,SA,quarter,2019,Q1,Q1 2019,False,1446.38,Tourism Research Australia: Domestic Tourism Statistics,domestic_tourism_overnight_backcast_2019_2024.xlsx,Table 7,"Backcast Overnight Intrastate Trips ('000), Australia and States"
Overnight,Intrastate,Trips,000 trips,South Australia,SA,quarter,2019,Q2,Q2 2019,False,1279.21,Tourism Research Australia: Domestic Tourism Statistics,domestic_tourism_overnight_backcast_2019_2024.xlsx,Table 7,"Backcast Overnight Intrastate Trips ('000), Australia and States"
Overnight,Intrastate,Trips,000 trips,South Australia,SA,quarter,2019,Q3,Q3 2019,False,1203.343,Tourism Research Australia: Domestic Tourism Statistics,domestic_tourism_overnight_backcast_2019_2024.xlsx,Table 7,"Backcast Overnight Intrastate Trips ('000), Australia and States"
Overnight,Intrastate,Trips,000 trips,South Australia,SA,quarter,2019,Q4,Q4 2019,True,1420.529,Tourism Research Australia: Domestic Tourism Statistics,domestic_tourism_overnight_backcast_2019_2024.xlsx,Table 7,"Backcast Overnight Intrastate Trips ('000), Australia and States"
Overnight,Intrastate,Trips,000 trips,South Australia,SA,quarter,2020,Q1,Q1 2020,False,1469.75,Tourism Research Australia: Domestic Tourism Statistics,domestic_tourism_overnight_backcast_2019_2024.xlsx,Table 7,"Backcast Overnight Intrastate Trips ('000), Australia and States"
Overnight,Intrastate,Trips,000 trips,South Australia,SA,quarter,2020,Q2,Q2 2020,False,982.518,Tourism Research Australia: Domestic Tourism Statistics,domestic_tourism_overnight_backcast_2019_2024.xlsx,Table 7,"Backcast Overnight Intrastate Trips ('000), Australia and States"
Overnight,Intrastate,Trips,000 trips,South Australia,SA,quarter,2020,Q3,Q3 2020,False,1373.231,Tourism Research Australia: Domestic Tourism Statistics,domestic_tourism_overnight_backcast_2019_2024.xlsx,Table 7,"Backcast Overnight Intrastate Trips ('000), Australia and States"
Overnight,Intrastate,Trips,000 trips,South Australia,SA,quarter,2020,Q4,Q4 2020,True,1541.244,Tourism Research Australia: Domestic Tourism Statistics,domestic_tourism_overnight_backcast_2019_2024.xlsx,Table 7,"Backcast Overnight Intrastate Trips ('000), Australia and States"
Overnight,Intrastate,Trips,000 trips,South Australia,SA,quarter,2021,Q1,Q1 2021,False,1666.052,Tourism Research Australia: Domestic Tourism Statistics,domestic_tourism_overnight_backcast_2019_2024.xlsx,Table 7,"Backcast Overnight Intrastate Trips ('000), Australia and States"
Overnight,Intrastate,Trips,000 trips,South Australia,SA,quarter,2021,Q2,Q2 2021,False,1522.095,Tourism Research Australia: Domestic Tourism Statistics,domestic_tourism_overnight_backcast_2019_2024.xlsx,Table 7,"Backcast Overnight Intrastate Trips ('000), Australia and States"
Overnight,Intrastate,Trips,000 trips,South Australia,SA,quarter,2021,Q3,Q3 2021,False,1306.118,Tourism Research Australia: Domestic Tourism Statistics,domestic_tourism_overnight_backcast_2019_2024.xlsx,Table 7,"Backcast Overnight Intrastate Trips ('000), Australia and States"
Overnight,Intrastate,Trips,000 trips,South Australia,SA,quarter,2021,Q4,Q4 2021,True,1652.246,Tourism Research Australia: Domestic Tourism Statistics,domestic_tourism_overnight_backcast_2019_2024.xlsx,Table 7,"Backcast Overnight Intrastate Trips ('000), Australia and States"
Overnight,Intrastate,Trips,000 trips,South Australia,SA,quarter,2022,Q1,Q1 2022,False,1585.536,Tourism Research Australia: Domestic Tourism Statistics,domestic_tourism_overnight_backcast_2019_2024.xlsx,Table 7,"Backcast Overnight Intrastate Trips ('000), Australia and States"
Overnight,Intrastate,Trips,000 trips,South Australia,SA,quarter,2022,Q2,Q2 2022,False,1427.419,Tourism Research Australia: Domestic Tourism Statistics,domestic_tourism_overnight_backcast_2019_2024.xlsx,Table 7,"Backcast Overnight Intrastate Trips ('000), Australia and States"
Overnight,Intrastate,Trips,000 trips,South Australia,SA,quarter,2022,Q3,Q3 2022,False,1319.327,Tourism Research Australia: Domestic Tourism Statistics,domestic_tourism_overnight_backcast_2019_2024.xlsx,Table 7,"Backcast Overnight Intrastate Trips ('000), Australia and States"
Overnight,Intrastate,Trips,000 trips,South Australia,SA,quarter,2022,Q4,Q4 2022,True,1535.197,Tourism Research Australia: Domestic Tourism Statistics,domestic_tourism_overnight_backcast_2019_2024.xlsx,Table 7,"Backcast Overnight Intrastate Trips ('000), Australia and States"
Overnight,Intrastate,Trips,000 trips,South Australia,SA,quarter,2023,Q1,Q1 2023,False,1553.837,Tourism Research Australia: Domestic Tourism Statistics,domestic_tourism_overnight_backcast_2019_2024.xlsx,Table 7,"Backcast Overnight Intrastate Trips ('000), Australia and States"
Overnight,Intrastate,Trips,000 trips,South Australia,SA,quarter,2023,Q2,Q2 2023,False,1436.331,Tourism Research Australia: Domestic Tourism Statistics,domestic_tourism_overnight_backcast_2019_2024.xlsx,Table 7,"Backcast Overnight Intrastate Trips ('000), Australia and States"
Overnight,Intrastate,Trips,000 trips,South Australia,SA,quarter,2023,Q3,Q3 2023,False,1336.337,Tourism Research Australia: Domestic Tourism Statistics,domestic_tourism_overnight_backcast_2019_2024.xlsx,Table 7,"Backcast Overnight Intrastate Trips ('000), Australia and States"
Overnight,Intrastate,Trips,000 trips,South Australia,SA,quarter,2023,Q4,Q4 2023,True,1537.61,Tourism Research Australia: Domestic Tourism Statistics,domestic_tourism_overnight_backcast_2019_2024.xlsx,Table 7,"Backcast Overnight Intrastate Trips ('000), Australia and States"
Overnight,Intrastate,Trips,000 trips,South Australia,SA,quarter,2024,Q1,Q1 2024,False,1630.079,Tourism Research Australia: Domestic Tourism Statistics,domestic_tourism_overnight_backcast_2019_2024.xlsx,Table 7,"Backcast Overnight Intrastate Trips ('000), Australia and States"
Overnight,Intrastate,Trips,000 trips,South Australia,SA,quarter,2024,Q2,Q2 2024,False,1437.288,Tourism Research Australia: Domestic Tourism Statistics,domestic_tourism_overnight_backcast_2019_2024.xlsx,Table 7,"Backcast Overnight Intrastate Trips ('000), Australia and States"
Overnight,Intrastate,Trips,000 trips,South Australia,SA,quarter,2024,Q3,Q3 2024,False,1311.906,Tourism Research Australia: Domestic Tourism Statistics,domestic_tourism_overnight_backcast_2019_2024.xlsx,Table 7,"Backcast Overnight Intrastate Trips ('000), Australia and States"
Overnight,Intrastate,Trips,000 trips,South Australia,SA,quarter,2024,Q4,Q4 2024,True,1553.759,Tourism Research Australia: Domestic Tourism Statistics,domestic_tourism_overnight_backcast_2019_2024.xlsx,Table 7,"Backcast Overnight Intrastate Trips ('000), Australia and States"
Overnight,Intrastate,Trips,000 trips,Western Australia,WA,quarter,2019,Q1,Q1 2019,False,2042.866,Tourism Research Australia: Domestic Tourism Statistics,domestic_tourism_overnight_backcast_2019_2024.xlsx,Table 7,"Backcast Overnight Intrastate Trips ('000), Australia and States"
Overnight,Intrastate,Trips,000 trips,Western Australia,WA,quarter,2019,Q2,Q2 2019,False,1867.021,Tourism Research Australia: Domestic Tourism Statistics,domestic_tourism_overnight_backcast_2019_2024.xlsx,Table 7,"Backcast Overnight Intrastate Trips ('000), Australia and States"
Overnight,Intrastate,Trips,000 trips,Western Australia,WA,quarter,2019,Q3,Q3 2019,False,1881.823,Tourism Research Australia: Domestic Tourism Statistics,domestic_tourism_overnight_backcast_2019_2024.xlsx,Table 7,"Backcast Overnight Intrastate Trips ('000), Australia and States"
Overnight,Intrastate,Trips,000 trips,Western Australia,WA,quarter,2019,Q4,Q4 2019,True,1975.556,Tourism Research Australia: Domestic Tourism Statistics,domestic_tourism_overnight_backcast_2019_2024.xlsx,Table 7,"Backcast Overnight Intrastate Trips ('000), Australia and States"
Overnight,Intrastate,Trips,000 trips,Western Australia,WA,quarter,2020,Q1,Q1 2020,False,2033.369,Tourism Research Australia: Domestic Tourism Statistics,domestic_tourism_overnight_backcast_2019_2024.xlsx,Table 7,"Backcast Overnight Intrastate Trips ('000), Australia and States"
Overnight,Intrastate,Trips,000 trips,Western Australia,WA,quarter,2020,Q2,Q2 2020,False,1237.83,Tourism Research Australia: Domestic Tourism Statistics,domestic_tourism_overnight_backcast_2019_2024.xlsx,Table 7,"Backcast Overnight Intrastate Trips ('000), Australia and States"
Overnight,Intrastate,Trips,000 trips,Western Australia,WA,quarter,2020,Q3,Q3 2020,False,2187.589,Tourism Research Australia: Domestic Tourism Statistics,domestic_tourism_overnight_backcast_2019_2024.xlsx,Table 7,"Backcast Overnight Intrastate Trips ('000), Australia and States"
Overnight,Intrastate,Trips,000 trips,Western Australia,WA,quarter,2020,Q4,Q4 2020,True,2348.212,Tourism Research Australia: Domestic Tourism Statistics,domestic_tourism_overnight_backcast_2019_2024.xlsx,Table 7,"Backcast Overnight Intrastate Trips ('000), Australia and States"
Overnight,Intrastate,Trips,000 trips,Western Australia,WA,quarter,2021,Q1,Q1 2021,False,2207.204,Tourism Research Australia: Domestic Tourism Statistics,domestic_tourism_overnight_backcast_2019_2024.xlsx,Table 7,"Backcast Overnight Intrastate Trips ('000), Australia and States"
Overnight,Intrastate,Trips,000 trips,Western Australia,WA,quarter,2021,Q2,Q2 2021,False,2175.217,Tourism Research Australia: Domestic Tourism Statistics,domestic_tourism_overnight_backcast_2019_2024.xlsx,Table 7,"Backcast Overnight Intrastate Trips ('000), Australia and States"
Overnight,Intrastate,Trips,000 trips,Western Australia,WA,quarter,2021,Q3,Q3 2021,False,2136.66,Tourism Research Australia: Domestic Tourism Statistics,domestic_tourism_overnight_backcast_2019_2024.xlsx,Table 7,"Backcast Overnight Intrastate Trips ('000), Australia and States"
Overnight,Intrastate,Trips,000 trips,Western Australia,WA,quarter,2021,Q4,Q4 2021,True,2423.708,Tourism Research Australia: Domestic Tourism Statistics,domestic_tourism_overnight_backcast_2019_2024.xlsx,Table 7,"Backcast Overnight Intrastate Trips ('000), Australia and States"
Overnight,Intrastate,Trips,000 trips,Western Australia,WA,quarter,2022,Q1,Q1 2022,False,2292.232,Tourism Research Australia: Domestic Tourism Statistics,domestic_tourism_overnight_backcast_2019_2024.xlsx,Table 7,"Backcast Overnight Intrastate Trips ('000), Australia and States"
Overnight,Intrastate,Trips,000 trips,Western Australia,WA,quarter,2022,Q2,Q2 2022,False,2115.96,Tourism Research Australia: Domestic Tourism Statistics,domestic_tourism_overnight_backcast_2019_2024.xlsx,Table 7,"Backcast Overnight Intrastate Trips ('000), Australia and States"
Overnight,Intrastate,Trips,000 trips,Western Australia,WA,quarter,2022,Q3,Q3 2022,False,2108.497,Tourism Research Australia: Domestic Tourism Statistics,domestic_tourism_overnight_backcast_2019_2024.xlsx,Table 7,"Backcast Overnight Intrastate Trips ('000), Australia and States"
Overnight,Intrastate,Trips,000 trips,Western Australia,WA,quarter,2022,Q4,Q4 2022,True,2247.675,Tourism Research Australia: Domestic Tourism Statistics,domestic_tourism_overnight_backcast_2019_2024.xlsx,Table 7,"Backcast Overnight Intrastate Trips ('000), Australia and States"
Overnight,Intrastate,Trips,000 trips,Western Australia,WA,quarter,2023,Q1,Q1 2023,False,2242.584,Tourism Research Australia: Domestic Tourism Statistics,domestic_tourism_overnight_backcast_2019_2024.xlsx,Table 7,"Backcast Overnight Intrastate Trips ('000), Australia and States"
Overnight,Intrastate,Trips,000 trips,Western Australia,WA,quarter,2023,Q2,Q2 2023,False,2134.38,Tourism Research Australia: Domestic Tourism Statistics,domestic_tourism_overnight_backcast_2019_2024.xlsx,Table 7,"Backcast Overnight Intrastate Trips ('000), Australia and States"
Overnight,Intrastate,Trips,000 trips,Western Australia,WA,quarter,2023,Q3,Q3 2023,False,2070.067,Tourism Research Australia: Domestic Tourism Statistics,domestic_tourism_overnight_backcast_2019_2024.xlsx,Table 7,"Backcast Overnight Intrastate Trips ('000), Australia and States"
Overnight,Intrastate,Trips,000 trips,Western Australia,WA,quarter,2023,Q4,Q4 2023,True,2230.374,Tourism Research Australia: Domestic Tourism Statistics,domestic_tourism_overnight_backcast_2019_2024.xlsx,Table 7,"Backcast Overnight Intrastate Trips ('000), Australia and States"
Overnight,Intrastate,Trips,000 trips,Western Australia,WA,quarter,2024,Q1,Q1 2024,False,2261.566,Tourism Research Australia: Domestic Tourism Statistics,domestic_tourism_overnight_backcast_2019_2024.xlsx,Table 7,"Backcast Overnight Intrastate Trips ('000), Australia and States"
Overnight,Intrastate,Trips,000 trips,Western Australia,WA,quarter,2024,Q2,Q2 2024,False,2086.571,Tourism Research Australia: Domestic Tourism Statistics,domestic_tourism_overnight_backcast_2019_2024.xlsx,Table 7,"Backcast Overnight Intrastate Trips ('000), Australia and States"
Overnight,Intrastate,Trips,000 trips,Western Australia,WA,quarter,2024,Q3,Q3 2024,False,2069.786,Tourism Research Australia: Domestic Tourism Statistics,domestic_tourism_overnight_backcast_2019_2024.xlsx,Table 7,"Backcast Overnight Intrastate Trips ('000), Australia and States"
Overnight,Intrastate,Trips,000 trips,Western Australia,WA,quarter,2024,Q4,Q4 2024,True,2207.523,Tourism Research Australia: Domestic Tourism Statistics,domestic_tourism_overnight_backcast_2019_2024.xlsx,Table 7,"Backcast Overnight Intrastate Trips ('000), Australia and States"
Overnight,Intrastate,Trips,000 trips,Tasmania,TAS,quarter,2019,Q1,Q1 2019,False,437.487,Tourism Research Australia: Domestic Tourism Statistics,domestic_tourism_overnight_backcast_2019_2024.xlsx,Table 7,"Backcast Overnight Intrastate Trips ('000), Australia and States"
Overnight,Intrastate,Trips,000 trips,Tasmania,TAS,quarter,2019,Q2,Q2 2019,False,371.009,Tourism Research Australia: Domestic Tourism Statistics,domestic_tourism_overnight_backcast_2019_2024.xlsx,Table 7,"Backcast Overnight Intrastate Trips ('000), Australia and States"
Overnight,Intrastate,Trips,000 trips,Tasmania,TAS,quarter,2019,Q3,Q3 2019,False,380.914,Tourism Research Australia: Domestic Tourism Statistics,domestic_tourism_overnight_backcast_2019_2024.xlsx,Table 7,"Backcast Overnight Intrastate Trips ('000), Australia and States"
Overnight,Intrastate,Trips,000 trips,Tasmania,TAS,quarter,2019,Q4,Q4 2019,True,432.409,Tourism Research Australia: Domestic Tourism Statistics,domestic_tourism_overnight_backcast_2019_2024.xlsx,Table 7,"Backcast Overnight Intrastate Trips ('000), Australia and States"
Overnight,Intrastate,Trips,000 trips,Tasmania,TAS,quarter,2020,Q1,Q1 2020,False,473.034,Tourism Research Australia: Domestic Tourism Statistics,domestic_tourism_overnight_backcast_2019_2024.xlsx,Table 7,"Backcast Overnight Intrastate Trips ('000), Australia and States"
Overnight,Intrastate,Trips,000 trips,Tasmania,TAS,quarter,2020,Q2,Q2 2020,False,204.649,Tourism Research Australia: Domestic Tourism Statistics,domestic_tourism_overnight_backcast_2019_2024.xlsx,Table 7,"Backcast Overnight Intrastate Trips ('000), Australia and States"
Overnight,Intrastate,Trips,000 trips,Tasmania,TAS,quarter,2020,Q3,Q3 2020,False,445.274,Tourism Research Australia: Domestic Tourism Statistics,domestic_tourism_overnight_backcast_2019_2024.xlsx,Table 7,"Backcast Overnight Intrastate Trips ('000), Australia and States"
Overnight,Intrastate,Trips,000 trips,Tasmania,TAS,quarter,2020,Q4,Q4 2020,True,544.291,Tourism Research Australia: Domestic Tourism Statistics,domestic_tourism_overnight_backcast_2019_2024.xlsx,Table 7,"Backcast Overnight Intrastate Trips ('000), Australia and States"
Overnight,Intrastate,Trips,000 trips,Tasmania,TAS,quarter,2021,Q1,Q1 2021,False,548.411,Tourism Research Australia: Domestic Tourism Statistics,domestic_tourism_overnight_backcast_2019_2024.xlsx,Table 7,"Backcast Overnight Intrastate Trips ('000), Australia and States"
Overnight,Intrastate,Trips,000 trips,Tasmania,TAS,quarter,2021,Q2,Q2 2021,False,466.647,Tourism Research Australia: Domestic Tourism Statistics,domestic_tourism_overnight_backcast_2019_2024.xlsx,Table 7,"Backcast Overnight Intrastate Trips ('000), Australia and States"
Overnight,Intrastate,Trips,000 trips,Tasmania,TAS,quarter,2021,Q3,Q3 2021,False,478.874,Tourism Research Australia: Domestic Tourism Statistics,domestic_tourism_overnight_backcast_2019_2024.xlsx,Table 7,"Backcast Overnight Intrastate Trips ('000), Australia and States"
Overnight,Intrastate,Trips,000 trips,Tasmania,TAS,quarter,2021,Q4,Q4 2021,True,536.223,Tourism Research Australia: Domestic Tourism Statistics,domestic_tourism_overnight_backcast_2019_2024.xlsx,Table 7,"Backcast Overnight Intrastate Trips ('000), Australia and States"
Overnight,Intrastate,Trips,000 trips,Tasmania,TAS,quarter,2022,Q1,Q1 2022,False,564.613,Tourism Research Australia: Domestic Tourism Statistics,domestic_tourism_overnight_backcast_2019_2024.xlsx,Table 7,"Backcast Overnight Intrastate Trips ('000), Australia and States"
Overnight,Intrastate,Trips,000 trips,Tasmania,TAS,quarter,2022,Q2,Q2 2022,False,453.118,Tourism Research Australia: Domestic Tourism Statistics,domestic_tourism_overnight_backcast_2019_2024.xlsx,Table 7,"Backcast Overnight Intrastate Trips ('000), Australia and States"
Overnight,Intrastate,Trips,000 trips,Tasmania,TAS,quarter,2022,Q3,Q3 2022,False,433.545,Tourism Research Australia: Domestic Tourism Statistics,domestic_tourism_overnight_backcast_2019_2024.xlsx,Table 7,"Backcast Overnight Intrastate Trips ('000), Australia and States"
Overnight,Intrastate,Trips,000 trips,Tasmania,TAS,quarter,2022,Q4,Q4 2022,True,497.424,Tourism Research Australia: Domestic Tourism Statistics,domestic_tourism_overnight_backcast_2019_2024.xlsx,Table 7,"Backcast Overnight Intrastate Trips ('000), Australia and States"
Overnight,Intrastate,Trips,000 trips,Tasmania,TAS,quarter,2023,Q1,Q1 2023,False,553.501,Tourism Research Australia: Domestic Tourism Statistics,domestic_tourism_overnight_backcast_2019_2024.xlsx,Table 7,"Backcast Overnight Intrastate Trips ('000), Australia and States"
Overnight,Intrastate,Trips,000 trips,Tasmania,TAS,quarter,2023,Q2,Q2 2023,False,457.265,Tourism Research Australia: Domestic Tourism Statistics,domestic_tourism_overnight_backcast_2019_2024.xlsx,Table 7,"Backcast Overnight Intrastate Trips ('000), Australia and States"
Overnight,Intrastate,Trips,000 trips,Tasmania,TAS,quarter,2023,Q3,Q3 2023,False,443.344,Tourism Research Australia: Domestic Tourism Statistics,domestic_tourism_overnight_backcast_2019_2024.xlsx,Table 7,"Backcast Overnight Intrastate Trips ('000), Australia and States"
Overnight,Intrastate,Trips,000 trips,Tasmania,TAS,quarter,2023,Q4,Q4 2023,True,521.837,Tourism Research Australia: Domestic Tourism Statistics,domestic_tourism_overnight_backcast_2019_2024.xlsx,Table 7,"Backcast Overnight Intrastate Trips ('000), Australia and States"
Overnight,Intrastate,Trips,000 trips,Tasmania,TAS,quarter,2024,Q1,Q1 2024,False,560.491,Tourism Research Australia: Domestic Tourism Statistics,domestic_tourism_overnight_backcast_2019_2024.xlsx,Table 7,"Backcast Overnight Intrastate Trips ('000), Australia and States"
Overnight,Intrastate,Trips,000 trips,Tasmania,TAS,quarter,2024,Q2,Q2 2024,False,475.139,Tourism Research Australia: Domestic Tourism Statistics,domestic_tourism_overnight_backcast_2019_2024.xlsx,Table 7,"Backcast Overnight Intrastate Trips ('000), Australia and States"
Overnight,Intrastate,Trips,000 trips,Tasmania,TAS,quarter,2024,Q3,Q3 2024,False,439.073,Tourism Research Australia: Domestic Tourism Statistics,domestic_tourism_overnight_backcast_2019_2024.xlsx,Table 7,"Backcast Overnight Intrastate Trips ('000), Australia and States"
Overnight,Intrastate,Trips,000 trips,Tasmania,TAS,quarter,2024,Q4,Q4 2024,True,534.805,Tourism Research Australia: Domestic Tourism Statistics,domestic_tourism_overnight_backcast_2019_2024.xlsx,Table 7,"Backcast Overnight Intrastate Trips ('000), Australia and States"
Overnight,Intrastate,Trips,000 trips,Northern Territory,NT,quarter,2019,Q1,Q1 2019,False,61.399,Tourism Research Australia: Domestic Tourism Statistics,domestic_tourism_overnight_backcast_2019_2024.xlsx,Table 7,"Backcast Overnight Intrastate Trips ('000), Australia and States"
Overnight,Intrastate,Trips,000 trips,Northern Territory,NT,quarter,2019,Q2,Q2 2019,False,69.815,Tourism Research Australia: Domestic Tourism Statistics,domestic_tourism_overnight_backcast_2019_2024.xlsx,Table 7,"Backcast Overnight Intrastate Trips ('000), Australia and States"
Overnight,Intrastate,Trips,000 trips,Northern Territory,NT,quarter,2019,Q3,Q3 2019,False,74.907,Tourism Research Australia: Domestic Tourism Statistics,domestic_tourism_overnight_backcast_2019_2024.xlsx,Table 7,"Backcast Overnight Intrastate Trips ('000), Australia and States"
Overnight,Intrastate,Trips,000 trips,Northern Territory,NT,quarter,2019,Q4,Q4 2019,True,59.304,Tourism Research Australia: Domestic Tourism Statistics,domestic_tourism_overnight_backcast_2019_2024.xlsx,Table 7,"Backcast Overnight Intrastate Trips ('000), Australia and States"
Overnight,Intrastate,Trips,000 trips,Northern Territory,NT,quarter,2020,Q1,Q1 2020,False,60.627,Tourism Research Australia: Domestic Tourism Statistics,domestic_tourism_overnight_backcast_2019_2024.xlsx,Table 7,"Backcast Overnight Intrastate Trips ('000), Australia and States"
Overnight,Intrastate,Trips,000 trips,Northern Territory,NT,quarter,2020,Q2,Q2 2020,False,43.997,Tourism Research Australia: Domestic Tourism Statistics,domestic_tourism_overnight_backcast_2019_2024.xlsx,Table 7,"Backcast Overnight Intrastate Trips ('000), Australia and States"
Overnight,Intrastate,Trips,000 trips,Northern Territory,NT,quarter,2020,Q3,Q3 2020,False,87.657,Tourism Research Australia: Domestic Tourism Statistics,domestic_tourism_overnight_backcast_2019_2024.xlsx,Table 7,"Backcast Overnight Intrastate Trips ('000), Australia and States"
Overnight,Intrastate,Trips,000 trips,Northern Territory,NT,quarter,2020,Q4,Q4 2020,True,68.542,Tourism Research Australia: Domestic Tourism Statistics,domestic_tourism_overnight_backcast_2019_2024.xlsx,Table 7,"Backcast Overnight Intrastate Trips ('000), Australia and States"
Overnight,Intrastate,Trips,000 trips,Northern Territory,NT,quarter,2021,Q1,Q1 2021,False,67.243,Tourism Research Australia: Domestic Tourism Statistics,domestic_tourism_overnight_backcast_2019_2024.xlsx,Table 7,"Backcast Overnight Intrastate Trips ('000), Australia and States"
Overnight,Intrastate,Trips,000 trips,Northern Territory,NT,quarter,2021,Q2,Q2 2021,False,89.724,Tourism Research Australia: Domestic Tourism Statistics,domestic_tourism_overnight_backcast_2019_2024.xlsx,Table 7,"Backcast Overnight Intrastate Trips ('000), Australia and States"
Overnight,Intrastate,Trips,000 trips,Northern Territory,NT,quarter,2021,Q3,Q3 2021,False,83.643,Tourism Research Australia: Domestic Tourism Statistics,domestic_tourism_overnight_backcast_2019_2024.xlsx,Table 7,"Backcast Overnight Intrastate Trips ('000), Australia and States"
Overnight,Intrastate,Trips,000 trips,Northern Territory,NT,quarter,2021,Q4,Q4 2021,True,70.637,Tourism Research Australia: Domestic Tourism Statistics,domestic_tourism_overnight_backcast_2019_2024.xlsx,Table 7,"Backcast Overnight Intrastate Trips ('000), Australia and States"
Overnight,Intrastate,Trips,000 trips,Northern Territory,NT,quarter,2022,Q1,Q1 2022,False,67.058,Tourism Research Australia: Domestic Tourism Statistics,domestic_tourism_overnight_backcast_2019_2024.xlsx,Table 7,"Backcast Overnight Intrastate Trips ('000), Australia and States"
Overnight,Intrastate,Trips,000 trips,Northern Territory,NT,quarter,2022,Q2,Q2 2022,False,91.387,Tourism Research Australia: Domestic Tourism Statistics,domestic_tourism_overnight_backcast_2019_2024.xlsx,Table 7,"Backcast Overnight Intrastate Trips ('000), Australia and States"
Overnight,Intrastate,Trips,000 trips,Northern Territory,NT,quarter,2022,Q3,Q3 2022,False,93.771,Tourism Research Australia: Domestic Tourism Statistics,domestic_tourism_overnight_backcast_2019_2024.xlsx,Table 7,"Backcast Overnight Intrastate Trips ('000), Australia and States"
Overnight,Intrastate,Trips,000 trips,Northern Territory,NT,quarter,2022,Q4,Q4 2022,True,78.6,Tourism Research Australia: Domestic Tourism Statistics,domestic_tourism_overnight_backcast_2019_2024.xlsx,Table 7,"Backcast Overnight Intrastate Trips ('000), Australia and States"
Overnight,Intrastate,Trips,000 trips,Northern Territory,NT,quarter,2023,Q1,Q1 2023,False,73.501,Tourism Research Australia: Domestic Tourism Statistics,domestic_tourism_overnight_backcast_2019_2024.xlsx,Table 7,"Backcast Overnight Intrastate Trips ('000), Australia and States"
Overnight,Intrastate,Trips,000 trips,Northern Territory,NT,quarter,2023,Q2,Q2 2023,False,96.938,Tourism Research Australia: Domestic Tourism Statistics,domestic_tourism_overnight_backcast_2019_2024.xlsx,Table 7,"Backcast Overnight Intrastate Trips ('000), Australia and States"
Overnight,Intrastate,Trips,000 trips,Northern Territory,NT,quarter,2023,Q3,Q3 2023,False,92.601,Tourism Research Australia: Domestic Tourism Statistics,domestic_tourism_overnight_backcast_2019_2024.xlsx,Table 7,"Backcast Overnight Intrastate Trips ('000), Australia and States"
Overnight,Intrastate,Trips,000 trips,Northern Territory,NT,quarter,2023,Q4,Q4 2023,True,72.164,Tourism Research Australia: Domestic Tourism Statistics,domestic_tourism_overnight_backcast_2019_2024.xlsx,Table 7,"Backcast Overnight Intrastate Trips ('000), Australia and States"
Overnight,Intrastate,Trips,000 trips,Northern Territory,NT,quarter,2024,Q1,Q1 2024,False,68.513,Tourism Research Australia: Domestic Tourism Statistics,domestic_tourism_overnight_backcast_2019_2024.xlsx,Table 7,"Backcast Overnight Intrastate Trips ('000), Australia and States"
Overnight,Intrastate,Trips,000 trips,Northern Territory,NT,quarter,2024,Q2,Q2 2024,False,88.021,Tourism Research Australia: Domestic Tourism Statistics,domestic_tourism_overnight_backcast_2019_2024.xlsx,Table 7,"Backcast Overnight Intrastate Trips ('000), Australia and States"
Overnight,Intrastate,Trips,000 trips,Northern Territory,NT,quarter,2024,Q3,Q3 2024,False,97.045,Tourism Research Australia: Domestic Tourism Statistics,domestic_tourism_overnight_backcast_2019_2024.xlsx,Table 7,"Backcast Overnight Intrastate Trips ('000), Australia and States"
Overnight,Intrastate,Trips,000 trips,Northern Territory,NT,quarter,2024,Q4,Q4 2024,True,102.505,Tourism Research Australia: Domestic Tourism Statistics,domestic_tourism_overnight_backcast_2019_2024.xlsx,Table 7,"Backcast Overnight Intrastate Trips ('000), Australia and States"
Overnight,Intrastate,Trips,000 trips,ACT,ACT,quarter,2019,Q1,Q1 2019,False,41.302,Tourism Research Australia: Domestic Tourism Statistics,domestic_tourism_overnight_backcast_2019_2024.xlsx,Table 7,"Backcast Overnight Intrastate Trips ('000), Australia and States"
Overnight,Intrastate,Trips,000 trips,ACT,ACT,quarter,2019,Q2,Q2 2019,False,26.841,Tourism Research Australia: Domestic Tourism Statistics,domestic_tourism_overnight_backcast_2019_2024.xlsx,Table 7,"Backcast Overnight Intrastate Trips ('000), Australia and States"
Overnight,Intrastate,Trips,000 trips,ACT,ACT,quarter,2019,Q3,Q3 2019,False,31.43,Tourism Research Australia: Domestic Tourism Statistics,domestic_tourism_overnight_backcast_2019_2024.xlsx,Table 7,"Backcast Overnight Intrastate Trips ('000), Australia and States"
Overnight,Intrastate,Trips,000 trips,ACT,ACT,quarter,2019,Q4,Q4 2019,True,31.932,Tourism Research Australia: Domestic Tourism Statistics,domestic_tourism_overnight_backcast_2019_2024.xlsx,Table 7,"Backcast Overnight Intrastate Trips ('000), Australia and States"
Overnight,Intrastate,Trips,000 trips,ACT,ACT,quarter,2020,Q1,Q1 2020,False,29.062,Tourism Research Australia: Domestic Tourism Statistics,domestic_tourism_overnight_backcast_2019_2024.xlsx,Table 7,"Backcast Overnight Intrastate Trips ('000), Australia and States"
Overnight,Intrastate,Trips,000 trips,ACT,ACT,quarter,2020,Q2,Q2 2020,False,10.004,Tourism Research Australia: Domestic Tourism Statistics,domestic_tourism_overnight_backcast_2019_2024.xlsx,Table 7,"Backcast Overnight Intrastate Trips ('000), Australia and States"
Overnight,Intrastate,Trips,000 trips,ACT,ACT,quarter,2020,Q3,Q3 2020,False,13.707,Tourism Research Australia: Domestic Tourism Statistics,domestic_tourism_overnight_backcast_2019_2024.xlsx,Table 7,"Backcast Overnight Intrastate Trips ('000), Australia and States"
Overnight,Intrastate,Trips,000 trips,ACT,ACT,quarter,2020,Q4,Q4 2020,True,21.276,Tourism Research Australia: Domestic Tourism Statistics,domestic_tourism_overnight_backcast_2019_2024.xlsx,Table 7,"Backcast Overnight Intrastate Trips ('000), Australia and States"
Overnight,Intrastate,Trips,000 trips,ACT,ACT,quarter,2021,Q1,Q1 2021,False,22.016,Tourism Research Australia: Domestic Tourism Statistics,domestic_tourism_overnight_backcast_2019_2024.xlsx,Table 7,"Backcast Overnight Intrastate Trips ('000), Australia and States"
Overnight,Intrastate,Trips,000 trips,ACT,ACT,quarter,2021,Q2,Q2 2021,False,21.863,Tourism Research Australia: Domestic Tourism Statistics,domestic_tourism_overnight_backcast_2019_2024.xlsx,Table 7,"Backcast Overnight Intrastate Trips ('000), Australia and States"
Overnight,Intrastate,Trips,000 trips,ACT,ACT,quarter,2021,Q3,Q3 2021,False,5.455,Tourism Research Australia: Domestic Tourism Statistics,domestic_tourism_overnight_backcast_2019_2024.xlsx,Table 7,"Backcast Overnight Intrastate Trips ('000), Australia and States"
Overnight,Intrastate,Trips,000 trips,ACT,ACT,quarter,2021,Q4,Q4 2021,True,14.92,Tourism Research Australia: Domestic Tourism Statistics,domestic_tourism_overnight_backcast_2019_2024.xlsx,Table 7,"Backcast Overnight Intrastate Trips ('000), Australia and States"
Overnight,Intrastate,Trips,000 trips,ACT,ACT,quarter,2022,Q1,Q1 2022,False,21.92,Tourism Research Australia: Domestic Tourism Statistics,domestic_tourism_overnight_backcast_2019_2024.xlsx,Table 7,"Backcast Overnight Intrastate Trips ('000), Australia and States"
Overnight,Intrastate,Trips,000 trips,ACT,ACT,quarter,2022,Q2,Q2 2022,False,21.735,Tourism Research Australia: Domestic Tourism Statistics,domestic_tourism_overnight_backcast_2019_2024.xlsx,Table 7,"Backcast Overnight Intrastate Trips ('000), Australia and States"
Overnight,Intrastate,Trips,000 trips,ACT,ACT,quarter,2022,Q3,Q3 2022,False,21.065,Tourism Research Australia: Domestic Tourism Statistics,domestic_tourism_overnight_backcast_2019_2024.xlsx,Table 7,"Backcast Overnight Intrastate Trips ('000), Australia and States"
Overnight,Intrastate,Trips,000 trips,ACT,ACT,quarter,2022,Q4,Q4 2022,True,26.787,Tourism Research Australia: Domestic Tourism Statistics,domestic_tourism_overnight_backcast_2019_2024.xlsx,Table 7,"Backcast Overnight Intrastate Trips ('000), Australia and States"
Overnight,Intrastate,Trips,000 trips,ACT,ACT,quarter,2023,Q1,Q1 2023,False,28.131,Tourism Research Australia: Domestic Tourism Statistics,domestic_tourism_overnight_backcast_2019_2024.xlsx,Table 7,"Backcast Overnight Intrastate Trips ('000), Australia and States"
Overnight,Intrastate,Trips,000 trips,ACT,ACT,quarter,2023,Q2,Q2 2023,False,23.842,Tourism Research Australia: Domestic Tourism Statistics,domestic_tourism_overnight_backcast_2019_2024.xlsx,Table 7,"Backcast Overnight Intrastate Trips ('000), Australia and States"
Overnight,Intrastate,Trips,000 trips,ACT,ACT,quarter,2023,Q3,Q3 2023,False,23.415,Tourism Research Australia: Domestic Tourism Statistics,domestic_tourism_overnight_backcast_2019_2024.xlsx,Table 7,"Backcast Overnight Intrastate Trips ('000), Australia and States"
Overnight,Intrastate,Trips,000 trips,ACT,ACT,quarter,2023,Q4,Q4 2023,True,27.692,Tourism Research Australia: Domestic Tourism Statistics,domestic_tourism_overnight_backcast_2019_2024.xlsx,Table 7,"Backcast Overnight Intrastate Trips ('000), Australia and States"
Overnight,Intrastate,Trips,000 trips,ACT,ACT,quarter,2024,Q1,Q1 2024,False,30.384,Tourism Research Australia: Domestic Tourism Statistics,domestic_tourism_overnight_backcast_2019_2024.xlsx,Table 7,"Backcast Overnight Intrastate Trips ('000), Australia and States"
Overnight,Intrastate,Trips,000 trips,ACT,ACT,quarter,2024,Q2,Q2 2024,False,23.702,Tourism Research Australia: Domestic Tourism Statistics,domestic_tourism_overnight_backcast_2019_2024.xlsx,Table 7,"Backcast Overnight Intrastate Trips ('000), Australia and States"
Overnight,Intrastate,Trips,000 trips,ACT,ACT,quarter,2024,Q3,Q3 2024,False,21.552,Tourism Research Australia: Domestic Tourism Statistics,domestic_tourism_overnight_backcast_2019_2024.xlsx,Table 7,"Backcast Overnight Intrastate Trips ('000), Australia and States"
Overnight,Intrastate,Trips,000 trips,ACT,ACT,quarter,2024,Q4,Q4 2024,True,28.646,Tourism Research Australia: Domestic Tourism Statistics,domestic_tourism_overnight_backcast_2019_2024.xlsx,Table 7,"Backcast Overnight Intrastate Trips ('000), Australia and States"
Overnight,Intrastate,Nights,000 nights,Australia,AUS,quarter,2019,Q1,Q1 2019,False,67790.777,Tourism Research Australia: Domestic Tourism Statistics,domestic_tourism_overnight_backcast_2019_2024.xlsx,Table 8,"Backcast Overnight Intrastate Nights ('000), Australia and States"
Overnight,Intrastate,Nights,000 nights,Australia,AUS,quarter,2019,Q2,Q2 2019,False,56038.255,Tourism Research Australia: Domestic Tourism Statistics,domestic_tourism_overnight_backcast_2019_2024.xlsx,Table 8,"Backcast Overnight Intrastate Nights ('000), Australia and States"
Overnight,Intrastate,Nights,000 nights,Australia,AUS,quarter,2019,Q3,Q3 2019,False,55091.608,Tourism Research Australia: Domestic Tourism Statistics,domestic_tourism_overnight_backcast_2019_2024.xlsx,Table 8,"Backcast Overnight Intrastate Nights ('000), Australia and States"
Overnight,Intrastate,Nights,000 nights,Australia,AUS,quarter,2019,Q4,Q4 2019,True,60040.721,Tourism Research Australia: Domestic Tourism Statistics,domestic_tourism_overnight_backcast_2019_2024.xlsx,Table 8,"Backcast Overnight Intrastate Nights ('000), Australia and States"
Overnight,Intrastate,Nights,000 nights,Australia,AUS,quarter,2020,Q1,Q1 2020,False,66369.725,Tourism Research Australia: Domestic Tourism Statistics,domestic_tourism_overnight_backcast_2019_2024.xlsx,Table 8,"Backcast Overnight Intrastate Nights ('000), Australia and States"
Overnight,Intrastate,Nights,000 nights,Australia,AUS,quarter,2020,Q2,Q2 2020,False,38309.972,Tourism Research Australia: Domestic Tourism Statistics,domestic_tourism_overnight_backcast_2019_2024.xlsx,Table 8,"Backcast Overnight Intrastate Nights ('000), Australia and States"
Overnight,Intrastate,Nights,000 nights,Australia,AUS,quarter,2020,Q3,Q3 2020,False,54561.8,Tourism Research Australia: Domestic Tourism Statistics,domestic_tourism_overnight_backcast_2019_2024.xlsx,Table 8,"Backcast Overnight Intrastate Nights ('000), Australia and States"
Overnight,Intrastate,Nights,000 nights,Australia,AUS,quarter,2020,Q4,Q4 2020,True,67888.778,Tourism Research Australia: Domestic Tourism Statistics,domestic_tourism_overnight_backcast_2019_2024.xlsx,Table 8,"Backcast Overnight Intrastate Nights ('000), Australia and States"
Overnight,Intrastate,Nights,000 nights,Australia,AUS,quarter,2021,Q1,Q1 2021,False,75753.574,Tourism Research Australia: Domestic Tourism Statistics,domestic_tourism_overnight_backcast_2019_2024.xlsx,Table 8,"Backcast Overnight Intrastate Nights ('000), Australia and States"
Overnight,Intrastate,Nights,000 nights,Australia,AUS,quarter,2021,Q2,Q2 2021,False,63371.657,Tourism Research Australia: Domestic Tourism Statistics,domestic_tourism_overnight_backcast_2019_2024.xlsx,Table 8,"Backcast Overnight Intrastate Nights ('000), Australia and States"
Overnight,Intrastate,Nights,000 nights,Australia,AUS,quarter,2021,Q3,Q3 2021,False,45242.296,Tourism Research Australia: Domestic Tourism Statistics,domestic_tourism_overnight_backcast_2019_2024.xlsx,Table 8,"Backcast Overnight Intrastate Nights ('000), Australia and States"
Overnight,Intrastate,Nights,000 nights,Australia,AUS,quarter,2021,Q4,Q4 2021,True,66041.487,Tourism Research Australia: Domestic Tourism Statistics,domestic_tourism_overnight_backcast_2019_2024.xlsx,Table 8,"Backcast Overnight Intrastate Nights ('000), Australia and States"
Overnight,Intrastate,Nights,000 nights,Australia,AUS,quarter,2022,Q1,Q1 2022,False,75377.445,Tourism Research Australia: Domestic Tourism Statistics,domestic_tourism_overnight_backcast_2019_2024.xlsx,Table 8,"Backcast Overnight Intrastate Nights ('000), Australia and States"
Overnight,Intrastate,Nights,000 nights,Australia,AUS,quarter,2022,Q2,Q2 2022,False,64030.188,Tourism Research Australia: Domestic Tourism Statistics,domestic_tourism_overnight_backcast_2019_2024.xlsx,Table 8,"Backcast Overnight Intrastate Nights ('000), Australia and States"
Overnight,Intrastate,Nights,000 nights,Australia,AUS,quarter,2022,Q3,Q3 2022,False,61253.336,Tourism Research Australia: Domestic Tourism Statistics,domestic_tourism_overnight_backcast_2019_2024.xlsx,Table 8,"Backcast Overnight Intrastate Nights ('000), Australia and States"
Overnight,Intrastate,Nights,000 nights,Australia,AUS,quarter,2022,Q4,Q4 2022,True,64829.44,Tourism Research Australia: Domestic Tourism Statistics,domestic_tourism_overnight_backcast_2019_2024.xlsx,Table 8,"Backcast Overnight Intrastate Nights ('000), Australia and States"
Overnight,Intrastate,Nights,000 nights,Australia,AUS,quarter,2023,Q1,Q1 2023,False,71051.781,Tourism Research Australia: Domestic Tourism Statistics,domestic_tourism_overnight_backcast_2019_2024.xlsx,Table 8,"Backcast Overnight Intrastate Nights ('000), Australia and States"
Overnight,Intrastate,Nights,000 nights,Australia,AUS,quarter,2023,Q2,Q2 2023,False,61725.865,Tourism Research Australia: Domestic Tourism Statistics,domestic_tourism_overnight_backcast_2019_2024.xlsx,Table 8,"Backcast Overnight Intrastate Nights ('000), Australia and States"
Overnight,Intrastate,Nights,000 nights,Australia,AUS,quarter,2023,Q3,Q3 2023,False,59598.335,Tourism Research Australia: Domestic Tourism Statistics,domestic_tourism_overnight_backcast_2019_2024.xlsx,Table 8,"Backcast Overnight Intrastate Nights ('000), Australia and States"
Overnight,Intrastate,Nights,000 nights,Australia,AUS,quarter,2023,Q4,Q4 2023,True,65265.779,Tourism Research Australia: Domestic Tourism Statistics,domestic_tourism_overnight_backcast_2019_2024.xlsx,Table 8,"Backcast Overnight Intrastate Nights ('000), Australia and States"
Overnight,Intrastate,Nights,000 nights,Australia,AUS,quarter,2024,Q1,Q1 2024,False,73746.114,Tourism Research Australia: Domestic Tourism Statistics,domestic_tourism_overnight_backcast_2019_2024.xlsx,Table 8,"Backcast Overnight Intrastate Nights ('000), Australia and States"
Overnight,Intrastate,Nights,000 nights,Australia,AUS,quarter,2024,Q2,Q2 2024,False,60692.853,Tourism Research Australia: Domestic Tourism Statistics,domestic_tourism_overnight_backcast_2019_2024.xlsx,Table 8,"Backcast Overnight Intrastate Nights ('000), Australia and States"
Overnight,Intrastate,Nights,000 nights,Australia,AUS,quarter,2024,Q3,Q3 2024,False,58956.394,Tourism Research Australia: Domestic Tourism Statistics,domestic_tourism_overnight_backcast_2019_2024.xlsx,Table 8,"Backcast Overnight Intrastate Nights ('000), Australia and States"
Overnight,Intrastate,Nights,000 nights,Australia,AUS,quarter,2024,Q4,Q4 2024,True,63713.13,Tourism Research Australia: Domestic Tourism Statistics,domestic_tourism_overnight_backcast_2019_2024.xlsx,Table 8,"Backcast Overnight Intrastate Nights ('000), Australia and States"
Overnight,Intrastate,Nights,000 nights,New South Wales,NSW,quarter,2019,Q1,Q1 2019,False,22574.731,Tourism Research Australia: Domestic Tourism Statistics,domestic_tourism_overnight_backcast_2019_2024.xlsx,Table 8,"Backcast Overnight Intrastate Nights ('000), Australia and States"
Overnight,Intrastate,Nights,000 nights,New South Wales,NSW,quarter,2019,Q2,Q2 2019,False,18582.059,Tourism Research Australia: Domestic Tourism Statistics,domestic_tourism_overnight_backcast_2019_2024.xlsx,Table 8,"Backcast Overnight Intrastate Nights ('000), Australia and States"
Overnight,Intrastate,Nights,000 nights,New South Wales,NSW,quarter,2019,Q3,Q3 2019,False,18276.547,Tourism Research Australia: Domestic Tourism Statistics,domestic_tourism_overnight_backcast_2019_2024.xlsx,Table 8,"Backcast Overnight Intrastate Nights ('000), Australia and States"
Overnight,Intrastate,Nights,000 nights,New South Wales,NSW,quarter,2019,Q4,Q4 2019,True,20431.691,Tourism Research Australia: Domestic Tourism Statistics,domestic_tourism_overnight_backcast_2019_2024.xlsx,Table 8,"Backcast Overnight Intrastate Nights ('000), Australia and States"
Overnight,Intrastate,Nights,000 nights,New South Wales,NSW,quarter,2020,Q1,Q1 2020,False,21462.485,Tourism Research Australia: Domestic Tourism Statistics,domestic_tourism_overnight_backcast_2019_2024.xlsx,Table 8,"Backcast Overnight Intrastate Nights ('000), Australia and States"
Overnight,Intrastate,Nights,000 nights,New South Wales,NSW,quarter,2020,Q2,Q2 2020,False,12214.935,Tourism Research Australia: Domestic Tourism Statistics,domestic_tourism_overnight_backcast_2019_2024.xlsx,Table 8,"Backcast Overnight Intrastate Nights ('000), Australia and States"
Overnight,Intrastate,Nights,000 nights,New South Wales,NSW,quarter,2020,Q3,Q3 2020,False,18693.577,Tourism Research Australia: Domestic Tourism Statistics,domestic_tourism_overnight_backcast_2019_2024.xlsx,Table 8,"Backcast Overnight Intrastate Nights ('000), Australia and States"
Overnight,Intrastate,Nights,000 nights,New South Wales,NSW,quarter,2020,Q4,Q4 2020,True,22968.948,Tourism Research Australia: Domestic Tourism Statistics,domestic_tourism_overnight_backcast_2019_2024.xlsx,Table 8,"Backcast Overnight Intrastate Nights ('000), Australia and States"
Overnight,Intrastate,Nights,000 nights,New South Wales,NSW,quarter,2021,Q1,Q1 2021,False,24389.698,Tourism Research Australia: Domestic Tourism Statistics,domestic_tourism_overnight_backcast_2019_2024.xlsx,Table 8,"Backcast Overnight Intrastate Nights ('000), Australia and States"
Overnight,Intrastate,Nights,000 nights,New South Wales,NSW,quarter,2021,Q2,Q2 2021,False,20368.123,Tourism Research Australia: Domestic Tourism Statistics,domestic_tourism_overnight_backcast_2019_2024.xlsx,Table 8,"Backcast Overnight Intrastate Nights ('000), Australia and States"
Overnight,Intrastate,Nights,000 nights,New South Wales,NSW,quarter,2021,Q3,Q3 2021,False,7830.801,Tourism Research Australia: Domestic Tourism Statistics,domestic_tourism_overnight_backcast_2019_2024.xlsx,Table 8,"Backcast Overnight Intrastate Nights ('000), Australia and States"
Overnight,Intrastate,Nights,000 nights,New South Wales,NSW,quarter,2021,Q4,Q4 2021,True,18909.566,Tourism Research Australia: Domestic Tourism Statistics,domestic_tourism_overnight_backcast_2019_2024.xlsx,Table 8,"Backcast Overnight Intrastate Nights ('000), Australia and States"
Overnight,Intrastate,Nights,000 nights,New South Wales,NSW,quarter,2022,Q1,Q1 2022,False,24045.702,Tourism Research Australia: Domestic Tourism Statistics,domestic_tourism_overnight_backcast_2019_2024.xlsx,Table 8,"Backcast Overnight Intrastate Nights ('000), Australia and States"
Overnight,Intrastate,Nights,000 nights,New South Wales,NSW,quarter,2022,Q2,Q2 2022,False,20401.117,Tourism Research Australia: Domestic Tourism Statistics,domestic_tourism_overnight_backcast_2019_2024.xlsx,Table 8,"Backcast Overnight Intrastate Nights ('000), Australia and States"
Overnight,Intrastate,Nights,000 nights,New South Wales,NSW,quarter,2022,Q3,Q3 2022,False,19324.023,Tourism Research Australia: Domestic Tourism Statistics,domestic_tourism_overnight_backcast_2019_2024.xlsx,Table 8,"Backcast Overnight Intrastate Nights ('000), Australia and States"
Overnight,Intrastate,Nights,000 nights,New South Wales,NSW,quarter,2022,Q4,Q4 2022,True,21437.264,Tourism Research Australia: Domestic Tourism Statistics,domestic_tourism_overnight_backcast_2019_2024.xlsx,Table 8,"Backcast Overnight Intrastate Nights ('000), Australia and States"
Overnight,Intrastate,Nights,000 nights,New South Wales,NSW,quarter,2023,Q1,Q1 2023,False,23196.854,Tourism Research Australia: Domestic Tourism Statistics,domestic_tourism_overnight_backcast_2019_2024.xlsx,Table 8,"Backcast Overnight Intrastate Nights ('000), Australia and States"
Overnight,Intrastate,Nights,000 nights,New South Wales,NSW,quarter,2023,Q2,Q2 2023,False,19736.096,Tourism Research Australia: Domestic Tourism Statistics,domestic_tourism_overnight_backcast_2019_2024.xlsx,Table 8,"Backcast Overnight Intrastate Nights ('000), Australia and States"
Overnight,Intrastate,Nights,000 nights,New South Wales,NSW,quarter,2023,Q3,Q3 2023,False,19076.094,Tourism Research Australia: Domestic Tourism Statistics,domestic_tourism_overnight_backcast_2019_2024.xlsx,Table 8,"Backcast Overnight Intrastate Nights ('000), Australia and States"
Overnight,Intrastate,Nights,000 nights,New South Wales,NSW,quarter,2023,Q4,Q4 2023,True,21464.802,Tourism Research Australia: Domestic Tourism Statistics,domestic_tourism_overnight_backcast_2019_2024.xlsx,Table 8,"Backcast Overnight Intrastate Nights ('000), Australia and States"
Overnight,Intrastate,Nights,000 nights,New South Wales,NSW,quarter,2024,Q1,Q1 2024,False,23614.258,Tourism Research Australia: Domestic Tourism Statistics,domestic_tourism_overnight_backcast_2019_2024.xlsx,Table 8,"Backcast Overnight Intrastate Nights ('000), Australia and States"
Overnight,Intrastate,Nights,000 nights,New South Wales,NSW,quarter,2024,Q2,Q2 2024,False,18947.722,Tourism Research Australia: Domestic Tourism Statistics,domestic_tourism_overnight_backcast_2019_2024.xlsx,Table 8,"Backcast Overnight Intrastate Nights ('000), Australia and States"
Overnight,Intrastate,Nights,000 nights,New South Wales,NSW,quarter,2024,Q3,Q3 2024,False,18336.499,Tourism Research Australia: Domestic Tourism Statistics,domestic_tourism_overnight_backcast_2019_2024.xlsx,Table 8,"Backcast Overnight Intrastate Nights ('000), Australia and States"
Overnight,Intrastate,Nights,000 nights,New South Wales,NSW,quarter,2024,Q4,Q4 2024,True,20930.327,Tourism Research Australia: Domestic Tourism Statistics,domestic_tourism_overnight_backcast_2019_2024.xlsx,Table 8,"Backcast Overnight Intrastate Nights ('000), Australia and States"
Overnight,Intrastate,Nights,000 nights,Victoria,VIC,quarter,2019,Q1,Q1 2019,False,18941.949,Tourism Research Australia: Domestic Tourism Statistics,domestic_tourism_overnight_backcast_2019_2024.xlsx,Table 8,"Backcast Overnight Intrastate Nights ('000), Australia and States"
Overnight,Intrastate,Nights,000 nights,Victoria,VIC,quarter,2019,Q2,Q2 2019,False,14069.994,Tourism Research Australia: Domestic Tourism Statistics,domestic_tourism_overnight_backcast_2019_2024.xlsx,Table 8,"Backcast Overnight Intrastate Nights ('000), Australia and States"
Overnight,Intrastate,Nights,000 nights,Victoria,VIC,quarter,2019,Q3,Q3 2019,False,13364.736,Tourism Research Australia: Domestic Tourism Statistics,domestic_tourism_overnight_backcast_2019_2024.xlsx,Table 8,"Backcast Overnight Intrastate Nights ('000), Australia and States"
Overnight,Intrastate,Nights,000 nights,Victoria,VIC,quarter,2019,Q4,Q4 2019,True,14816.288,Tourism Research Australia: Domestic Tourism Statistics,domestic_tourism_overnight_backcast_2019_2024.xlsx,Table 8,"Backcast Overnight Intrastate Nights ('000), Australia and States"
Overnight,Intrastate,Nights,000 nights,Victoria,VIC,quarter,2020,Q1,Q1 2020,False,18455.956,Tourism Research Australia: Domestic Tourism Statistics,domestic_tourism_overnight_backcast_2019_2024.xlsx,Table 8,"Backcast Overnight Intrastate Nights ('000), Australia and States"
Overnight,Intrastate,Nights,000 nights,Victoria,VIC,quarter,2020,Q2,Q2 2020,False,9390.778,Tourism Research Australia: Domestic Tourism Statistics,domestic_tourism_overnight_backcast_2019_2024.xlsx,Table 8,"Backcast Overnight Intrastate Nights ('000), Australia and States"
Overnight,Intrastate,Nights,000 nights,Victoria,VIC,quarter,2020,Q3,Q3 2020,False,6454.227,Tourism Research Australia: Domestic Tourism Statistics,domestic_tourism_overnight_backcast_2019_2024.xlsx,Table 8,"Backcast Overnight Intrastate Nights ('000), Australia and States"
Overnight,Intrastate,Nights,000 nights,Victoria,VIC,quarter,2020,Q4,Q4 2020,True,13578.138,Tourism Research Australia: Domestic Tourism Statistics,domestic_tourism_overnight_backcast_2019_2024.xlsx,Table 8,"Backcast Overnight Intrastate Nights ('000), Australia and States"
Overnight,Intrastate,Nights,000 nights,Victoria,VIC,quarter,2021,Q1,Q1 2021,False,20251.358,Tourism Research Australia: Domestic Tourism Statistics,domestic_tourism_overnight_backcast_2019_2024.xlsx,Table 8,"Backcast Overnight Intrastate Nights ('000), Australia and States"
Overnight,Intrastate,Nights,000 nights,Victoria,VIC,quarter,2021,Q2,Q2 2021,False,14371.553,Tourism Research Australia: Domestic Tourism Statistics,domestic_tourism_overnight_backcast_2019_2024.xlsx,Table 8,"Backcast Overnight Intrastate Nights ('000), Australia and States"
Overnight,Intrastate,Nights,000 nights,Victoria,VIC,quarter,2021,Q3,Q3 2021,False,9470.191,Tourism Research Australia: Domestic Tourism Statistics,domestic_tourism_overnight_backcast_2019_2024.xlsx,Table 8,"Backcast Overnight Intrastate Nights ('000), Australia and States"
Overnight,Intrastate,Nights,000 nights,Victoria,VIC,quarter,2021,Q4,Q4 2021,True,15006.996,Tourism Research Australia: Domestic Tourism Statistics,domestic_tourism_overnight_backcast_2019_2024.xlsx,Table 8,"Backcast Overnight Intrastate Nights ('000), Australia and States"
Overnight,Intrastate,Nights,000 nights,Victoria,VIC,quarter,2022,Q1,Q1 2022,False,20649.347,Tourism Research Australia: Domestic Tourism Statistics,domestic_tourism_overnight_backcast_2019_2024.xlsx,Table 8,"Backcast Overnight Intrastate Nights ('000), Australia and States"
Overnight,Intrastate,Nights,000 nights,Victoria,VIC,quarter,2022,Q2,Q2 2022,False,15788.316,Tourism Research Australia: Domestic Tourism Statistics,domestic_tourism_overnight_backcast_2019_2024.xlsx,Table 8,"Backcast Overnight Intrastate Nights ('000), Australia and States"
Overnight,Intrastate,Nights,000 nights,Victoria,VIC,quarter,2022,Q3,Q3 2022,False,14486.272,Tourism Research Australia: Domestic Tourism Statistics,domestic_tourism_overnight_backcast_2019_2024.xlsx,Table 8,"Backcast Overnight Intrastate Nights ('000), Australia and States"
Overnight,Intrastate,Nights,000 nights,Victoria,VIC,quarter,2022,Q4,Q4 2022,True,14706.104,Tourism Research Australia: Domestic Tourism Statistics,domestic_tourism_overnight_backcast_2019_2024.xlsx,Table 8,"Backcast Overnight Intrastate Nights ('000), Australia and States"
Overnight,Intrastate,Nights,000 nights,Victoria,VIC,quarter,2023,Q1,Q1 2023,False,19282.616,Tourism Research Australia: Domestic Tourism Statistics,domestic_tourism_overnight_backcast_2019_2024.xlsx,Table 8,"Backcast Overnight Intrastate Nights ('000), Australia and States"
Overnight,Intrastate,Nights,000 nights,Victoria,VIC,quarter,2023,Q2,Q2 2023,False,14868.404,Tourism Research Australia: Domestic Tourism Statistics,domestic_tourism_overnight_backcast_2019_2024.xlsx,Table 8,"Backcast Overnight Intrastate Nights ('000), Australia and States"
Overnight,Intrastate,Nights,000 nights,Victoria,VIC,quarter,2023,Q3,Q3 2023,False,13593.761,Tourism Research Australia: Domestic Tourism Statistics,domestic_tourism_overnight_backcast_2019_2024.xlsx,Table 8,"Backcast Overnight Intrastate Nights ('000), Australia and States"
Overnight,Intrastate,Nights,000 nights,Victoria,VIC,quarter,2023,Q4,Q4 2023,True,15428.249,Tourism Research Australia: Domestic Tourism Statistics,domestic_tourism_overnight_backcast_2019_2024.xlsx,Table 8,"Backcast Overnight Intrastate Nights ('000), Australia and States"
Overnight,Intrastate,Nights,000 nights,Victoria,VIC,quarter,2024,Q1,Q1 2024,False,20391.118,Tourism Research Australia: Domestic Tourism Statistics,domestic_tourism_overnight_backcast_2019_2024.xlsx,Table 8,"Backcast Overnight Intrastate Nights ('000), Australia and States"
Overnight,Intrastate,Nights,000 nights,Victoria,VIC,quarter,2024,Q2,Q2 2024,False,14814.412,Tourism Research Australia: Domestic Tourism Statistics,domestic_tourism_overnight_backcast_2019_2024.xlsx,Table 8,"Backcast Overnight Intrastate Nights ('000), Australia and States"
Overnight,Intrastate,Nights,000 nights,Victoria,VIC,quarter,2024,Q3,Q3 2024,False,13775.403,Tourism Research Australia: Domestic Tourism Statistics,domestic_tourism_overnight_backcast_2019_2024.xlsx,Table 8,"Backcast Overnight Intrastate Nights ('000), Australia and States"
Overnight,Intrastate,Nights,000 nights,Victoria,VIC,quarter,2024,Q4,Q4 2024,True,15046.771,Tourism Research Australia: Domestic Tourism Statistics,domestic_tourism_overnight_backcast_2019_2024.xlsx,Table 8,"Backcast Overnight Intrastate Nights ('000), Australia and States"
Overnight,Intrastate,Nights,000 nights,Queensland,QLD,quarter,2019,Q1,Q1 2019,False,14103.247,Tourism Research Australia: Domestic Tourism Statistics,domestic_tourism_overnight_backcast_2019_2024.xlsx,Table 8,"Backcast Overnight Intrastate Nights ('000), Australia and States"
Overnight,Intrastate,Nights,000 nights,Queensland,QLD,quarter,2019,Q2,Q2 2019,False,13231.925,Tourism Research Australia: Domestic Tourism Statistics,domestic_tourism_overnight_backcast_2019_2024.xlsx,Table 8,"Backcast Overnight Intrastate Nights ('000), Australia and States"
Overnight,Intrastate,Nights,000 nights,Queensland,QLD,quarter,2019,Q3,Q3 2019,False,13710.873,Tourism Research Australia: Domestic Tourism Statistics,domestic_tourism_overnight_backcast_2019_2024.xlsx,Table 8,"Backcast Overnight Intrastate Nights ('000), Australia and States"
Overnight,Intrastate,Nights,000 nights,Queensland,QLD,quarter,2019,Q4,Q4 2019,True,14172.437,Tourism Research Australia: Domestic Tourism Statistics,domestic_tourism_overnight_backcast_2019_2024.xlsx,Table 8,"Backcast Overnight Intrastate Nights ('000), Australia and States"
Overnight,Intrastate,Nights,000 nights,Queensland,QLD,quarter,2020,Q1,Q1 2020,False,14048.805,Tourism Research Australia: Domestic Tourism Statistics,domestic_tourism_overnight_backcast_2019_2024.xlsx,Table 8,"Backcast Overnight Intrastate Nights ('000), Australia and States"
Overnight,Intrastate,Nights,000 nights,Queensland,QLD,quarter,2020,Q2,Q2 2020,False,8868.745,Tourism Research Australia: Domestic Tourism Statistics,domestic_tourism_overnight_backcast_2019_2024.xlsx,Table 8,"Backcast Overnight Intrastate Nights ('000), Australia and States"
Overnight,Intrastate,Nights,000 nights,Queensland,QLD,quarter,2020,Q3,Q3 2020,False,16329.4,Tourism Research Australia: Domestic Tourism Statistics,domestic_tourism_overnight_backcast_2019_2024.xlsx,Table 8,"Backcast Overnight Intrastate Nights ('000), Australia and States"
Overnight,Intrastate,Nights,000 nights,Queensland,QLD,quarter,2020,Q4,Q4 2020,True,17398.744,Tourism Research Australia: Domestic Tourism Statistics,domestic_tourism_overnight_backcast_2019_2024.xlsx,Table 8,"Backcast Overnight Intrastate Nights ('000), Australia and States"
Overnight,Intrastate,Nights,000 nights,Queensland,QLD,quarter,2021,Q1,Q1 2021,False,16159.849,Tourism Research Australia: Domestic Tourism Statistics,domestic_tourism_overnight_backcast_2019_2024.xlsx,Table 8,"Backcast Overnight Intrastate Nights ('000), Australia and States"
Overnight,Intrastate,Nights,000 nights,Queensland,QLD,quarter,2021,Q2,Q2 2021,False,15463.336,Tourism Research Australia: Domestic Tourism Statistics,domestic_tourism_overnight_backcast_2019_2024.xlsx,Table 8,"Backcast Overnight Intrastate Nights ('000), Australia and States"
Overnight,Intrastate,Nights,000 nights,Queensland,QLD,quarter,2021,Q3,Q3 2021,False,15353.669,Tourism Research Australia: Domestic Tourism Statistics,domestic_tourism_overnight_backcast_2019_2024.xlsx,Table 8,"Backcast Overnight Intrastate Nights ('000), Australia and States"
Overnight,Intrastate,Nights,000 nights,Queensland,QLD,quarter,2021,Q4,Q4 2021,True,17788.299,Tourism Research Australia: Domestic Tourism Statistics,domestic_tourism_overnight_backcast_2019_2024.xlsx,Table 8,"Backcast Overnight Intrastate Nights ('000), Australia and States"
Overnight,Intrastate,Nights,000 nights,Queensland,QLD,quarter,2022,Q1,Q1 2022,False,15377.534,Tourism Research Australia: Domestic Tourism Statistics,domestic_tourism_overnight_backcast_2019_2024.xlsx,Table 8,"Backcast Overnight Intrastate Nights ('000), Australia and States"
Overnight,Intrastate,Nights,000 nights,Queensland,QLD,quarter,2022,Q2,Q2 2022,False,15058.363,Tourism Research Australia: Domestic Tourism Statistics,domestic_tourism_overnight_backcast_2019_2024.xlsx,Table 8,"Backcast Overnight Intrastate Nights ('000), Australia and States"
Overnight,Intrastate,Nights,000 nights,Queensland,QLD,quarter,2022,Q3,Q3 2022,False,15360.159,Tourism Research Australia: Domestic Tourism Statistics,domestic_tourism_overnight_backcast_2019_2024.xlsx,Table 8,"Backcast Overnight Intrastate Nights ('000), Australia and States"
Overnight,Intrastate,Nights,000 nights,Queensland,QLD,quarter,2022,Q4,Q4 2022,True,15827.381,Tourism Research Australia: Domestic Tourism Statistics,domestic_tourism_overnight_backcast_2019_2024.xlsx,Table 8,"Backcast Overnight Intrastate Nights ('000), Australia and States"
Overnight,Intrastate,Nights,000 nights,Queensland,QLD,quarter,2023,Q1,Q1 2023,False,14760.955,Tourism Research Australia: Domestic Tourism Statistics,domestic_tourism_overnight_backcast_2019_2024.xlsx,Table 8,"Backcast Overnight Intrastate Nights ('000), Australia and States"
Overnight,Intrastate,Nights,000 nights,Queensland,QLD,quarter,2023,Q2,Q2 2023,False,14877.769,Tourism Research Australia: Domestic Tourism Statistics,domestic_tourism_overnight_backcast_2019_2024.xlsx,Table 8,"Backcast Overnight Intrastate Nights ('000), Australia and States"
Overnight,Intrastate,Nights,000 nights,Queensland,QLD,quarter,2023,Q3,Q3 2023,False,15233.209,Tourism Research Australia: Domestic Tourism Statistics,domestic_tourism_overnight_backcast_2019_2024.xlsx,Table 8,"Backcast Overnight Intrastate Nights ('000), Australia and States"
Overnight,Intrastate,Nights,000 nights,Queensland,QLD,quarter,2023,Q4,Q4 2023,True,15566.831,Tourism Research Australia: Domestic Tourism Statistics,domestic_tourism_overnight_backcast_2019_2024.xlsx,Table 8,"Backcast Overnight Intrastate Nights ('000), Australia and States"
Overnight,Intrastate,Nights,000 nights,Queensland,QLD,quarter,2024,Q1,Q1 2024,False,15076.275,Tourism Research Australia: Domestic Tourism Statistics,domestic_tourism_overnight_backcast_2019_2024.xlsx,Table 8,"Backcast Overnight Intrastate Nights ('000), Australia and States"
Overnight,Intrastate,Nights,000 nights,Queensland,QLD,quarter,2024,Q2,Q2 2024,False,14639.342,Tourism Research Australia: Domestic Tourism Statistics,domestic_tourism_overnight_backcast_2019_2024.xlsx,Table 8,"Backcast Overnight Intrastate Nights ('000), Australia and States"
Overnight,Intrastate,Nights,000 nights,Queensland,QLD,quarter,2024,Q3,Q3 2024,False,15088.381,Tourism Research Australia: Domestic Tourism Statistics,domestic_tourism_overnight_backcast_2019_2024.xlsx,Table 8,"Backcast Overnight Intrastate Nights ('000), Australia and States"
Overnight,Intrastate,Nights,000 nights,Queensland,QLD,quarter,2024,Q4,Q4 2024,True,15014.494,Tourism Research Australia: Domestic Tourism Statistics,domestic_tourism_overnight_backcast_2019_2024.xlsx,Table 8,"Backcast Overnight Intrastate Nights ('000), Australia and States"
Overnight,Intrastate,Nights,000 nights,South Australia,SA,quarter,2019,Q1,Q1 2019,False,4298.66,Tourism Research Australia: Domestic Tourism Statistics,domestic_tourism_overnight_backcast_2019_2024.xlsx,Table 8,"Backcast Overnight Intrastate Nights ('000), Australia and States"
Overnight,Intrastate,Nights,000 nights,South Australia,SA,quarter,2019,Q2,Q2 2019,False,3606.811,Tourism Research Australia: Domestic Tourism Statistics,domestic_tourism_overnight_backcast_2019_2024.xlsx,Table 8,"Backcast Overnight Intrastate Nights ('000), Australia and States"
Overnight,Intrastate,Nights,000 nights,South Australia,SA,quarter,2019,Q3,Q3 2019,False,3177.157,Tourism Research Australia: Domestic Tourism Statistics,domestic_tourism_overnight_backcast_2019_2024.xlsx,Table 8,"Backcast Overnight Intrastate Nights ('000), Australia and States"
Overnight,Intrastate,Nights,000 nights,South Australia,SA,quarter,2019,Q4,Q4 2019,True,3755.03,Tourism Research Australia: Domestic Tourism Statistics,domestic_tourism_overnight_backcast_2019_2024.xlsx,Table 8,"Backcast Overnight Intrastate Nights ('000), Australia and States"
Overnight,Intrastate,Nights,000 nights,South Australia,SA,quarter,2020,Q1,Q1 2020,False,4403.706,Tourism Research Australia: Domestic Tourism Statistics,domestic_tourism_overnight_backcast_2019_2024.xlsx,Table 8,"Backcast Overnight Intrastate Nights ('000), Australia and States"
Overnight,Intrastate,Nights,000 nights,South Australia,SA,quarter,2020,Q2,Q2 2020,False,2985.12,Tourism Research Australia: Domestic Tourism Statistics,domestic_tourism_overnight_backcast_2019_2024.xlsx,Table 8,"Backcast Overnight Intrastate Nights ('000), Australia and States"
Overnight,Intrastate,Nights,000 nights,South Australia,SA,quarter,2020,Q3,Q3 2020,False,4070.125,Tourism Research Australia: Domestic Tourism Statistics,domestic_tourism_overnight_backcast_2019_2024.xlsx,Table 8,"Backcast Overnight Intrastate Nights ('000), Australia and States"
Overnight,Intrastate,Nights,000 nights,South Australia,SA,quarter,2020,Q4,Q4 2020,True,4543.299,Tourism Research Australia: Domestic Tourism Statistics,domestic_tourism_overnight_backcast_2019_2024.xlsx,Table 8,"Backcast Overnight Intrastate Nights ('000), Australia and States"
Overnight,Intrastate,Nights,000 nights,South Australia,SA,quarter,2021,Q1,Q1 2021,False,5204.568,Tourism Research Australia: Domestic Tourism Statistics,domestic_tourism_overnight_backcast_2019_2024.xlsx,Table 8,"Backcast Overnight Intrastate Nights ('000), Australia and States"
Overnight,Intrastate,Nights,000 nights,South Australia,SA,quarter,2021,Q2,Q2 2021,False,4423.733,Tourism Research Australia: Domestic Tourism Statistics,domestic_tourism_overnight_backcast_2019_2024.xlsx,Table 8,"Backcast Overnight Intrastate Nights ('000), Australia and States"
Overnight,Intrastate,Nights,000 nights,South Australia,SA,quarter,2021,Q3,Q3 2021,False,3820.728,Tourism Research Australia: Domestic Tourism Statistics,domestic_tourism_overnight_backcast_2019_2024.xlsx,Table 8,"Backcast Overnight Intrastate Nights ('000), Australia and States"
Overnight,Intrastate,Nights,000 nights,South Australia,SA,quarter,2021,Q4,Q4 2021,True,4793.71,Tourism Research Australia: Domestic Tourism Statistics,domestic_tourism_overnight_backcast_2019_2024.xlsx,Table 8,"Backcast Overnight Intrastate Nights ('000), Australia and States"
Overnight,Intrastate,Nights,000 nights,South Australia,SA,quarter,2022,Q1,Q1 2022,False,5119.927,Tourism Research Australia: Domestic Tourism Statistics,domestic_tourism_overnight_backcast_2019_2024.xlsx,Table 8,"Backcast Overnight Intrastate Nights ('000), Australia and States"
Overnight,Intrastate,Nights,000 nights,South Australia,SA,quarter,2022,Q2,Q2 2022,False,4259.618,Tourism Research Australia: Domestic Tourism Statistics,domestic_tourism_overnight_backcast_2019_2024.xlsx,Table 8,"Backcast Overnight Intrastate Nights ('000), Australia and States"
Overnight,Intrastate,Nights,000 nights,South Australia,SA,quarter,2022,Q3,Q3 2022,False,3741.39,Tourism Research Australia: Domestic Tourism Statistics,domestic_tourism_overnight_backcast_2019_2024.xlsx,Table 8,"Backcast Overnight Intrastate Nights ('000), Australia and States"
Overnight,Intrastate,Nights,000 nights,South Australia,SA,quarter,2022,Q4,Q4 2022,True,4312.221,Tourism Research Australia: Domestic Tourism Statistics,domestic_tourism_overnight_backcast_2019_2024.xlsx,Table 8,"Backcast Overnight Intrastate Nights ('000), Australia and States"
Overnight,Intrastate,Nights,000 nights,South Australia,SA,quarter,2023,Q1,Q1 2023,False,4627.669,Tourism Research Australia: Domestic Tourism Statistics,domestic_tourism_overnight_backcast_2019_2024.xlsx,Table 8,"Backcast Overnight Intrastate Nights ('000), Australia and States"
Overnight,Intrastate,Nights,000 nights,South Australia,SA,quarter,2023,Q2,Q2 2023,False,4116.498,Tourism Research Australia: Domestic Tourism Statistics,domestic_tourism_overnight_backcast_2019_2024.xlsx,Table 8,"Backcast Overnight Intrastate Nights ('000), Australia and States"
Overnight,Intrastate,Nights,000 nights,South Australia,SA,quarter,2023,Q3,Q3 2023,False,3731.621,Tourism Research Australia: Domestic Tourism Statistics,domestic_tourism_overnight_backcast_2019_2024.xlsx,Table 8,"Backcast Overnight Intrastate Nights ('000), Australia and States"
Overnight,Intrastate,Nights,000 nights,South Australia,SA,quarter,2023,Q4,Q4 2023,True,4314.917,Tourism Research Australia: Domestic Tourism Statistics,domestic_tourism_overnight_backcast_2019_2024.xlsx,Table 8,"Backcast Overnight Intrastate Nights ('000), Australia and States"
Overnight,Intrastate,Nights,000 nights,South Australia,SA,quarter,2024,Q1,Q1 2024,False,5039.369,Tourism Research Australia: Domestic Tourism Statistics,domestic_tourism_overnight_backcast_2019_2024.xlsx,Table 8,"Backcast Overnight Intrastate Nights ('000), Australia and States"
Overnight,Intrastate,Nights,000 nights,South Australia,SA,quarter,2024,Q2,Q2 2024,False,4142.029,Tourism Research Australia: Domestic Tourism Statistics,domestic_tourism_overnight_backcast_2019_2024.xlsx,Table 8,"Backcast Overnight Intrastate Nights ('000), Australia and States"
Overnight,Intrastate,Nights,000 nights,South Australia,SA,quarter,2024,Q3,Q3 2024,False,3661.596,Tourism Research Australia: Domestic Tourism Statistics,domestic_tourism_overnight_backcast_2019_2024.xlsx,Table 8,"Backcast Overnight Intrastate Nights ('000), Australia and States"
Overnight,Intrastate,Nights,000 nights,South Australia,SA,quarter,2024,Q4,Q4 2024,True,4274.679,Tourism Research Australia: Domestic Tourism Statistics,domestic_tourism_overnight_backcast_2019_2024.xlsx,Table 8,"Backcast Overnight Intrastate Nights ('000), Australia and States"
Overnight,Intrastate,Nights,000 nights,Western Australia,WA,quarter,2019,Q1,Q1 2019,False,6268.583,Tourism Research Australia: Domestic Tourism Statistics,domestic_tourism_overnight_backcast_2019_2024.xlsx,Table 8,"Backcast Overnight Intrastate Nights ('000), Australia and States"
Overnight,Intrastate,Nights,000 nights,Western Australia,WA,quarter,2019,Q2,Q2 2019,False,5380.204,Tourism Research Australia: Domestic Tourism Statistics,domestic_tourism_overnight_backcast_2019_2024.xlsx,Table 8,"Backcast Overnight Intrastate Nights ('000), Australia and States"
Overnight,Intrastate,Nights,000 nights,Western Australia,WA,quarter,2019,Q3,Q3 2019,False,5385.286,Tourism Research Australia: Domestic Tourism Statistics,domestic_tourism_overnight_backcast_2019_2024.xlsx,Table 8,"Backcast Overnight Intrastate Nights ('000), Australia and States"
Overnight,Intrastate,Nights,000 nights,Western Australia,WA,quarter,2019,Q4,Q4 2019,True,5577.545,Tourism Research Australia: Domestic Tourism Statistics,domestic_tourism_overnight_backcast_2019_2024.xlsx,Table 8,"Backcast Overnight Intrastate Nights ('000), Australia and States"
Overnight,Intrastate,Nights,000 nights,Western Australia,WA,quarter,2020,Q1,Q1 2020,False,6451.77,Tourism Research Australia: Domestic Tourism Statistics,domestic_tourism_overnight_backcast_2019_2024.xlsx,Table 8,"Backcast Overnight Intrastate Nights ('000), Australia and States"
Overnight,Intrastate,Nights,000 nights,Western Australia,WA,quarter,2020,Q2,Q2 2020,False,4063.407,Tourism Research Australia: Domestic Tourism Statistics,domestic_tourism_overnight_backcast_2019_2024.xlsx,Table 8,"Backcast Overnight Intrastate Nights ('000), Australia and States"
Overnight,Intrastate,Nights,000 nights,Western Australia,WA,quarter,2020,Q3,Q3 2020,False,7533.894,Tourism Research Australia: Domestic Tourism Statistics,domestic_tourism_overnight_backcast_2019_2024.xlsx,Table 8,"Backcast Overnight Intrastate Nights ('000), Australia and States"
Overnight,Intrastate,Nights,000 nights,Western Australia,WA,quarter,2020,Q4,Q4 2020,True,7709.337,Tourism Research Australia: Domestic Tourism Statistics,domestic_tourism_overnight_backcast_2019_2024.xlsx,Table 8,"Backcast Overnight Intrastate Nights ('000), Australia and States"
Overnight,Intrastate,Nights,000 nights,Western Australia,WA,quarter,2021,Q1,Q1 2021,False,7956.118,Tourism Research Australia: Domestic Tourism Statistics,domestic_tourism_overnight_backcast_2019_2024.xlsx,Table 8,"Backcast Overnight Intrastate Nights ('000), Australia and States"
Overnight,Intrastate,Nights,000 nights,Western Australia,WA,quarter,2021,Q2,Q2 2021,False,7204.806,Tourism Research Australia: Domestic Tourism Statistics,domestic_tourism_overnight_backcast_2019_2024.xlsx,Table 8,"Backcast Overnight Intrastate Nights ('000), Australia and States"
Overnight,Intrastate,Nights,000 nights,Western Australia,WA,quarter,2021,Q3,Q3 2021,False,7299.21,Tourism Research Australia: Domestic Tourism Statistics,domestic_tourism_overnight_backcast_2019_2024.xlsx,Table 8,"Backcast Overnight Intrastate Nights ('000), Australia and States"
Overnight,Intrastate,Nights,000 nights,Western Australia,WA,quarter,2021,Q4,Q4 2021,True,7933.094,Tourism Research Australia: Domestic Tourism Statistics,domestic_tourism_overnight_backcast_2019_2024.xlsx,Table 8,"Backcast Overnight Intrastate Nights ('000), Australia and States"
Overnight,Intrastate,Nights,000 nights,Western Australia,WA,quarter,2022,Q1,Q1 2022,False,8343.283,Tourism Research Australia: Domestic Tourism Statistics,domestic_tourism_overnight_backcast_2019_2024.xlsx,Table 8,"Backcast Overnight Intrastate Nights ('000), Australia and States"
Overnight,Intrastate,Nights,000 nights,Western Australia,WA,quarter,2022,Q2,Q2 2022,False,7020.854,Tourism Research Australia: Domestic Tourism Statistics,domestic_tourism_overnight_backcast_2019_2024.xlsx,Table 8,"Backcast Overnight Intrastate Nights ('000), Australia and States"
Overnight,Intrastate,Nights,000 nights,Western Australia,WA,quarter,2022,Q3,Q3 2022,False,6966.702,Tourism Research Australia: Domestic Tourism Statistics,domestic_tourism_overnight_backcast_2019_2024.xlsx,Table 8,"Backcast Overnight Intrastate Nights ('000), Australia and States"
Overnight,Intrastate,Nights,000 nights,Western Australia,WA,quarter,2022,Q4,Q4 2022,True,7051.646,Tourism Research Australia: Domestic Tourism Statistics,domestic_tourism_overnight_backcast_2019_2024.xlsx,Table 8,"Backcast Overnight Intrastate Nights ('000), Australia and States"
Overnight,Intrastate,Nights,000 nights,Western Australia,WA,quarter,2023,Q1,Q1 2023,False,7413.898,Tourism Research Australia: Domestic Tourism Statistics,domestic_tourism_overnight_backcast_2019_2024.xlsx,Table 8,"Backcast Overnight Intrastate Nights ('000), Australia and States"
Overnight,Intrastate,Nights,000 nights,Western Australia,WA,quarter,2023,Q2,Q2 2023,False,6652.487,Tourism Research Australia: Domestic Tourism Statistics,domestic_tourism_overnight_backcast_2019_2024.xlsx,Table 8,"Backcast Overnight Intrastate Nights ('000), Australia and States"
Overnight,Intrastate,Nights,000 nights,Western Australia,WA,quarter,2023,Q3,Q3 2023,False,6550.374,Tourism Research Australia: Domestic Tourism Statistics,domestic_tourism_overnight_backcast_2019_2024.xlsx,Table 8,"Backcast Overnight Intrastate Nights ('000), Australia and States"
Overnight,Intrastate,Nights,000 nights,Western Australia,WA,quarter,2023,Q4,Q4 2023,True,6927.586,Tourism Research Australia: Domestic Tourism Statistics,domestic_tourism_overnight_backcast_2019_2024.xlsx,Table 8,"Backcast Overnight Intrastate Nights ('000), Australia and States"
Overnight,Intrastate,Nights,000 nights,Western Australia,WA,quarter,2024,Q1,Q1 2024,False,7746.452,Tourism Research Australia: Domestic Tourism Statistics,domestic_tourism_overnight_backcast_2019_2024.xlsx,Table 8,"Backcast Overnight Intrastate Nights ('000), Australia and States"
Overnight,Intrastate,Nights,000 nights,Western Australia,WA,quarter,2024,Q2,Q2 2024,False,6597.998,Tourism Research Australia: Domestic Tourism Statistics,domestic_tourism_overnight_backcast_2019_2024.xlsx,Table 8,"Backcast Overnight Intrastate Nights ('000), Australia and States"
Overnight,Intrastate,Nights,000 nights,Western Australia,WA,quarter,2024,Q3,Q3 2024,False,6644.606,Tourism Research Australia: Domestic Tourism Statistics,domestic_tourism_overnight_backcast_2019_2024.xlsx,Table 8,"Backcast Overnight Intrastate Nights ('000), Australia and States"
Overnight,Intrastate,Nights,000 nights,Western Australia,WA,quarter,2024,Q4,Q4 2024,True,6798.718,Tourism Research Australia: Domestic Tourism Statistics,domestic_tourism_overnight_backcast_2019_2024.xlsx,Table 8,"Backcast Overnight Intrastate Nights ('000), Australia and States"
Overnight,Intrastate,Nights,000 nights,Tasmania,TAS,quarter,2019,Q1,Q1 2019,False,1241.346,Tourism Research Australia: Domestic Tourism Statistics,domestic_tourism_overnight_backcast_2019_2024.xlsx,Table 8,"Backcast Overnight Intrastate Nights ('000), Australia and States"
Overnight,Intrastate,Nights,000 nights,Tasmania,TAS,quarter,2019,Q2,Q2 2019,False,924.738,Tourism Research Australia: Domestic Tourism Statistics,domestic_tourism_overnight_backcast_2019_2024.xlsx,Table 8,"Backcast Overnight Intrastate Nights ('000), Australia and States"
Overnight,Intrastate,Nights,000 nights,Tasmania,TAS,quarter,2019,Q3,Q3 2019,False,912.902,Tourism Research Australia: Domestic Tourism Statistics,domestic_tourism_overnight_backcast_2019_2024.xlsx,Table 8,"Backcast Overnight Intrastate Nights ('000), Australia and States"
Overnight,Intrastate,Nights,000 nights,Tasmania,TAS,quarter,2019,Q4,Q4 2019,True,1051.892,Tourism Research Australia: Domestic Tourism Statistics,domestic_tourism_overnight_backcast_2019_2024.xlsx,Table 8,"Backcast Overnight Intrastate Nights ('000), Australia and States"
Overnight,Intrastate,Nights,000 nights,Tasmania,TAS,quarter,2020,Q1,Q1 2020,False,1310.87,Tourism Research Australia: Domestic Tourism Statistics,domestic_tourism_overnight_backcast_2019_2024.xlsx,Table 8,"Backcast Overnight Intrastate Nights ('000), Australia and States"
Overnight,Intrastate,Nights,000 nights,Tasmania,TAS,quarter,2020,Q2,Q2 2020,False,593.405,Tourism Research Australia: Domestic Tourism Statistics,domestic_tourism_overnight_backcast_2019_2024.xlsx,Table 8,"Backcast Overnight Intrastate Nights ('000), Australia and States"
Overnight,Intrastate,Nights,000 nights,Tasmania,TAS,quarter,2020,Q3,Q3 2020,False,1156.696,Tourism Research Australia: Domestic Tourism Statistics,domestic_tourism_overnight_backcast_2019_2024.xlsx,Table 8,"Backcast Overnight Intrastate Nights ('000), Australia and States"
Overnight,Intrastate,Nights,000 nights,Tasmania,TAS,quarter,2020,Q4,Q4 2020,True,1412.187,Tourism Research Australia: Domestic Tourism Statistics,domestic_tourism_overnight_backcast_2019_2024.xlsx,Table 8,"Backcast Overnight Intrastate Nights ('000), Australia and States"
Overnight,Intrastate,Nights,000 nights,Tasmania,TAS,quarter,2021,Q1,Q1 2021,False,1504.364,Tourism Research Australia: Domestic Tourism Statistics,domestic_tourism_overnight_backcast_2019_2024.xlsx,Table 8,"Backcast Overnight Intrastate Nights ('000), Australia and States"
Overnight,Intrastate,Nights,000 nights,Tasmania,TAS,quarter,2021,Q2,Q2 2021,False,1217.872,Tourism Research Australia: Domestic Tourism Statistics,domestic_tourism_overnight_backcast_2019_2024.xlsx,Table 8,"Backcast Overnight Intrastate Nights ('000), Australia and States"
Overnight,Intrastate,Nights,000 nights,Tasmania,TAS,quarter,2021,Q3,Q3 2021,False,1187.791,Tourism Research Australia: Domestic Tourism Statistics,domestic_tourism_overnight_backcast_2019_2024.xlsx,Table 8,"Backcast Overnight Intrastate Nights ('000), Australia and States"
Overnight,Intrastate,Nights,000 nights,Tasmania,TAS,quarter,2021,Q4,Q4 2021,True,1348.77,Tourism Research Australia: Domestic Tourism Statistics,domestic_tourism_overnight_backcast_2019_2024.xlsx,Table 8,"Backcast Overnight Intrastate Nights ('000), Australia and States"
Overnight,Intrastate,Nights,000 nights,Tasmania,TAS,quarter,2022,Q1,Q1 2022,False,1557.802,Tourism Research Australia: Domestic Tourism Statistics,domestic_tourism_overnight_backcast_2019_2024.xlsx,Table 8,"Backcast Overnight Intrastate Nights ('000), Australia and States"
Overnight,Intrastate,Nights,000 nights,Tasmania,TAS,quarter,2022,Q2,Q2 2022,False,1199.771,Tourism Research Australia: Domestic Tourism Statistics,domestic_tourism_overnight_backcast_2019_2024.xlsx,Table 8,"Backcast Overnight Intrastate Nights ('000), Australia and States"
Overnight,Intrastate,Nights,000 nights,Tasmania,TAS,quarter,2022,Q3,Q3 2022,False,1058.099,Tourism Research Australia: Domestic Tourism Statistics,domestic_tourism_overnight_backcast_2019_2024.xlsx,Table 8,"Backcast Overnight Intrastate Nights ('000), Australia and States"
Overnight,Intrastate,Nights,000 nights,Tasmania,TAS,quarter,2022,Q4,Q4 2022,True,1209.306,Tourism Research Australia: Domestic Tourism Statistics,domestic_tourism_overnight_backcast_2019_2024.xlsx,Table 8,"Backcast Overnight Intrastate Nights ('000), Australia and States"
Overnight,Intrastate,Nights,000 nights,Tasmania,TAS,quarter,2023,Q1,Q1 2023,False,1485.768,Tourism Research Australia: Domestic Tourism Statistics,domestic_tourism_overnight_backcast_2019_2024.xlsx,Table 8,"Backcast Overnight Intrastate Nights ('000), Australia and States"
Overnight,Intrastate,Nights,000 nights,Tasmania,TAS,quarter,2023,Q2,Q2 2023,False,1157.961,Tourism Research Australia: Domestic Tourism Statistics,domestic_tourism_overnight_backcast_2019_2024.xlsx,Table 8,"Backcast Overnight Intrastate Nights ('000), Australia and States"
Overnight,Intrastate,Nights,000 nights,Tasmania,TAS,quarter,2023,Q3,Q3 2023,False,1073.559,Tourism Research Australia: Domestic Tourism Statistics,domestic_tourism_overnight_backcast_2019_2024.xlsx,Table 8,"Backcast Overnight Intrastate Nights ('000), Australia and States"
Overnight,Intrastate,Nights,000 nights,Tasmania,TAS,quarter,2023,Q4,Q4 2023,True,1286.571,Tourism Research Australia: Domestic Tourism Statistics,domestic_tourism_overnight_backcast_2019_2024.xlsx,Table 8,"Backcast Overnight Intrastate Nights ('000), Australia and States"
Overnight,Intrastate,Nights,000 nights,Tasmania,TAS,quarter,2024,Q1,Q1 2024,False,1579.971,Tourism Research Australia: Domestic Tourism Statistics,domestic_tourism_overnight_backcast_2019_2024.xlsx,Table 8,"Backcast Overnight Intrastate Nights ('000), Australia and States"
Overnight,Intrastate,Nights,000 nights,Tasmania,TAS,quarter,2024,Q2,Q2 2024,False,1257.399,Tourism Research Australia: Domestic Tourism Statistics,domestic_tourism_overnight_backcast_2019_2024.xlsx,Table 8,"Backcast Overnight Intrastate Nights ('000), Australia and States"
Overnight,Intrastate,Nights,000 nights,Tasmania,TAS,quarter,2024,Q3,Q3 2024,False,1125.761,Tourism Research Australia: Domestic Tourism Statistics,domestic_tourism_overnight_backcast_2019_2024.xlsx,Table 8,"Backcast Overnight Intrastate Nights ('000), Australia and States"
Overnight,Intrastate,Nights,000 nights,Tasmania,TAS,quarter,2024,Q4,Q4 2024,True,1302.092,Tourism Research Australia: Domestic Tourism Statistics,domestic_tourism_overnight_backcast_2019_2024.xlsx,Table 8,"Backcast Overnight Intrastate Nights ('000), Australia and States"
Overnight,Intrastate,Nights,000 nights,Northern Territory,NT,quarter,2019,Q1,Q1 2019,False,181.477,Tourism Research Australia: Domestic Tourism Statistics,domestic_tourism_overnight_backcast_2019_2024.xlsx,Table 8,"Backcast Overnight Intrastate Nights ('000), Australia and States"
Overnight,Intrastate,Nights,000 nights,Northern Territory,NT,quarter,2019,Q2,Q2 2019,False,179.948,Tourism Research Australia: Domestic Tourism Statistics,domestic_tourism_overnight_backcast_2019_2024.xlsx,Table 8,"Backcast Overnight Intrastate Nights ('000), Australia and States"
Overnight,Intrastate,Nights,000 nights,Northern Territory,NT,quarter,2019,Q3,Q3 2019,False,185.906,Tourism Research Australia: Domestic Tourism Statistics,domestic_tourism_overnight_backcast_2019_2024.xlsx,Table 8,"Backcast Overnight Intrastate Nights ('000), Australia and States"
Overnight,Intrastate,Nights,000 nights,Northern Territory,NT,quarter,2019,Q4,Q4 2019,True,159.053,Tourism Research Australia: Domestic Tourism Statistics,domestic_tourism_overnight_backcast_2019_2024.xlsx,Table 8,"Backcast Overnight Intrastate Nights ('000), Australia and States"
Overnight,Intrastate,Nights,000 nights,Northern Territory,NT,quarter,2020,Q1,Q1 2020,False,156.245,Tourism Research Australia: Domestic Tourism Statistics,domestic_tourism_overnight_backcast_2019_2024.xlsx,Table 8,"Backcast Overnight Intrastate Nights ('000), Australia and States"
Overnight,Intrastate,Nights,000 nights,Northern Territory,NT,quarter,2020,Q2,Q2 2020,False,155.918,Tourism Research Australia: Domestic Tourism Statistics,domestic_tourism_overnight_backcast_2019_2024.xlsx,Table 8,"Backcast Overnight Intrastate Nights ('000), Australia and States"
Overnight,Intrastate,Nights,000 nights,Northern Territory,NT,quarter,2020,Q3,Q3 2020,False,277.428,Tourism Research Australia: Domestic Tourism Statistics,domestic_tourism_overnight_backcast_2019_2024.xlsx,Table 8,"Backcast Overnight Intrastate Nights ('000), Australia and States"
Overnight,Intrastate,Nights,000 nights,Northern Territory,NT,quarter,2020,Q4,Q4 2020,True,214.752,Tourism Research Australia: Domestic Tourism Statistics,domestic_tourism_overnight_backcast_2019_2024.xlsx,Table 8,"Backcast Overnight Intrastate Nights ('000), Australia and States"
Overnight,Intrastate,Nights,000 nights,Northern Territory,NT,quarter,2021,Q1,Q1 2021,False,213.806,Tourism Research Australia: Domestic Tourism Statistics,domestic_tourism_overnight_backcast_2019_2024.xlsx,Table 8,"Backcast Overnight Intrastate Nights ('000), Australia and States"
Overnight,Intrastate,Nights,000 nights,Northern Territory,NT,quarter,2021,Q2,Q2 2021,False,255.014,Tourism Research Australia: Domestic Tourism Statistics,domestic_tourism_overnight_backcast_2019_2024.xlsx,Table 8,"Backcast Overnight Intrastate Nights ('000), Australia and States"
Overnight,Intrastate,Nights,000 nights,Northern Territory,NT,quarter,2021,Q3,Q3 2021,False,258.102,Tourism Research Australia: Domestic Tourism Statistics,domestic_tourism_overnight_backcast_2019_2024.xlsx,Table 8,"Backcast Overnight Intrastate Nights ('000), Australia and States"
Overnight,Intrastate,Nights,000 nights,Northern Territory,NT,quarter,2021,Q4,Q4 2021,True,214.646,Tourism Research Australia: Domestic Tourism Statistics,domestic_tourism_overnight_backcast_2019_2024.xlsx,Table 8,"Backcast Overnight Intrastate Nights ('000), Australia and States"
Overnight,Intrastate,Nights,000 nights,Northern Territory,NT,quarter,2022,Q1,Q1 2022,False,208.366,Tourism Research Australia: Domestic Tourism Statistics,domestic_tourism_overnight_backcast_2019_2024.xlsx,Table 8,"Backcast Overnight Intrastate Nights ('000), Australia and States"
Overnight,Intrastate,Nights,000 nights,Northern Territory,NT,quarter,2022,Q2,Q2 2022,False,236.531,Tourism Research Australia: Domestic Tourism Statistics,domestic_tourism_overnight_backcast_2019_2024.xlsx,Table 8,"Backcast Overnight Intrastate Nights ('000), Australia and States"
Overnight,Intrastate,Nights,000 nights,Northern Territory,NT,quarter,2022,Q3,Q3 2022,False,250.235,Tourism Research Australia: Domestic Tourism Statistics,domestic_tourism_overnight_backcast_2019_2024.xlsx,Table 8,"Backcast Overnight Intrastate Nights ('000), Australia and States"
Overnight,Intrastate,Nights,000 nights,Northern Territory,NT,quarter,2022,Q4,Q4 2022,True,209.222,Tourism Research Australia: Domestic Tourism Statistics,domestic_tourism_overnight_backcast_2019_2024.xlsx,Table 8,"Backcast Overnight Intrastate Nights ('000), Australia and States"
Overnight,Intrastate,Nights,000 nights,Northern Territory,NT,quarter,2023,Q1,Q1 2023,False,204.463,Tourism Research Australia: Domestic Tourism Statistics,domestic_tourism_overnight_backcast_2019_2024.xlsx,Table 8,"Backcast Overnight Intrastate Nights ('000), Australia and States"
Overnight,Intrastate,Nights,000 nights,Northern Territory,NT,quarter,2023,Q2,Q2 2023,False,241.457,Tourism Research Australia: Domestic Tourism Statistics,domestic_tourism_overnight_backcast_2019_2024.xlsx,Table 8,"Backcast Overnight Intrastate Nights ('000), Australia and States"
Overnight,Intrastate,Nights,000 nights,Northern Territory,NT,quarter,2023,Q3,Q3 2023,False,263.553,Tourism Research Australia: Domestic Tourism Statistics,domestic_tourism_overnight_backcast_2019_2024.xlsx,Table 8,"Backcast Overnight Intrastate Nights ('000), Australia and States"
Overnight,Intrastate,Nights,000 nights,Northern Territory,NT,quarter,2023,Q4,Q4 2023,True,195.452,Tourism Research Australia: Domestic Tourism Statistics,domestic_tourism_overnight_backcast_2019_2024.xlsx,Table 8,"Backcast Overnight Intrastate Nights ('000), Australia and States"
Overnight,Intrastate,Nights,000 nights,Northern Territory,NT,quarter,2024,Q1,Q1 2024,False,199.448,Tourism Research Australia: Domestic Tourism Statistics,domestic_tourism_overnight_backcast_2019_2024.xlsx,Table 8,"Backcast Overnight Intrastate Nights ('000), Australia and States"
Overnight,Intrastate,Nights,000 nights,Northern Territory,NT,quarter,2024,Q2,Q2 2024,False,222.483,Tourism Research Australia: Domestic Tourism Statistics,domestic_tourism_overnight_backcast_2019_2024.xlsx,Table 8,"Backcast Overnight Intrastate Nights ('000), Australia and States"
Overnight,Intrastate,Nights,000 nights,Northern Territory,NT,quarter,2024,Q3,Q3 2024,False,256.946,Tourism Research Australia: Domestic Tourism Statistics,domestic_tourism_overnight_backcast_2019_2024.xlsx,Table 8,"Backcast Overnight Intrastate Nights ('000), Australia and States"
Overnight,Intrastate,Nights,000 nights,Northern Territory,NT,quarter,2024,Q4,Q4 2024,True,267.308,Tourism Research Australia: Domestic Tourism Statistics,domestic_tourism_overnight_backcast_2019_2024.xlsx,Table 8,"Backcast Overnight Intrastate Nights ('000), Australia and States"
Overnight,Intrastate,Nights,000 nights,ACT,ACT,quarter,2019,Q1,Q1 2019,False,180.784,Tourism Research Australia: Domestic Tourism Statistics,domestic_tourism_overnight_backcast_2019_2024.xlsx,Table 8,"Backcast Overnight Intrastate Nights ('000), Australia and States"
Overnight,Intrastate,Nights,000 nights,ACT,ACT,quarter,2019,Q2,Q2 2019,False,62.576,Tourism Research Australia: Domestic Tourism Statistics,domestic_tourism_overnight_backcast_2019_2024.xlsx,Table 8,"Backcast Overnight Intrastate Nights ('000), Australia and States"
Overnight,Intrastate,Nights,000 nights,ACT,ACT,quarter,2019,Q3,Q3 2019,False,78.201,Tourism Research Australia: Domestic Tourism Statistics,domestic_tourism_overnight_backcast_2019_2024.xlsx,Table 8,"Backcast Overnight Intrastate Nights ('000), Australia and States"
Overnight,Intrastate,Nights,000 nights,ACT,ACT,quarter,2019,Q4,Q4 2019,True,76.785,Tourism Research Australia: Domestic Tourism Statistics,domestic_tourism_overnight_backcast_2019_2024.xlsx,Table 8,"Backcast Overnight Intrastate Nights ('000), Australia and States"
Overnight,Intrastate,Nights,000 nights,ACT,ACT,quarter,2020,Q1,Q1 2020,False,79.888,Tourism Research Australia: Domestic Tourism Statistics,domestic_tourism_overnight_backcast_2019_2024.xlsx,Table 8,"Backcast Overnight Intrastate Nights ('000), Australia and States"
Overnight,Intrastate,Nights,000 nights,ACT,ACT,quarter,2020,Q2,Q2 2020,False,37.664,Tourism Research Australia: Domestic Tourism Statistics,domestic_tourism_overnight_backcast_2019_2024.xlsx,Table 8,"Backcast Overnight Intrastate Nights ('000), Australia and States"
Overnight,Intrastate,Nights,000 nights,ACT,ACT,quarter,2020,Q3,Q3 2020,False,46.453,Tourism Research Australia: Domestic Tourism Statistics,domestic_tourism_overnight_backcast_2019_2024.xlsx,Table 8,"Backcast Overnight Intrastate Nights ('000), Australia and States"
Overnight,Intrastate,Nights,000 nights,ACT,ACT,quarter,2020,Q4,Q4 2020,True,63.373,Tourism Research Australia: Domestic Tourism Statistics,domestic_tourism_overnight_backcast_2019_2024.xlsx,Table 8,"Backcast Overnight Intrastate Nights ('000), Australia and States"
Overnight,Intrastate,Nights,000 nights,ACT,ACT,quarter,2021,Q1,Q1 2021,False,73.813,Tourism Research Australia: Domestic Tourism Statistics,domestic_tourism_overnight_backcast_2019_2024.xlsx,Table 8,"Backcast Overnight Intrastate Nights ('000), Australia and States"
Overnight,Intrastate,Nights,000 nights,ACT,ACT,quarter,2021,Q2,Q2 2021,False,67.22,Tourism Research Australia: Domestic Tourism Statistics,domestic_tourism_overnight_backcast_2019_2024.xlsx,Table 8,"Backcast Overnight Intrastate Nights ('000), Australia and States"
Overnight,Intrastate,Nights,000 nights,ACT,ACT,quarter,2021,Q3,Q3 2021,False,21.804,Tourism Research Australia: Domestic Tourism Statistics,domestic_tourism_overnight_backcast_2019_2024.xlsx,Table 8,"Backcast Overnight Intrastate Nights ('000), Australia and States"
Overnight,Intrastate,Nights,000 nights,ACT,ACT,quarter,2021,Q4,Q4 2021,True,46.406,Tourism Research Australia: Domestic Tourism Statistics,domestic_tourism_overnight_backcast_2019_2024.xlsx,Table 8,"Backcast Overnight Intrastate Nights ('000), Australia and States"
Overnight,Intrastate,Nights,000 nights,ACT,ACT,quarter,2022,Q1,Q1 2022,False,75.484,Tourism Research Australia: Domestic Tourism Statistics,domestic_tourism_overnight_backcast_2019_2024.xlsx,Table 8,"Backcast Overnight Intrastate Nights ('000), Australia and States"
Overnight,Intrastate,Nights,000 nights,ACT,ACT,quarter,2022,Q2,Q2 2022,False,65.618,Tourism Research Australia: Domestic Tourism Statistics,domestic_tourism_overnight_backcast_2019_2024.xlsx,Table 8,"Backcast Overnight Intrastate Nights ('000), Australia and States"
Overnight,Intrastate,Nights,000 nights,ACT,ACT,quarter,2022,Q3,Q3 2022,False,66.456,Tourism Research Australia: Domestic Tourism Statistics,domestic_tourism_overnight_backcast_2019_2024.xlsx,Table 8,"Backcast Overnight Intrastate Nights ('000), Australia and States"
Overnight,Intrastate,Nights,000 nights,ACT,ACT,quarter,2022,Q4,Q4 2022,True,76.296,Tourism Research Australia: Domestic Tourism Statistics,domestic_tourism_overnight_backcast_2019_2024.xlsx,Table 8,"Backcast Overnight Intrastate Nights ('000), Australia and States"
Overnight,Intrastate,Nights,000 nights,ACT,ACT,quarter,2023,Q1,Q1 2023,False,79.558,Tourism Research Australia: Domestic Tourism Statistics,domestic_tourism_overnight_backcast_2019_2024.xlsx,Table 8,"Backcast Overnight Intrastate Nights ('000), Australia and States"
Overnight,Intrastate,Nights,000 nights,ACT,ACT,quarter,2023,Q2,Q2 2023,False,75.193,Tourism Research Australia: Domestic Tourism Statistics,domestic_tourism_overnight_backcast_2019_2024.xlsx,Table 8,"Backcast Overnight Intrastate Nights ('000), Australia and States"
Overnight,Intrastate,Nights,000 nights,ACT,ACT,quarter,2023,Q3,Q3 2023,False,76.164,Tourism Research Australia: Domestic Tourism Statistics,domestic_tourism_overnight_backcast_2019_2024.xlsx,Table 8,"Backcast Overnight Intrastate Nights ('000), Australia and States"
Overnight,Intrastate,Nights,000 nights,ACT,ACT,quarter,2023,Q4,Q4 2023,True,81.371,Tourism Research Australia: Domestic Tourism Statistics,domestic_tourism_overnight_backcast_2019_2024.xlsx,Table 8,"Backcast Overnight Intrastate Nights ('000), Australia and States"
Overnight,Intrastate,Nights,000 nights,ACT,ACT,quarter,2024,Q1,Q1 2024,False,99.223,Tourism Research Australia: Domestic Tourism Statistics,domestic_tourism_overnight_backcast_2019_2024.xlsx,Table 8,"Backcast Overnight Intrastate Nights ('000), Australia and States"
Overnight,Intrastate,Nights,000 nights,ACT,ACT,quarter,2024,Q2,Q2 2024,False,71.468,Tourism Research Australia: Domestic Tourism Statistics,domestic_tourism_overnight_backcast_2019_2024.xlsx,Table 8,"Backcast Overnight Intrastate Nights ('000), Australia and States"
Overnight,Intrastate,Nights,000 nights,ACT,ACT,quarter,2024,Q3,Q3 2024,False,67.202,Tourism Research Australia: Domestic Tourism Statistics,domestic_tourism_overnight_backcast_2019_2024.xlsx,Table 8,"Backcast Overnight Intrastate Nights ('000), Australia and States"
Overnight,Intrastate,Nights,000 nights,ACT,ACT,quarter,2024,Q4,Q4 2024,True,78.741,Tourism Research Australia: Domestic Tourism Statistics,domestic_tourism_overnight_backcast_2019_2024.xlsx,Table 8,"Backcast Overnight Intrastate Nights ('000), Australia and States"
Overnight,Intrastate,Spend,AUD millions,Australia,AUS,quarter,2019,Q1,Q1 2019,False,10543.115,Tourism Research Australia: Domestic Tourism Statistics,domestic_tourism_overnight_backcast_2019_2024.xlsx,Table 9,"Backcast Overnight Intrastate Spend ($M), Australia and States"
Overnight,Intrastate,Spend,AUD millions,Australia,AUS,quarter,2019,Q2,Q2 2019,False,9044.904,Tourism Research Australia: Domestic Tourism Statistics,domestic_tourism_overnight_backcast_2019_2024.xlsx,Table 9,"Backcast Overnight Intrastate Spend ($M), Australia and States"
Overnight,Intrastate,Spend,AUD millions,Australia,AUS,quarter,2019,Q3,Q3 2019,False,8769.451,Tourism Research Australia: Domestic Tourism Statistics,domestic_tourism_overnight_backcast_2019_2024.xlsx,Table 9,"Backcast Overnight Intrastate Spend ($M), Australia and States"
Overnight,Intrastate,Spend,AUD millions,Australia,AUS,quarter,2019,Q4,Q4 2019,True,9625.22,Tourism Research Australia: Domestic Tourism Statistics,domestic_tourism_overnight_backcast_2019_2024.xlsx,Table 9,"Backcast Overnight Intrastate Spend ($M), Australia and States"
Overnight,Intrastate,Spend,AUD millions,Australia,AUS,quarter,2020,Q1,Q1 2020,False,10842.415,Tourism Research Australia: Domestic Tourism Statistics,domestic_tourism_overnight_backcast_2019_2024.xlsx,Table 9,"Backcast Overnight Intrastate Spend ($M), Australia and States"
Overnight,Intrastate,Spend,AUD millions,Australia,AUS,quarter,2020,Q2,Q2 2020,False,3460.165,Tourism Research Australia: Domestic Tourism Statistics,domestic_tourism_overnight_backcast_2019_2024.xlsx,Table 9,"Backcast Overnight Intrastate Spend ($M), Australia and States"
Overnight,Intrastate,Spend,AUD millions,Australia,AUS,quarter,2020,Q3,Q3 2020,False,8491.221,Tourism Research Australia: Domestic Tourism Statistics,domestic_tourism_overnight_backcast_2019_2024.xlsx,Table 9,"Backcast Overnight Intrastate Spend ($M), Australia and States"
Overnight,Intrastate,Spend,AUD millions,Australia,AUS,quarter,2020,Q4,Q4 2020,True,11608.502,Tourism Research Australia: Domestic Tourism Statistics,domestic_tourism_overnight_backcast_2019_2024.xlsx,Table 9,"Backcast Overnight Intrastate Spend ($M), Australia and States"
Overnight,Intrastate,Spend,AUD millions,Australia,AUS,quarter,2021,Q1,Q1 2021,False,12432.406,Tourism Research Australia: Domestic Tourism Statistics,domestic_tourism_overnight_backcast_2019_2024.xlsx,Table 9,"Backcast Overnight Intrastate Spend ($M), Australia and States"
Overnight,Intrastate,Spend,AUD millions,Australia,AUS,quarter,2021,Q2,Q2 2021,False,11591.651,Tourism Research Australia: Domestic Tourism Statistics,domestic_tourism_overnight_backcast_2019_2024.xlsx,Table 9,"Backcast Overnight Intrastate Spend ($M), Australia and States"
Overnight,Intrastate,Spend,AUD millions,Australia,AUS,quarter,2021,Q3,Q3 2021,False,7557.237,Tourism Research Australia: Domestic Tourism Statistics,domestic_tourism_overnight_backcast_2019_2024.xlsx,Table 9,"Backcast Overnight Intrastate Spend ($M), Australia and States"
Overnight,Intrastate,Spend,AUD millions,Australia,AUS,quarter,2021,Q4,Q4 2021,True,12348.875,Tourism Research Australia: Domestic Tourism Statistics,domestic_tourism_overnight_backcast_2019_2024.xlsx,Table 9,"Backcast Overnight Intrastate Spend ($M), Australia and States"
Overnight,Intrastate,Spend,AUD millions,Australia,AUS,quarter,2022,Q1,Q1 2022,False,14523.802,Tourism Research Australia: Domestic Tourism Statistics,domestic_tourism_overnight_backcast_2019_2024.xlsx,Table 9,"Backcast Overnight Intrastate Spend ($M), Australia and States"
Overnight,Intrastate,Spend,AUD millions,Australia,AUS,quarter,2022,Q2,Q2 2022,False,13667.774,Tourism Research Australia: Domestic Tourism Statistics,domestic_tourism_overnight_backcast_2019_2024.xlsx,Table 9,"Backcast Overnight Intrastate Spend ($M), Australia and States"
Overnight,Intrastate,Spend,AUD millions,Australia,AUS,quarter,2022,Q3,Q3 2022,False,13833.723,Tourism Research Australia: Domestic Tourism Statistics,domestic_tourism_overnight_backcast_2019_2024.xlsx,Table 9,"Backcast Overnight Intrastate Spend ($M), Australia and States"
Overnight,Intrastate,Spend,AUD millions,Australia,AUS,quarter,2022,Q4,Q4 2022,True,15141.06,Tourism Research Australia: Domestic Tourism Statistics,domestic_tourism_overnight_backcast_2019_2024.xlsx,Table 9,"Backcast Overnight Intrastate Spend ($M), Australia and States"
Overnight,Intrastate,Spend,AUD millions,Australia,AUS,quarter,2023,Q1,Q1 2023,False,15856.927,Tourism Research Australia: Domestic Tourism Statistics,domestic_tourism_overnight_backcast_2019_2024.xlsx,Table 9,"Backcast Overnight Intrastate Spend ($M), Australia and States"
Overnight,Intrastate,Spend,AUD millions,Australia,AUS,quarter,2023,Q2,Q2 2023,False,13999.87,Tourism Research Australia: Domestic Tourism Statistics,domestic_tourism_overnight_backcast_2019_2024.xlsx,Table 9,"Backcast Overnight Intrastate Spend ($M), Australia and States"
Overnight,Intrastate,Spend,AUD millions,Australia,AUS,quarter,2023,Q3,Q3 2023,False,14249.668,Tourism Research Australia: Domestic Tourism Statistics,domestic_tourism_overnight_backcast_2019_2024.xlsx,Table 9,"Backcast Overnight Intrastate Spend ($M), Australia and States"
Overnight,Intrastate,Spend,AUD millions,Australia,AUS,quarter,2023,Q4,Q4 2023,True,16424.574,Tourism Research Australia: Domestic Tourism Statistics,domestic_tourism_overnight_backcast_2019_2024.xlsx,Table 9,"Backcast Overnight Intrastate Spend ($M), Australia and States"
Overnight,Intrastate,Spend,AUD millions,Australia,AUS,quarter,2024,Q1,Q1 2024,False,16424.821,Tourism Research Australia: Domestic Tourism Statistics,domestic_tourism_overnight_backcast_2019_2024.xlsx,Table 9,"Backcast Overnight Intrastate Spend ($M), Australia and States"
Overnight,Intrastate,Spend,AUD millions,Australia,AUS,quarter,2024,Q2,Q2 2024,False,14134.157,Tourism Research Australia: Domestic Tourism Statistics,domestic_tourism_overnight_backcast_2019_2024.xlsx,Table 9,"Backcast Overnight Intrastate Spend ($M), Australia and States"
Overnight,Intrastate,Spend,AUD millions,Australia,AUS,quarter,2024,Q3,Q3 2024,False,14183.77,Tourism Research Australia: Domestic Tourism Statistics,domestic_tourism_overnight_backcast_2019_2024.xlsx,Table 9,"Backcast Overnight Intrastate Spend ($M), Australia and States"
Overnight,Intrastate,Spend,AUD millions,Australia,AUS,quarter,2024,Q4,Q4 2024,True,16235.596,Tourism Research Australia: Domestic Tourism Statistics,domestic_tourism_overnight_backcast_2019_2024.xlsx,Table 9,"Backcast Overnight Intrastate Spend ($M), Australia and States"
Overnight,Intrastate,Spend,AUD millions,New South Wales,NSW,quarter,2019,Q1,Q1 2019,False,3586.309,Tourism Research Australia: Domestic Tourism Statistics,domestic_tourism_overnight_backcast_2019_2024.xlsx,Table 9,"Backcast Overnight Intrastate Spend ($M), Australia and States"
Overnight,Intrastate,Spend,AUD millions,New South Wales,NSW,quarter,2019,Q2,Q2 2019,False,3167.705,Tourism Research Australia: Domestic Tourism Statistics,domestic_tourism_overnight_backcast_2019_2024.xlsx,Table 9,"Backcast Overnight Intrastate Spend ($M), Australia and States"
Overnight,Intrastate,Spend,AUD millions,New South Wales,NSW,quarter,2019,Q3,Q3 2019,False,3042.834,Tourism Research Australia: Domestic Tourism Statistics,domestic_tourism_overnight_backcast_2019_2024.xlsx,Table 9,"Backcast Overnight Intrastate Spend ($M), Australia and States"
Overnight,Intrastate,Spend,AUD millions,New South Wales,NSW,quarter,2019,Q4,Q4 2019,True,3308.948,Tourism Research Australia: Domestic Tourism Statistics,domestic_tourism_overnight_backcast_2019_2024.xlsx,Table 9,"Backcast Overnight Intrastate Spend ($M), Australia and States"
Overnight,Intrastate,Spend,AUD millions,New South Wales,NSW,quarter,2020,Q1,Q1 2020,False,3325.635,Tourism Research Australia: Domestic Tourism Statistics,domestic_tourism_overnight_backcast_2019_2024.xlsx,Table 9,"Backcast Overnight Intrastate Spend ($M), Australia and States"
Overnight,Intrastate,Spend,AUD millions,New South Wales,NSW,quarter,2020,Q2,Q2 2020,False,1084.626,Tourism Research Australia: Domestic Tourism Statistics,domestic_tourism_overnight_backcast_2019_2024.xlsx,Table 9,"Backcast Overnight Intrastate Spend ($M), Australia and States"
Overnight,Intrastate,Spend,AUD millions,New South Wales,NSW,quarter,2020,Q3,Q3 2020,False,2997.768,Tourism Research Australia: Domestic Tourism Statistics,domestic_tourism_overnight_backcast_2019_2024.xlsx,Table 9,"Backcast Overnight Intrastate Spend ($M), Australia and States"
Overnight,Intrastate,Spend,AUD millions,New South Wales,NSW,quarter,2020,Q4,Q4 2020,True,3973.122,Tourism Research Australia: Domestic Tourism Statistics,domestic_tourism_overnight_backcast_2019_2024.xlsx,Table 9,"Backcast Overnight Intrastate Spend ($M), Australia and States"
Overnight,Intrastate,Spend,AUD millions,New South Wales,NSW,quarter,2021,Q1,Q1 2021,False,3881.015,Tourism Research Australia: Domestic Tourism Statistics,domestic_tourism_overnight_backcast_2019_2024.xlsx,Table 9,"Backcast Overnight Intrastate Spend ($M), Australia and States"
Overnight,Intrastate,Spend,AUD millions,New South Wales,NSW,quarter,2021,Q2,Q2 2021,False,4116.269,Tourism Research Australia: Domestic Tourism Statistics,domestic_tourism_overnight_backcast_2019_2024.xlsx,Table 9,"Backcast Overnight Intrastate Spend ($M), Australia and States"
Overnight,Intrastate,Spend,AUD millions,New South Wales,NSW,quarter,2021,Q3,Q3 2021,False,792.187,Tourism Research Australia: Domestic Tourism Statistics,domestic_tourism_overnight_backcast_2019_2024.xlsx,Table 9,"Backcast Overnight Intrastate Spend ($M), Australia and States"
Overnight,Intrastate,Spend,AUD millions,New South Wales,NSW,quarter,2021,Q4,Q4 2021,True,2983.104,Tourism Research Australia: Domestic Tourism Statistics,domestic_tourism_overnight_backcast_2019_2024.xlsx,Table 9,"Backcast Overnight Intrastate Spend ($M), Australia and States"
Overnight,Intrastate,Spend,AUD millions,New South Wales,NSW,quarter,2022,Q1,Q1 2022,False,4845.067,Tourism Research Australia: Domestic Tourism Statistics,domestic_tourism_overnight_backcast_2019_2024.xlsx,Table 9,"Backcast Overnight Intrastate Spend ($M), Australia and States"
Overnight,Intrastate,Spend,AUD millions,New South Wales,NSW,quarter,2022,Q2,Q2 2022,False,4496.187,Tourism Research Australia: Domestic Tourism Statistics,domestic_tourism_overnight_backcast_2019_2024.xlsx,Table 9,"Backcast Overnight Intrastate Spend ($M), Australia and States"
Overnight,Intrastate,Spend,AUD millions,New South Wales,NSW,quarter,2022,Q3,Q3 2022,False,4608.972,Tourism Research Australia: Domestic Tourism Statistics,domestic_tourism_overnight_backcast_2019_2024.xlsx,Table 9,"Backcast Overnight Intrastate Spend ($M), Australia and States"
Overnight,Intrastate,Spend,AUD millions,New South Wales,NSW,quarter,2022,Q4,Q4 2022,True,5089.486,Tourism Research Australia: Domestic Tourism Statistics,domestic_tourism_overnight_backcast_2019_2024.xlsx,Table 9,"Backcast Overnight Intrastate Spend ($M), Australia and States"
Overnight,Intrastate,Spend,AUD millions,New South Wales,NSW,quarter,2023,Q1,Q1 2023,False,5184.815,Tourism Research Australia: Domestic Tourism Statistics,domestic_tourism_overnight_backcast_2019_2024.xlsx,Table 9,"Backcast Overnight Intrastate Spend ($M), Australia and States"
Overnight,Intrastate,Spend,AUD millions,New South Wales,NSW,quarter,2023,Q2,Q2 2023,False,4536.619,Tourism Research Australia: Domestic Tourism Statistics,domestic_tourism_overnight_backcast_2019_2024.xlsx,Table 9,"Backcast Overnight Intrastate Spend ($M), Australia and States"
Overnight,Intrastate,Spend,AUD millions,New South Wales,NSW,quarter,2023,Q3,Q3 2023,False,4465.203,Tourism Research Australia: Domestic Tourism Statistics,domestic_tourism_overnight_backcast_2019_2024.xlsx,Table 9,"Backcast Overnight Intrastate Spend ($M), Australia and States"
Overnight,Intrastate,Spend,AUD millions,New South Wales,NSW,quarter,2023,Q4,Q4 2023,True,5307.809,Tourism Research Australia: Domestic Tourism Statistics,domestic_tourism_overnight_backcast_2019_2024.xlsx,Table 9,"Backcast Overnight Intrastate Spend ($M), Australia and States"
Overnight,Intrastate,Spend,AUD millions,New South Wales,NSW,quarter,2024,Q1,Q1 2024,False,5287.486,Tourism Research Australia: Domestic Tourism Statistics,domestic_tourism_overnight_backcast_2019_2024.xlsx,Table 9,"Backcast Overnight Intrastate Spend ($M), Australia and States"
Overnight,Intrastate,Spend,AUD millions,New South Wales,NSW,quarter,2024,Q2,Q2 2024,False,4282.961,Tourism Research Australia: Domestic Tourism Statistics,domestic_tourism_overnight_backcast_2019_2024.xlsx,Table 9,"Backcast Overnight Intrastate Spend ($M), Australia and States"
Overnight,Intrastate,Spend,AUD millions,New South Wales,NSW,quarter,2024,Q3,Q3 2024,False,4600.886,Tourism Research Australia: Domestic Tourism Statistics,domestic_tourism_overnight_backcast_2019_2024.xlsx,Table 9,"Backcast Overnight Intrastate Spend ($M), Australia and States"
Overnight,Intrastate,Spend,AUD millions,New South Wales,NSW,quarter,2024,Q4,Q4 2024,True,5573.782,Tourism Research Australia: Domestic Tourism Statistics,domestic_tourism_overnight_backcast_2019_2024.xlsx,Table 9,"Backcast Overnight Intrastate Spend ($M), Australia and States"
Overnight,Intrastate,Spend,AUD millions,Victoria,VIC,quarter,2019,Q1,Q1 2019,False,2402.458,Tourism Research Australia: Domestic Tourism Statistics,domestic_tourism_overnight_backcast_2019_2024.xlsx,Table 9,"Backcast Overnight Intrastate Spend ($M), Australia and States"
Overnight,Intrastate,Spend,AUD millions,Victoria,VIC,quarter,2019,Q2,Q2 2019,False,1906.521,Tourism Research Australia: Domestic Tourism Statistics,domestic_tourism_overnight_backcast_2019_2024.xlsx,Table 9,"Backcast Overnight Intrastate Spend ($M), Australia and States"
Overnight,Intrastate,Spend,AUD millions,Victoria,VIC,quarter,2019,Q3,Q3 2019,False,2091.647,Tourism Research Australia: Domestic Tourism Statistics,domestic_tourism_overnight_backcast_2019_2024.xlsx,Table 9,"Backcast Overnight Intrastate Spend ($M), Australia and States"
Overnight,Intrastate,Spend,AUD millions,Victoria,VIC,quarter,2019,Q4,Q4 2019,True,2120.783,Tourism Research Australia: Domestic Tourism Statistics,domestic_tourism_overnight_backcast_2019_2024.xlsx,Table 9,"Backcast Overnight Intrastate Spend ($M), Australia and States"
Overnight,Intrastate,Spend,AUD millions,Victoria,VIC,quarter,2020,Q1,Q1 2020,False,2573.154,Tourism Research Australia: Domestic Tourism Statistics,domestic_tourism_overnight_backcast_2019_2024.xlsx,Table 9,"Backcast Overnight Intrastate Spend ($M), Australia and States"
Overnight,Intrastate,Spend,AUD millions,Victoria,VIC,quarter,2020,Q2,Q2 2020,False,617.454,Tourism Research Australia: Domestic Tourism Statistics,domestic_tourism_overnight_backcast_2019_2024.xlsx,Table 9,"Backcast Overnight Intrastate Spend ($M), Australia and States"
Overnight,Intrastate,Spend,AUD millions,Victoria,VIC,quarter,2020,Q3,Q3 2020,False,604.551,Tourism Research Australia: Domestic Tourism Statistics,domestic_tourism_overnight_backcast_2019_2024.xlsx,Table 9,"Backcast Overnight Intrastate Spend ($M), Australia and States"
Overnight,Intrastate,Spend,AUD millions,Victoria,VIC,quarter,2020,Q4,Q4 2020,True,1692.149,Tourism Research Australia: Domestic Tourism Statistics,domestic_tourism_overnight_backcast_2019_2024.xlsx,Table 9,"Backcast Overnight Intrastate Spend ($M), Australia and States"
Overnight,Intrastate,Spend,AUD millions,Victoria,VIC,quarter,2021,Q1,Q1 2021,False,2859.227,Tourism Research Australia: Domestic Tourism Statistics,domestic_tourism_overnight_backcast_2019_2024.xlsx,Table 9,"Backcast Overnight Intrastate Spend ($M), Australia and States"
Overnight,Intrastate,Spend,AUD millions,Victoria,VIC,quarter,2021,Q2,Q2 2021,False,2222.872,Tourism Research Australia: Domestic Tourism Statistics,domestic_tourism_overnight_backcast_2019_2024.xlsx,Table 9,"Backcast Overnight Intrastate Spend ($M), Australia and States"
Overnight,Intrastate,Spend,AUD millions,Victoria,VIC,quarter,2021,Q3,Q3 2021,False,1349.085,Tourism Research Australia: Domestic Tourism Statistics,domestic_tourism_overnight_backcast_2019_2024.xlsx,Table 9,"Backcast Overnight Intrastate Spend ($M), Australia and States"
Overnight,Intrastate,Spend,AUD millions,Victoria,VIC,quarter,2021,Q4,Q4 2021,True,2333.599,Tourism Research Australia: Domestic Tourism Statistics,domestic_tourism_overnight_backcast_2019_2024.xlsx,Table 9,"Backcast Overnight Intrastate Spend ($M), Australia and States"
Overnight,Intrastate,Spend,AUD millions,Victoria,VIC,quarter,2022,Q1,Q1 2022,False,3507.531,Tourism Research Australia: Domestic Tourism Statistics,domestic_tourism_overnight_backcast_2019_2024.xlsx,Table 9,"Backcast Overnight Intrastate Spend ($M), Australia and States"
Overnight,Intrastate,Spend,AUD millions,Victoria,VIC,quarter,2022,Q2,Q2 2022,False,2920.793,Tourism Research Australia: Domestic Tourism Statistics,domestic_tourism_overnight_backcast_2019_2024.xlsx,Table 9,"Backcast Overnight Intrastate Spend ($M), Australia and States"
Overnight,Intrastate,Spend,AUD millions,Victoria,VIC,quarter,2022,Q3,Q3 2022,False,3188.847,Tourism Research Australia: Domestic Tourism Statistics,domestic_tourism_overnight_backcast_2019_2024.xlsx,Table 9,"Backcast Overnight Intrastate Spend ($M), Australia and States"
Overnight,Intrastate,Spend,AUD millions,Victoria,VIC,quarter,2022,Q4,Q4 2022,True,2906.7,Tourism Research Australia: Domestic Tourism Statistics,domestic_tourism_overnight_backcast_2019_2024.xlsx,Table 9,"Backcast Overnight Intrastate Spend ($M), Australia and States"
Overnight,Intrastate,Spend,AUD millions,Victoria,VIC,quarter,2023,Q1,Q1 2023,False,3593.971,Tourism Research Australia: Domestic Tourism Statistics,domestic_tourism_overnight_backcast_2019_2024.xlsx,Table 9,"Backcast Overnight Intrastate Spend ($M), Australia and States"
Overnight,Intrastate,Spend,AUD millions,Victoria,VIC,quarter,2023,Q2,Q2 2023,False,2686.051,Tourism Research Australia: Domestic Tourism Statistics,domestic_tourism_overnight_backcast_2019_2024.xlsx,Table 9,"Backcast Overnight Intrastate Spend ($M), Australia and States"
Overnight,Intrastate,Spend,AUD millions,Victoria,VIC,quarter,2023,Q3,Q3 2023,False,3184.529,Tourism Research Australia: Domestic Tourism Statistics,domestic_tourism_overnight_backcast_2019_2024.xlsx,Table 9,"Backcast Overnight Intrastate Spend ($M), Australia and States"
Overnight,Intrastate,Spend,AUD millions,Victoria,VIC,quarter,2023,Q4,Q4 2023,True,3285.761,Tourism Research Australia: Domestic Tourism Statistics,domestic_tourism_overnight_backcast_2019_2024.xlsx,Table 9,"Backcast Overnight Intrastate Spend ($M), Australia and States"
Overnight,Intrastate,Spend,AUD millions,Victoria,VIC,quarter,2024,Q1,Q1 2024,False,3854.189,Tourism Research Australia: Domestic Tourism Statistics,domestic_tourism_overnight_backcast_2019_2024.xlsx,Table 9,"Backcast Overnight Intrastate Spend ($M), Australia and States"
Overnight,Intrastate,Spend,AUD millions,Victoria,VIC,quarter,2024,Q2,Q2 2024,False,3252.689,Tourism Research Australia: Domestic Tourism Statistics,domestic_tourism_overnight_backcast_2019_2024.xlsx,Table 9,"Backcast Overnight Intrastate Spend ($M), Australia and States"
Overnight,Intrastate,Spend,AUD millions,Victoria,VIC,quarter,2024,Q3,Q3 2024,False,2982.579,Tourism Research Australia: Domestic Tourism Statistics,domestic_tourism_overnight_backcast_2019_2024.xlsx,Table 9,"Backcast Overnight Intrastate Spend ($M), Australia and States"
Overnight,Intrastate,Spend,AUD millions,Victoria,VIC,quarter,2024,Q4,Q4 2024,True,3219.999,Tourism Research Australia: Domestic Tourism Statistics,domestic_tourism_overnight_backcast_2019_2024.xlsx,Table 9,"Backcast Overnight Intrastate Spend ($M), Australia and States"
Overnight,Intrastate,Spend,AUD millions,Queensland,QLD,quarter,2019,Q1,Q1 2019,False,2314.028,Tourism Research Australia: Domestic Tourism Statistics,domestic_tourism_overnight_backcast_2019_2024.xlsx,Table 9,"Backcast Overnight Intrastate Spend ($M), Australia and States"
Overnight,Intrastate,Spend,AUD millions,Queensland,QLD,quarter,2019,Q2,Q2 2019,False,2061.8,Tourism Research Australia: Domestic Tourism Statistics,domestic_tourism_overnight_backcast_2019_2024.xlsx,Table 9,"Backcast Overnight Intrastate Spend ($M), Australia and States"
Overnight,Intrastate,Spend,AUD millions,Queensland,QLD,quarter,2019,Q3,Q3 2019,False,1873.336,Tourism Research Australia: Domestic Tourism Statistics,domestic_tourism_overnight_backcast_2019_2024.xlsx,Table 9,"Backcast Overnight Intrastate Spend ($M), Australia and States"
Overnight,Intrastate,Spend,AUD millions,Queensland,QLD,quarter,2019,Q4,Q4 2019,True,2254.462,Tourism Research Australia: Domestic Tourism Statistics,domestic_tourism_overnight_backcast_2019_2024.xlsx,Table 9,"Backcast Overnight Intrastate Spend ($M), Australia and States"
Overnight,Intrastate,Spend,AUD millions,Queensland,QLD,quarter,2020,Q1,Q1 2020,False,2571.605,Tourism Research Australia: Domestic Tourism Statistics,domestic_tourism_overnight_backcast_2019_2024.xlsx,Table 9,"Backcast Overnight Intrastate Spend ($M), Australia and States"
Overnight,Intrastate,Spend,AUD millions,Queensland,QLD,quarter,2020,Q2,Q2 2020,False,951.107,Tourism Research Australia: Domestic Tourism Statistics,domestic_tourism_overnight_backcast_2019_2024.xlsx,Table 9,"Backcast Overnight Intrastate Spend ($M), Australia and States"
Overnight,Intrastate,Spend,AUD millions,Queensland,QLD,quarter,2020,Q3,Q3 2020,False,2513.628,Tourism Research Australia: Domestic Tourism Statistics,domestic_tourism_overnight_backcast_2019_2024.xlsx,Table 9,"Backcast Overnight Intrastate Spend ($M), Australia and States"
Overnight,Intrastate,Spend,AUD millions,Queensland,QLD,quarter,2020,Q4,Q4 2020,True,3162.856,Tourism Research Australia: Domestic Tourism Statistics,domestic_tourism_overnight_backcast_2019_2024.xlsx,Table 9,"Backcast Overnight Intrastate Spend ($M), Australia and States"
Overnight,Intrastate,Spend,AUD millions,Queensland,QLD,quarter,2021,Q1,Q1 2021,False,2849.899,Tourism Research Australia: Domestic Tourism Statistics,domestic_tourism_overnight_backcast_2019_2024.xlsx,Table 9,"Backcast Overnight Intrastate Spend ($M), Australia and States"
Overnight,Intrastate,Spend,AUD millions,Queensland,QLD,quarter,2021,Q2,Q2 2021,False,2701.461,Tourism Research Australia: Domestic Tourism Statistics,domestic_tourism_overnight_backcast_2019_2024.xlsx,Table 9,"Backcast Overnight Intrastate Spend ($M), Australia and States"
Overnight,Intrastate,Spend,AUD millions,Queensland,QLD,quarter,2021,Q3,Q3 2021,False,2500.277,Tourism Research Australia: Domestic Tourism Statistics,domestic_tourism_overnight_backcast_2019_2024.xlsx,Table 9,"Backcast Overnight Intrastate Spend ($M), Australia and States"
Overnight,Intrastate,Spend,AUD millions,Queensland,QLD,quarter,2021,Q4,Q4 2021,True,3541.366,Tourism Research Australia: Domestic Tourism Statistics,domestic_tourism_overnight_backcast_2019_2024.xlsx,Table 9,"Backcast Overnight Intrastate Spend ($M), Australia and States"
Overnight,Intrastate,Spend,AUD millions,Queensland,QLD,quarter,2022,Q1,Q1 2022,False,2990.923,Tourism Research Australia: Domestic Tourism Statistics,domestic_tourism_overnight_backcast_2019_2024.xlsx,Table 9,"Backcast Overnight Intrastate Spend ($M), Australia and States"
Overnight,Intrastate,Spend,AUD millions,Queensland,QLD,quarter,2022,Q2,Q2 2022,False,3338.694,Tourism Research Australia: Domestic Tourism Statistics,domestic_tourism_overnight_backcast_2019_2024.xlsx,Table 9,"Backcast Overnight Intrastate Spend ($M), Australia and States"
Overnight,Intrastate,Spend,AUD millions,Queensland,QLD,quarter,2022,Q3,Q3 2022,False,3270.291,Tourism Research Australia: Domestic Tourism Statistics,domestic_tourism_overnight_backcast_2019_2024.xlsx,Table 9,"Backcast Overnight Intrastate Spend ($M), Australia and States"
Overnight,Intrastate,Spend,AUD millions,Queensland,QLD,quarter,2022,Q4,Q4 2022,True,3848.45,Tourism Research Australia: Domestic Tourism Statistics,domestic_tourism_overnight_backcast_2019_2024.xlsx,Table 9,"Backcast Overnight Intrastate Spend ($M), Australia and States"
Overnight,Intrastate,Spend,AUD millions,Queensland,QLD,quarter,2023,Q1,Q1 2023,False,3825.621,Tourism Research Australia: Domestic Tourism Statistics,domestic_tourism_overnight_backcast_2019_2024.xlsx,Table 9,"Backcast Overnight Intrastate Spend ($M), Australia and States"
Overnight,Intrastate,Spend,AUD millions,Queensland,QLD,quarter,2023,Q2,Q2 2023,False,3632.815,Tourism Research Australia: Domestic Tourism Statistics,domestic_tourism_overnight_backcast_2019_2024.xlsx,Table 9,"Backcast Overnight Intrastate Spend ($M), Australia and States"
Overnight,Intrastate,Spend,AUD millions,Queensland,QLD,quarter,2023,Q3,Q3 2023,False,3473.644,Tourism Research Australia: Domestic Tourism Statistics,domestic_tourism_overnight_backcast_2019_2024.xlsx,Table 9,"Backcast Overnight Intrastate Spend ($M), Australia and States"
Overnight,Intrastate,Spend,AUD millions,Queensland,QLD,quarter,2023,Q4,Q4 2023,True,4020.679,Tourism Research Australia: Domestic Tourism Statistics,domestic_tourism_overnight_backcast_2019_2024.xlsx,Table 9,"Backcast Overnight Intrastate Spend ($M), Australia and States"
Overnight,Intrastate,Spend,AUD millions,Queensland,QLD,quarter,2024,Q1,Q1 2024,False,4119.431,Tourism Research Australia: Domestic Tourism Statistics,domestic_tourism_overnight_backcast_2019_2024.xlsx,Table 9,"Backcast Overnight Intrastate Spend ($M), Australia and States"
Overnight,Intrastate,Spend,AUD millions,Queensland,QLD,quarter,2024,Q2,Q2 2024,False,3364.691,Tourism Research Australia: Domestic Tourism Statistics,domestic_tourism_overnight_backcast_2019_2024.xlsx,Table 9,"Backcast Overnight Intrastate Spend ($M), Australia and States"
Overnight,Intrastate,Spend,AUD millions,Queensland,QLD,quarter,2024,Q3,Q3 2024,False,3794.087,Tourism Research Australia: Domestic Tourism Statistics,domestic_tourism_overnight_backcast_2019_2024.xlsx,Table 9,"Backcast Overnight Intrastate Spend ($M), Australia and States"
Overnight,Intrastate,Spend,AUD millions,Queensland,QLD,quarter,2024,Q4,Q4 2024,True,4064.237,Tourism Research Australia: Domestic Tourism Statistics,domestic_tourism_overnight_backcast_2019_2024.xlsx,Table 9,"Backcast Overnight Intrastate Spend ($M), Australia and States"
Overnight,Intrastate,Spend,AUD millions,South Australia,SA,quarter,2019,Q1,Q1 2019,False,594.039,Tourism Research Australia: Domestic Tourism Statistics,domestic_tourism_overnight_backcast_2019_2024.xlsx,Table 9,"Backcast Overnight Intrastate Spend ($M), Australia and States"
Overnight,Intrastate,Spend,AUD millions,South Australia,SA,quarter,2019,Q2,Q2 2019,False,476.499,Tourism Research Australia: Domestic Tourism Statistics,domestic_tourism_overnight_backcast_2019_2024.xlsx,Table 9,"Backcast Overnight Intrastate Spend ($M), Australia and States"
Overnight,Intrastate,Spend,AUD millions,South Australia,SA,quarter,2019,Q3,Q3 2019,False,413.714,Tourism Research Australia: Domestic Tourism Statistics,domestic_tourism_overnight_backcast_2019_2024.xlsx,Table 9,"Backcast Overnight Intrastate Spend ($M), Australia and States"
Overnight,Intrastate,Spend,AUD millions,South Australia,SA,quarter,2019,Q4,Q4 2019,True,525.17,Tourism Research Australia: Domestic Tourism Statistics,domestic_tourism_overnight_backcast_2019_2024.xlsx,Table 9,"Backcast Overnight Intrastate Spend ($M), Australia and States"
Overnight,Intrastate,Spend,AUD millions,South Australia,SA,quarter,2020,Q1,Q1 2020,False,608.081,Tourism Research Australia: Domestic Tourism Statistics,domestic_tourism_overnight_backcast_2019_2024.xlsx,Table 9,"Backcast Overnight Intrastate Spend ($M), Australia and States"
Overnight,Intrastate,Spend,AUD millions,South Australia,SA,quarter,2020,Q2,Q2 2020,False,261.278,Tourism Research Australia: Domestic Tourism Statistics,domestic_tourism_overnight_backcast_2019_2024.xlsx,Table 9,"Backcast Overnight Intrastate Spend ($M), Australia and States"
Overnight,Intrastate,Spend,AUD millions,South Australia,SA,quarter,2020,Q3,Q3 2020,False,462.73,Tourism Research Australia: Domestic Tourism Statistics,domestic_tourism_overnight_backcast_2019_2024.xlsx,Table 9,"Backcast Overnight Intrastate Spend ($M), Australia and States"
Overnight,Intrastate,Spend,AUD millions,South Australia,SA,quarter,2020,Q4,Q4 2020,True,645.239,Tourism Research Australia: Domestic Tourism Statistics,domestic_tourism_overnight_backcast_2019_2024.xlsx,Table 9,"Backcast Overnight Intrastate Spend ($M), Australia and States"
Overnight,Intrastate,Spend,AUD millions,South Australia,SA,quarter,2021,Q1,Q1 2021,False,741.141,Tourism Research Australia: Domestic Tourism Statistics,domestic_tourism_overnight_backcast_2019_2024.xlsx,Table 9,"Backcast Overnight Intrastate Spend ($M), Australia and States"
Overnight,Intrastate,Spend,AUD millions,South Australia,SA,quarter,2021,Q2,Q2 2021,False,710.526,Tourism Research Australia: Domestic Tourism Statistics,domestic_tourism_overnight_backcast_2019_2024.xlsx,Table 9,"Backcast Overnight Intrastate Spend ($M), Australia and States"
Overnight,Intrastate,Spend,AUD millions,South Australia,SA,quarter,2021,Q3,Q3 2021,False,634.765,Tourism Research Australia: Domestic Tourism Statistics,domestic_tourism_overnight_backcast_2019_2024.xlsx,Table 9,"Backcast Overnight Intrastate Spend ($M), Australia and States"
Overnight,Intrastate,Spend,AUD millions,South Australia,SA,quarter,2021,Q4,Q4 2021,True,760.73,Tourism Research Australia: Domestic Tourism Statistics,domestic_tourism_overnight_backcast_2019_2024.xlsx,Table 9,"Backcast Overnight Intrastate Spend ($M), Australia and States"
Overnight,Intrastate,Spend,AUD millions,South Australia,SA,quarter,2022,Q1,Q1 2022,False,742.565,Tourism Research Australia: Domestic Tourism Statistics,domestic_tourism_overnight_backcast_2019_2024.xlsx,Table 9,"Backcast Overnight Intrastate Spend ($M), Australia and States"
Overnight,Intrastate,Spend,AUD millions,South Australia,SA,quarter,2022,Q2,Q2 2022,False,643.226,Tourism Research Australia: Domestic Tourism Statistics,domestic_tourism_overnight_backcast_2019_2024.xlsx,Table 9,"Backcast Overnight Intrastate Spend ($M), Australia and States"
Overnight,Intrastate,Spend,AUD millions,South Australia,SA,quarter,2022,Q3,Q3 2022,False,635.869,Tourism Research Australia: Domestic Tourism Statistics,domestic_tourism_overnight_backcast_2019_2024.xlsx,Table 9,"Backcast Overnight Intrastate Spend ($M), Australia and States"
Overnight,Intrastate,Spend,AUD millions,South Australia,SA,quarter,2022,Q4,Q4 2022,True,756.439,Tourism Research Australia: Domestic Tourism Statistics,domestic_tourism_overnight_backcast_2019_2024.xlsx,Table 9,"Backcast Overnight Intrastate Spend ($M), Australia and States"
Overnight,Intrastate,Spend,AUD millions,South Australia,SA,quarter,2023,Q1,Q1 2023,False,894.082,Tourism Research Australia: Domestic Tourism Statistics,domestic_tourism_overnight_backcast_2019_2024.xlsx,Table 9,"Backcast Overnight Intrastate Spend ($M), Australia and States"
Overnight,Intrastate,Spend,AUD millions,South Australia,SA,quarter,2023,Q2,Q2 2023,False,809.222,Tourism Research Australia: Domestic Tourism Statistics,domestic_tourism_overnight_backcast_2019_2024.xlsx,Table 9,"Backcast Overnight Intrastate Spend ($M), Australia and States"
Overnight,Intrastate,Spend,AUD millions,South Australia,SA,quarter,2023,Q3,Q3 2023,False,617.522,Tourism Research Australia: Domestic Tourism Statistics,domestic_tourism_overnight_backcast_2019_2024.xlsx,Table 9,"Backcast Overnight Intrastate Spend ($M), Australia and States"
Overnight,Intrastate,Spend,AUD millions,South Australia,SA,quarter,2023,Q4,Q4 2023,True,976.416,Tourism Research Australia: Domestic Tourism Statistics,domestic_tourism_overnight_backcast_2019_2024.xlsx,Table 9,"Backcast Overnight Intrastate Spend ($M), Australia and States"
Overnight,Intrastate,Spend,AUD millions,South Australia,SA,quarter,2024,Q1,Q1 2024,False,756.028,Tourism Research Australia: Domestic Tourism Statistics,domestic_tourism_overnight_backcast_2019_2024.xlsx,Table 9,"Backcast Overnight Intrastate Spend ($M), Australia and States"
Overnight,Intrastate,Spend,AUD millions,South Australia,SA,quarter,2024,Q2,Q2 2024,False,762.757,Tourism Research Australia: Domestic Tourism Statistics,domestic_tourism_overnight_backcast_2019_2024.xlsx,Table 9,"Backcast Overnight Intrastate Spend ($M), Australia and States"
Overnight,Intrastate,Spend,AUD millions,South Australia,SA,quarter,2024,Q3,Q3 2024,False,749.265,Tourism Research Australia: Domestic Tourism Statistics,domestic_tourism_overnight_backcast_2019_2024.xlsx,Table 9,"Backcast Overnight Intrastate Spend ($M), Australia and States"
Overnight,Intrastate,Spend,AUD millions,South Australia,SA,quarter,2024,Q4,Q4 2024,True,678.044,Tourism Research Australia: Domestic Tourism Statistics,domestic_tourism_overnight_backcast_2019_2024.xlsx,Table 9,"Backcast Overnight Intrastate Spend ($M), Australia and States"
Overnight,Intrastate,Spend,AUD millions,Western Australia,WA,quarter,2019,Q1,Q1 2019,False,1422.003,Tourism Research Australia: Domestic Tourism Statistics,domestic_tourism_overnight_backcast_2019_2024.xlsx,Table 9,"Backcast Overnight Intrastate Spend ($M), Australia and States"
Overnight,Intrastate,Spend,AUD millions,Western Australia,WA,quarter,2019,Q2,Q2 2019,False,1176.405,Tourism Research Australia: Domestic Tourism Statistics,domestic_tourism_overnight_backcast_2019_2024.xlsx,Table 9,"Backcast Overnight Intrastate Spend ($M), Australia and States"
Overnight,Intrastate,Spend,AUD millions,Western Australia,WA,quarter,2019,Q3,Q3 2019,False,1132.945,Tourism Research Australia: Domestic Tourism Statistics,domestic_tourism_overnight_backcast_2019_2024.xlsx,Table 9,"Backcast Overnight Intrastate Spend ($M), Australia and States"
Overnight,Intrastate,Spend,AUD millions,Western Australia,WA,quarter,2019,Q4,Q4 2019,True,1195.845,Tourism Research Australia: Domestic Tourism Statistics,domestic_tourism_overnight_backcast_2019_2024.xlsx,Table 9,"Backcast Overnight Intrastate Spend ($M), Australia and States"
Overnight,Intrastate,Spend,AUD millions,Western Australia,WA,quarter,2020,Q1,Q1 2020,False,1578.394,Tourism Research Australia: Domestic Tourism Statistics,domestic_tourism_overnight_backcast_2019_2024.xlsx,Table 9,"Backcast Overnight Intrastate Spend ($M), Australia and States"
Overnight,Intrastate,Spend,AUD millions,Western Australia,WA,quarter,2020,Q2,Q2 2020,False,486.037,Tourism Research Australia: Domestic Tourism Statistics,domestic_tourism_overnight_backcast_2019_2024.xlsx,Table 9,"Backcast Overnight Intrastate Spend ($M), Australia and States"
Overnight,Intrastate,Spend,AUD millions,Western Australia,WA,quarter,2020,Q3,Q3 2020,False,1690.199,Tourism Research Australia: Domestic Tourism Statistics,domestic_tourism_overnight_backcast_2019_2024.xlsx,Table 9,"Backcast Overnight Intrastate Spend ($M), Australia and States"
Overnight,Intrastate,Spend,AUD millions,Western Australia,WA,quarter,2020,Q4,Q4 2020,True,1797.228,Tourism Research Australia: Domestic Tourism Statistics,domestic_tourism_overnight_backcast_2019_2024.xlsx,Table 9,"Backcast Overnight Intrastate Spend ($M), Australia and States"
Overnight,Intrastate,Spend,AUD millions,Western Australia,WA,quarter,2021,Q1,Q1 2021,False,1833.0,Tourism Research Australia: Domestic Tourism Statistics,domestic_tourism_overnight_backcast_2019_2024.xlsx,Table 9,"Backcast Overnight Intrastate Spend ($M), Australia and States"
Overnight,Intrastate,Spend,AUD millions,Western Australia,WA,quarter,2021,Q2,Q2 2021,False,1580.69,Tourism Research Australia: Domestic Tourism Statistics,domestic_tourism_overnight_backcast_2019_2024.xlsx,Table 9,"Backcast Overnight Intrastate Spend ($M), Australia and States"
Overnight,Intrastate,Spend,AUD millions,Western Australia,WA,quarter,2021,Q3,Q3 2021,False,2008.905,Tourism Research Australia: Domestic Tourism Statistics,domestic_tourism_overnight_backcast_2019_2024.xlsx,Table 9,"Backcast Overnight Intrastate Spend ($M), Australia and States"
Overnight,Intrastate,Spend,AUD millions,Western Australia,WA,quarter,2021,Q4,Q4 2021,True,2499.663,Tourism Research Australia: Domestic Tourism Statistics,domestic_tourism_overnight_backcast_2019_2024.xlsx,Table 9,"Backcast Overnight Intrastate Spend ($M), Australia and States"
Overnight,Intrastate,Spend,AUD millions,Western Australia,WA,quarter,2022,Q1,Q1 2022,False,2122.406,Tourism Research Australia: Domestic Tourism Statistics,domestic_tourism_overnight_backcast_2019_2024.xlsx,Table 9,"Backcast Overnight Intrastate Spend ($M), Australia and States"
Overnight,Intrastate,Spend,AUD millions,Western Australia,WA,quarter,2022,Q2,Q2 2022,False,1940.12,Tourism Research Australia: Domestic Tourism Statistics,domestic_tourism_overnight_backcast_2019_2024.xlsx,Table 9,"Backcast Overnight Intrastate Spend ($M), Australia and States"
Overnight,Intrastate,Spend,AUD millions,Western Australia,WA,quarter,2022,Q3,Q3 2022,False,1811.73,Tourism Research Australia: Domestic Tourism Statistics,domestic_tourism_overnight_backcast_2019_2024.xlsx,Table 9,"Backcast Overnight Intrastate Spend ($M), Australia and States"
Overnight,Intrastate,Spend,AUD millions,Western Australia,WA,quarter,2022,Q4,Q4 2022,True,2236.589,Tourism Research Australia: Domestic Tourism Statistics,domestic_tourism_overnight_backcast_2019_2024.xlsx,Table 9,"Backcast Overnight Intrastate Spend ($M), Australia and States"
Overnight,Intrastate,Spend,AUD millions,Western Australia,WA,quarter,2023,Q1,Q1 2023,False,1979.708,Tourism Research Australia: Domestic Tourism Statistics,domestic_tourism_overnight_backcast_2019_2024.xlsx,Table 9,"Backcast Overnight Intrastate Spend ($M), Australia and States"
Overnight,Intrastate,Spend,AUD millions,Western Australia,WA,quarter,2023,Q2,Q2 2023,False,1991.191,Tourism Research Australia: Domestic Tourism Statistics,domestic_tourism_overnight_backcast_2019_2024.xlsx,Table 9,"Backcast Overnight Intrastate Spend ($M), Australia and States"
Overnight,Intrastate,Spend,AUD millions,Western Australia,WA,quarter,2023,Q3,Q3 2023,False,2072.873,Tourism Research Australia: Domestic Tourism Statistics,domestic_tourism_overnight_backcast_2019_2024.xlsx,Table 9,"Backcast Overnight Intrastate Spend ($M), Australia and States"
Overnight,Intrastate,Spend,AUD millions,Western Australia,WA,quarter,2023,Q4,Q4 2023,True,2469.929,Tourism Research Australia: Domestic Tourism Statistics,domestic_tourism_overnight_backcast_2019_2024.xlsx,Table 9,"Backcast Overnight Intrastate Spend ($M), Australia and States"
Overnight,Intrastate,Spend,AUD millions,Western Australia,WA,quarter,2024,Q1,Q1 2024,False,2034.214,Tourism Research Australia: Domestic Tourism Statistics,domestic_tourism_overnight_backcast_2019_2024.xlsx,Table 9,"Backcast Overnight Intrastate Spend ($M), Australia and States"
Overnight,Intrastate,Spend,AUD millions,Western Australia,WA,quarter,2024,Q2,Q2 2024,False,2194.4,Tourism Research Australia: Domestic Tourism Statistics,domestic_tourism_overnight_backcast_2019_2024.xlsx,Table 9,"Backcast Overnight Intrastate Spend ($M), Australia and States"
Overnight,Intrastate,Spend,AUD millions,Western Australia,WA,quarter,2024,Q3,Q3 2024,False,1744.644,Tourism Research Australia: Domestic Tourism Statistics,domestic_tourism_overnight_backcast_2019_2024.xlsx,Table 9,"Backcast Overnight Intrastate Spend ($M), Australia and States"
Overnight,Intrastate,Spend,AUD millions,Western Australia,WA,quarter,2024,Q4,Q4 2024,True,2265.184,Tourism Research Australia: Domestic Tourism Statistics,domestic_tourism_overnight_backcast_2019_2024.xlsx,Table 9,"Backcast Overnight Intrastate Spend ($M), Australia and States"
Overnight,Intrastate,Spend,AUD millions,Tasmania,TAS,quarter,2019,Q1,Q1 2019,False,145.453,Tourism Research Australia: Domestic Tourism Statistics,domestic_tourism_overnight_backcast_2019_2024.xlsx,Table 9,"Backcast Overnight Intrastate Spend ($M), Australia and States"
Overnight,Intrastate,Spend,AUD millions,Tasmania,TAS,quarter,2019,Q2,Q2 2019,False,130.538,Tourism Research Australia: Domestic Tourism Statistics,domestic_tourism_overnight_backcast_2019_2024.xlsx,Table 9,"Backcast Overnight Intrastate Spend ($M), Australia and States"
Overnight,Intrastate,Spend,AUD millions,Tasmania,TAS,quarter,2019,Q3,Q3 2019,False,135.539,Tourism Research Australia: Domestic Tourism Statistics,domestic_tourism_overnight_backcast_2019_2024.xlsx,Table 9,"Backcast Overnight Intrastate Spend ($M), Australia and States"
Overnight,Intrastate,Spend,AUD millions,Tasmania,TAS,quarter,2019,Q4,Q4 2019,True,163.385,Tourism Research Australia: Domestic Tourism Statistics,domestic_tourism_overnight_backcast_2019_2024.xlsx,Table 9,"Backcast Overnight Intrastate Spend ($M), Australia and States"
Overnight,Intrastate,Spend,AUD millions,Tasmania,TAS,quarter,2020,Q1,Q1 2020,False,115.084,Tourism Research Australia: Domestic Tourism Statistics,domestic_tourism_overnight_backcast_2019_2024.xlsx,Table 9,"Backcast Overnight Intrastate Spend ($M), Australia and States"
Overnight,Intrastate,Spend,AUD millions,Tasmania,TAS,quarter,2020,Q2,Q2 2020,False,26.817,Tourism Research Australia: Domestic Tourism Statistics,domestic_tourism_overnight_backcast_2019_2024.xlsx,Table 9,"Backcast Overnight Intrastate Spend ($M), Australia and States"
Overnight,Intrastate,Spend,AUD millions,Tasmania,TAS,quarter,2020,Q3,Q3 2020,False,156.593,Tourism Research Australia: Domestic Tourism Statistics,domestic_tourism_overnight_backcast_2019_2024.xlsx,Table 9,"Backcast Overnight Intrastate Spend ($M), Australia and States"
Overnight,Intrastate,Spend,AUD millions,Tasmania,TAS,quarter,2020,Q4,Q4 2020,True,247.521,Tourism Research Australia: Domestic Tourism Statistics,domestic_tourism_overnight_backcast_2019_2024.xlsx,Table 9,"Backcast Overnight Intrastate Spend ($M), Australia and States"
Overnight,Intrastate,Spend,AUD millions,Tasmania,TAS,quarter,2021,Q1,Q1 2021,False,164.989,Tourism Research Australia: Domestic Tourism Statistics,domestic_tourism_overnight_backcast_2019_2024.xlsx,Table 9,"Backcast Overnight Intrastate Spend ($M), Australia and States"
Overnight,Intrastate,Spend,AUD millions,Tasmania,TAS,quarter,2021,Q2,Q2 2021,False,169.77,Tourism Research Australia: Domestic Tourism Statistics,domestic_tourism_overnight_backcast_2019_2024.xlsx,Table 9,"Backcast Overnight Intrastate Spend ($M), Australia and States"
Overnight,Intrastate,Spend,AUD millions,Tasmania,TAS,quarter,2021,Q3,Q3 2021,False,211.215,Tourism Research Australia: Domestic Tourism Statistics,domestic_tourism_overnight_backcast_2019_2024.xlsx,Table 9,"Backcast Overnight Intrastate Spend ($M), Australia and States"
Overnight,Intrastate,Spend,AUD millions,Tasmania,TAS,quarter,2021,Q4,Q4 2021,True,186.358,Tourism Research Australia: Domestic Tourism Statistics,domestic_tourism_overnight_backcast_2019_2024.xlsx,Table 9,"Backcast Overnight Intrastate Spend ($M), Australia and States"
Overnight,Intrastate,Spend,AUD millions,Tasmania,TAS,quarter,2022,Q1,Q1 2022,False,237.006,Tourism Research Australia: Domestic Tourism Statistics,domestic_tourism_overnight_backcast_2019_2024.xlsx,Table 9,"Backcast Overnight Intrastate Spend ($M), Australia and States"
Overnight,Intrastate,Spend,AUD millions,Tasmania,TAS,quarter,2022,Q2,Q2 2022,False,217.814,Tourism Research Australia: Domestic Tourism Statistics,domestic_tourism_overnight_backcast_2019_2024.xlsx,Table 9,"Backcast Overnight Intrastate Spend ($M), Australia and States"
Overnight,Intrastate,Spend,AUD millions,Tasmania,TAS,quarter,2022,Q3,Q3 2022,False,188.986,Tourism Research Australia: Domestic Tourism Statistics,domestic_tourism_overnight_backcast_2019_2024.xlsx,Table 9,"Backcast Overnight Intrastate Spend ($M), Australia and States"
Overnight,Intrastate,Spend,AUD millions,Tasmania,TAS,quarter,2022,Q4,Q4 2022,True,191.193,Tourism Research Australia: Domestic Tourism Statistics,domestic_tourism_overnight_backcast_2019_2024.xlsx,Table 9,"Backcast Overnight Intrastate Spend ($M), Australia and States"
Overnight,Intrastate,Spend,AUD millions,Tasmania,TAS,quarter,2023,Q1,Q1 2023,False,267.451,Tourism Research Australia: Domestic Tourism Statistics,domestic_tourism_overnight_backcast_2019_2024.xlsx,Table 9,"Backcast Overnight Intrastate Spend ($M), Australia and States"
Overnight,Intrastate,Spend,AUD millions,Tasmania,TAS,quarter,2023,Q2,Q2 2023,False,185.3,Tourism Research Australia: Domestic Tourism Statistics,domestic_tourism_overnight_backcast_2019_2024.xlsx,Table 9,"Backcast Overnight Intrastate Spend ($M), Australia and States"
Overnight,Intrastate,Spend,AUD millions,Tasmania,TAS,quarter,2023,Q3,Q3 2023,False,305.262,Tourism Research Australia: Domestic Tourism Statistics,domestic_tourism_overnight_backcast_2019_2024.xlsx,Table 9,"Backcast Overnight Intrastate Spend ($M), Australia and States"
Overnight,Intrastate,Spend,AUD millions,Tasmania,TAS,quarter,2023,Q4,Q4 2023,True,232.456,Tourism Research Australia: Domestic Tourism Statistics,domestic_tourism_overnight_backcast_2019_2024.xlsx,Table 9,"Backcast Overnight Intrastate Spend ($M), Australia and States"
Overnight,Intrastate,Spend,AUD millions,Tasmania,TAS,quarter,2024,Q1,Q1 2024,False,212.967,Tourism Research Australia: Domestic Tourism Statistics,domestic_tourism_overnight_backcast_2019_2024.xlsx,Table 9,"Backcast Overnight Intrastate Spend ($M), Australia and States"
Overnight,Intrastate,Spend,AUD millions,Tasmania,TAS,quarter,2024,Q2,Q2 2024,False,171.744,Tourism Research Australia: Domestic Tourism Statistics,domestic_tourism_overnight_backcast_2019_2024.xlsx,Table 9,"Backcast Overnight Intrastate Spend ($M), Australia and States"
Overnight,Intrastate,Spend,AUD millions,Tasmania,TAS,quarter,2024,Q3,Q3 2024,False,185.53,Tourism Research Australia: Domestic Tourism Statistics,domestic_tourism_overnight_backcast_2019_2024.xlsx,Table 9,"Backcast Overnight Intrastate Spend ($M), Australia and States"
Overnight,Intrastate,Spend,AUD millions,Tasmania,TAS,quarter,2024,Q4,Q4 2024,True,275.101,Tourism Research Australia: Domestic Tourism Statistics,domestic_tourism_overnight_backcast_2019_2024.xlsx,Table 9,"Backcast Overnight Intrastate Spend ($M), Australia and States"
Overnight,Intrastate,Spend,AUD millions,Northern Territory,NT,quarter,2019,Q1,Q1 2019,False,41.704,Tourism Research Australia: Domestic Tourism Statistics,domestic_tourism_overnight_backcast_2019_2024.xlsx,Table 9,"Backcast Overnight Intrastate Spend ($M), Australia and States"
Overnight,Intrastate,Spend,AUD millions,Northern Territory,NT,quarter,2019,Q2,Q2 2019,False,75.466,Tourism Research Australia: Domestic Tourism Statistics,domestic_tourism_overnight_backcast_2019_2024.xlsx,Table 9,"Backcast Overnight Intrastate Spend ($M), Australia and States"
Overnight,Intrastate,Spend,AUD millions,Northern Territory,NT,quarter,2019,Q3,Q3 2019,False,43.226,Tourism Research Australia: Domestic Tourism Statistics,domestic_tourism_overnight_backcast_2019_2024.xlsx,Table 9,"Backcast Overnight Intrastate Spend ($M), Australia and States"
Overnight,Intrastate,Spend,AUD millions,Northern Territory,NT,quarter,2019,Q4,Q4 2019,True,31.137,Tourism Research Australia: Domestic Tourism Statistics,domestic_tourism_overnight_backcast_2019_2024.xlsx,Table 9,"Backcast Overnight Intrastate Spend ($M), Australia and States"
Overnight,Intrastate,Spend,AUD millions,Northern Territory,NT,quarter,2020,Q1,Q1 2020,False,42.75,Tourism Research Australia: Domestic Tourism Statistics,domestic_tourism_overnight_backcast_2019_2024.xlsx,Table 9,"Backcast Overnight Intrastate Spend ($M), Australia and States"
Overnight,Intrastate,Spend,AUD millions,Northern Territory,NT,quarter,2020,Q2,Q2 2020,False,30.406,Tourism Research Australia: Domestic Tourism Statistics,domestic_tourism_overnight_backcast_2019_2024.xlsx,Table 9,"Backcast Overnight Intrastate Spend ($M), Australia and States"
Overnight,Intrastate,Spend,AUD millions,Northern Territory,NT,quarter,2020,Q3,Q3 2020,False,57.756,Tourism Research Australia: Domestic Tourism Statistics,domestic_tourism_overnight_backcast_2019_2024.xlsx,Table 9,"Backcast Overnight Intrastate Spend ($M), Australia and States"
Overnight,Intrastate,Spend,AUD millions,Northern Territory,NT,quarter,2020,Q4,Q4 2020,True,65.612,Tourism Research Australia: Domestic Tourism Statistics,domestic_tourism_overnight_backcast_2019_2024.xlsx,Table 9,"Backcast Overnight Intrastate Spend ($M), Australia and States"
Overnight,Intrastate,Spend,AUD millions,Northern Territory,NT,quarter,2021,Q1,Q1 2021,False,68.238,Tourism Research Australia: Domestic Tourism Statistics,domestic_tourism_overnight_backcast_2019_2024.xlsx,Table 9,"Backcast Overnight Intrastate Spend ($M), Australia and States"
Overnight,Intrastate,Spend,AUD millions,Northern Territory,NT,quarter,2021,Q2,Q2 2021,False,59.021,Tourism Research Australia: Domestic Tourism Statistics,domestic_tourism_overnight_backcast_2019_2024.xlsx,Table 9,"Backcast Overnight Intrastate Spend ($M), Australia and States"
Overnight,Intrastate,Spend,AUD millions,Northern Territory,NT,quarter,2021,Q3,Q3 2021,False,49.357,Tourism Research Australia: Domestic Tourism Statistics,domestic_tourism_overnight_backcast_2019_2024.xlsx,Table 9,"Backcast Overnight Intrastate Spend ($M), Australia and States"
Overnight,Intrastate,Spend,AUD millions,Northern Territory,NT,quarter,2021,Q4,Q4 2021,True,33.68,Tourism Research Australia: Domestic Tourism Statistics,domestic_tourism_overnight_backcast_2019_2024.xlsx,Table 9,"Backcast Overnight Intrastate Spend ($M), Australia and States"
Overnight,Intrastate,Spend,AUD millions,Northern Territory,NT,quarter,2022,Q1,Q1 2022,False,43.919,Tourism Research Australia: Domestic Tourism Statistics,domestic_tourism_overnight_backcast_2019_2024.xlsx,Table 9,"Backcast Overnight Intrastate Spend ($M), Australia and States"
Overnight,Intrastate,Spend,AUD millions,Northern Territory,NT,quarter,2022,Q2,Q2 2022,False,68.134,Tourism Research Australia: Domestic Tourism Statistics,domestic_tourism_overnight_backcast_2019_2024.xlsx,Table 9,"Backcast Overnight Intrastate Spend ($M), Australia and States"
Overnight,Intrastate,Spend,AUD millions,Northern Territory,NT,quarter,2022,Q3,Q3 2022,False,90.415,Tourism Research Australia: Domestic Tourism Statistics,domestic_tourism_overnight_backcast_2019_2024.xlsx,Table 9,"Backcast Overnight Intrastate Spend ($M), Australia and States"
Overnight,Intrastate,Spend,AUD millions,Northern Territory,NT,quarter,2022,Q4,Q4 2022,True,69.493,Tourism Research Australia: Domestic Tourism Statistics,domestic_tourism_overnight_backcast_2019_2024.xlsx,Table 9,"Backcast Overnight Intrastate Spend ($M), Australia and States"
Overnight,Intrastate,Spend,AUD millions,Northern Territory,NT,quarter,2023,Q1,Q1 2023,False,66.034,Tourism Research Australia: Domestic Tourism Statistics,domestic_tourism_overnight_backcast_2019_2024.xlsx,Table 9,"Backcast Overnight Intrastate Spend ($M), Australia and States"
Overnight,Intrastate,Spend,AUD millions,Northern Territory,NT,quarter,2023,Q2,Q2 2023,False,107.69,Tourism Research Australia: Domestic Tourism Statistics,domestic_tourism_overnight_backcast_2019_2024.xlsx,Table 9,"Backcast Overnight Intrastate Spend ($M), Australia and States"
Overnight,Intrastate,Spend,AUD millions,Northern Territory,NT,quarter,2023,Q3,Q3 2023,False,85.552,Tourism Research Australia: Domestic Tourism Statistics,domestic_tourism_overnight_backcast_2019_2024.xlsx,Table 9,"Backcast Overnight Intrastate Spend ($M), Australia and States"
Overnight,Intrastate,Spend,AUD millions,Northern Territory,NT,quarter,2023,Q4,Q4 2023,True,89.366,Tourism Research Australia: Domestic Tourism Statistics,domestic_tourism_overnight_backcast_2019_2024.xlsx,Table 9,"Backcast Overnight Intrastate Spend ($M), Australia and States"
Overnight,Intrastate,Spend,AUD millions,Northern Territory,NT,quarter,2024,Q1,Q1 2024,False,90.324,Tourism Research Australia: Domestic Tourism Statistics,domestic_tourism_overnight_backcast_2019_2024.xlsx,Table 9,"Backcast Overnight Intrastate Spend ($M), Australia and States"
Overnight,Intrastate,Spend,AUD millions,Northern Territory,NT,quarter,2024,Q2,Q2 2024,False,74.269,Tourism Research Australia: Domestic Tourism Statistics,domestic_tourism_overnight_backcast_2019_2024.xlsx,Table 9,"Backcast Overnight Intrastate Spend ($M), Australia and States"
Overnight,Intrastate,Spend,AUD millions,Northern Territory,NT,quarter,2024,Q3,Q3 2024,False,79.734,Tourism Research Australia: Domestic Tourism Statistics,domestic_tourism_overnight_backcast_2019_2024.xlsx,Table 9,"Backcast Overnight Intrastate Spend ($M), Australia and States"
Overnight,Intrastate,Spend,AUD millions,Northern Territory,NT,quarter,2024,Q4,Q4 2024,True,110.59,Tourism Research Australia: Domestic Tourism Statistics,domestic_tourism_overnight_backcast_2019_2024.xlsx,Table 9,"Backcast Overnight Intrastate Spend ($M), Australia and States"
Overnight,Intrastate,Spend,AUD millions,ACT,ACT,quarter,2019,Q1,Q1 2019,False,37.12,Tourism Research Australia: Domestic Tourism Statistics,domestic_tourism_overnight_backcast_2019_2024.xlsx,Table 9,"Backcast Overnight Intrastate Spend ($M), Australia and States"
Overnight,Intrastate,Spend,AUD millions,ACT,ACT,quarter,2019,Q2,Q2 2019,False,49.971,Tourism Research Australia: Domestic Tourism Statistics,domestic_tourism_overnight_backcast_2019_2024.xlsx,Table 9,"Backcast Overnight Intrastate Spend ($M), Australia and States"
Overnight,Intrastate,Spend,AUD millions,ACT,ACT,quarter,2019,Q3,Q3 2019,False,36.21,Tourism Research Australia: Domestic Tourism Statistics,domestic_tourism_overnight_backcast_2019_2024.xlsx,Table 9,"Backcast Overnight Intrastate Spend ($M), Australia and States"
Overnight,Intrastate,Spend,AUD millions,ACT,ACT,quarter,2019,Q4,Q4 2019,True,25.489,Tourism Research Australia: Domestic Tourism Statistics,domestic_tourism_overnight_backcast_2019_2024.xlsx,Table 9,"Backcast Overnight Intrastate Spend ($M), Australia and States"
Overnight,Intrastate,Spend,AUD millions,ACT,ACT,quarter,2020,Q1,Q1 2020,False,27.713,Tourism Research Australia: Domestic Tourism Statistics,domestic_tourism_overnight_backcast_2019_2024.xlsx,Table 9,"Backcast Overnight Intrastate Spend ($M), Australia and States"
Overnight,Intrastate,Spend,AUD millions,ACT,ACT,quarter,2020,Q2,Q2 2020,False,2.441,Tourism Research Australia: Domestic Tourism Statistics,domestic_tourism_overnight_backcast_2019_2024.xlsx,Table 9,"Backcast Overnight Intrastate Spend ($M), Australia and States"
Overnight,Intrastate,Spend,AUD millions,ACT,ACT,quarter,2020,Q3,Q3 2020,False,7.994,Tourism Research Australia: Domestic Tourism Statistics,domestic_tourism_overnight_backcast_2019_2024.xlsx,Table 9,"Backcast Overnight Intrastate Spend ($M), Australia and States"
Overnight,Intrastate,Spend,AUD millions,ACT,ACT,quarter,2020,Q4,Q4 2020,True,24.773,Tourism Research Australia: Domestic Tourism Statistics,domestic_tourism_overnight_backcast_2019_2024.xlsx,Table 9,"Backcast Overnight Intrastate Spend ($M), Australia and States"
Overnight,Intrastate,Spend,AUD millions,ACT,ACT,quarter,2021,Q1,Q1 2021,False,34.897,Tourism Research Australia: Domestic Tourism Statistics,domestic_tourism_overnight_backcast_2019_2024.xlsx,Table 9,"Backcast Overnight Intrastate Spend ($M), Australia and States"
Overnight,Intrastate,Spend,AUD millions,ACT,ACT,quarter,2021,Q2,Q2 2021,False,31.041,Tourism Research Australia: Domestic Tourism Statistics,domestic_tourism_overnight_backcast_2019_2024.xlsx,Table 9,"Backcast Overnight Intrastate Spend ($M), Australia and States"
Overnight,Intrastate,Spend,AUD millions,ACT,ACT,quarter,2021,Q3,Q3 2021,False,11.446,Tourism Research Australia: Domestic Tourism Statistics,domestic_tourism_overnight_backcast_2019_2024.xlsx,Table 9,"Backcast Overnight Intrastate Spend ($M), Australia and States"
Overnight,Intrastate,Spend,AUD millions,ACT,ACT,quarter,2021,Q4,Q4 2021,True,10.376,Tourism Research Australia: Domestic Tourism Statistics,domestic_tourism_overnight_backcast_2019_2024.xlsx,Table 9,"Backcast Overnight Intrastate Spend ($M), Australia and States"
Overnight,Intrastate,Spend,AUD millions,ACT,ACT,quarter,2022,Q1,Q1 2022,False,34.385,Tourism Research Australia: Domestic Tourism Statistics,domestic_tourism_overnight_backcast_2019_2024.xlsx,Table 9,"Backcast Overnight Intrastate Spend ($M), Australia and States"
Overnight,Intrastate,Spend,AUD millions,ACT,ACT,quarter,2022,Q2,Q2 2022,False,42.806,Tourism Research Australia: Domestic Tourism Statistics,domestic_tourism_overnight_backcast_2019_2024.xlsx,Table 9,"Backcast Overnight Intrastate Spend ($M), Australia and States"
Overnight,Intrastate,Spend,AUD millions,ACT,ACT,quarter,2022,Q3,Q3 2022,False,38.613,Tourism Research Australia: Domestic Tourism Statistics,domestic_tourism_overnight_backcast_2019_2024.xlsx,Table 9,"Backcast Overnight Intrastate Spend ($M), Australia and States"
Overnight,Intrastate,Spend,AUD millions,ACT,ACT,quarter,2022,Q4,Q4 2022,True,42.71,Tourism Research Australia: Domestic Tourism Statistics,domestic_tourism_overnight_backcast_2019_2024.xlsx,Table 9,"Backcast Overnight Intrastate Spend ($M), Australia and States"
Overnight,Intrastate,Spend,AUD millions,ACT,ACT,quarter,2023,Q1,Q1 2023,False,45.246,Tourism Research Australia: Domestic Tourism Statistics,domestic_tourism_overnight_backcast_2019_2024.xlsx,Table 9,"Backcast Overnight Intrastate Spend ($M), Australia and States"
Overnight,Intrastate,Spend,AUD millions,ACT,ACT,quarter,2023,Q2,Q2 2023,False,50.983,Tourism Research Australia: Domestic Tourism Statistics,domestic_tourism_overnight_backcast_2019_2024.xlsx,Table 9,"Backcast Overnight Intrastate Spend ($M), Australia and States"
Overnight,Intrastate,Spend,AUD millions,ACT,ACT,quarter,2023,Q3,Q3 2023,False,45.082,Tourism Research Australia: Domestic Tourism Statistics,domestic_tourism_overnight_backcast_2019_2024.xlsx,Table 9,"Backcast Overnight Intrastate Spend ($M), Australia and States"
Overnight,Intrastate,Spend,AUD millions,ACT,ACT,quarter,2023,Q4,Q4 2023,True,42.157,Tourism Research Australia: Domestic Tourism Statistics,domestic_tourism_overnight_backcast_2019_2024.xlsx,Table 9,"Backcast Overnight Intrastate Spend ($M), Australia and States"
Overnight,Intrastate,Spend,AUD millions,ACT,ACT,quarter,2024,Q1,Q1 2024,False,70.182,Tourism Research Australia: Domestic Tourism Statistics,domestic_tourism_overnight_backcast_2019_2024.xlsx,Table 9,"Backcast Overnight Intrastate Spend ($M), Australia and States"
Overnight,Intrastate,Spend,AUD millions,ACT,ACT,quarter,2024,Q2,Q2 2024,False,30.646,Tourism Research Australia: Domestic Tourism Statistics,domestic_tourism_overnight_backcast_2019_2024.xlsx,Table 9,"Backcast Overnight Intrastate Spend ($M), Australia and States"
Overnight,Intrastate,Spend,AUD millions,ACT,ACT,quarter,2024,Q3,Q3 2024,False,47.044,Tourism Research Australia: Domestic Tourism Statistics,domestic_tourism_overnight_backcast_2019_2024.xlsx,Table 9,"Backcast Overnight Intrastate Spend ($M), Australia and States"
Overnight,Intrastate,Spend,AUD millions,ACT,ACT,quarter,2024,Q4,Q4 2024,True,48.659,Tourism Research Australia: Domestic Tourism Statistics,domestic_tourism_overnight_backcast_2019_2024.xlsx,Table 9,"Backcast Overnight Intrastate Spend ($M), Australia and States"
Daytrip,All daytrip,Trips,000 trips,Australia,AUS,year_ending,2019,Q4,YE Q4 2019,True,217295.805,Tourism Research Australia: Domestic Tourism Statistics,domestic_tourism_daytrip_backcast_2019_2025.xlsx,Table 1,"Backcast Daytrip Trips ('000), Australia and Statesa"
Daytrip,All daytrip,Trips,000 trips,Australia,AUS,year_ending,2020,Q1,YE Q1 2020,False,216292.4,Tourism Research Australia: Domestic Tourism Statistics,domestic_tourism_daytrip_backcast_2019_2025.xlsx,Table 1,"Backcast Daytrip Trips ('000), Australia and Statesa"
Daytrip,All daytrip,Trips,000 trips,Australia,AUS,year_ending,2020,Q2,YE Q2 2020,False,202290.471,Tourism Research Australia: Domestic Tourism Statistics,domestic_tourism_daytrip_backcast_2019_2025.xlsx,Table 1,"Backcast Daytrip Trips ('000), Australia and Statesa"
Daytrip,All daytrip,Trips,000 trips,Australia,AUS,year_ending,2020,Q3,YE Q3 2020,False,193676.365,Tourism Research Australia: Domestic Tourism Statistics,domestic_tourism_daytrip_backcast_2019_2025.xlsx,Table 1,"Backcast Daytrip Trips ('000), Australia and Statesa"
Daytrip,All daytrip,Trips,000 trips,Australia,AUS,year_ending,2020,Q4,YE Q4 2020,True,186444.794,Tourism Research Australia: Domestic Tourism Statistics,domestic_tourism_daytrip_backcast_2019_2025.xlsx,Table 1,"Backcast Daytrip Trips ('000), Australia and Statesa"
Daytrip,All daytrip,Trips,000 trips,Australia,AUS,year_ending,2021,Q1,YE Q1 2021,False,186404.207,Tourism Research Australia: Domestic Tourism Statistics,domestic_tourism_daytrip_backcast_2019_2025.xlsx,Table 1,"Backcast Daytrip Trips ('000), Australia and Statesa"
Daytrip,All daytrip,Trips,000 trips,Australia,AUS,year_ending,2021,Q2,YE Q2 2021,False,203823.819,Tourism Research Australia: Domestic Tourism Statistics,domestic_tourism_daytrip_backcast_2019_2025.xlsx,Table 1,"Backcast Daytrip Trips ('000), Australia and Statesa"
Daytrip,All daytrip,Trips,000 trips,Australia,AUS,year_ending,2021,Q3,YE Q3 2021,False,204649.09,Tourism Research Australia: Domestic Tourism Statistics,domestic_tourism_daytrip_backcast_2019_2025.xlsx,Table 1,"Backcast Daytrip Trips ('000), Australia and Statesa"
Daytrip,All daytrip,Trips,000 trips,Australia,AUS,year_ending,2021,Q4,YE Q4 2021,True,208855.11,Tourism Research Australia: Domestic Tourism Statistics,domestic_tourism_daytrip_backcast_2019_2025.xlsx,Table 1,"Backcast Daytrip Trips ('000), Australia and Statesa"
Daytrip,All daytrip,Trips,000 trips,Australia,AUS,year_ending,2022,Q1,YE Q1 2022,False,208396.258,Tourism Research Australia: Domestic Tourism Statistics,domestic_tourism_daytrip_backcast_2019_2025.xlsx,Table 1,"Backcast Daytrip Trips ('000), Australia and Statesa"
Daytrip,All daytrip,Trips,000 trips,Australia,AUS,year_ending,2022,Q2,YE Q2 2022,False,210720.038,Tourism Research Australia: Domestic Tourism Statistics,domestic_tourism_daytrip_backcast_2019_2025.xlsx,Table 1,"Backcast Daytrip Trips ('000), Australia and Statesa"
Daytrip,All daytrip,Trips,000 trips,Australia,AUS,year_ending,2022,Q3,YE Q3 2022,False,226638.986,Tourism Research Australia: Domestic Tourism Statistics,domestic_tourism_daytrip_backcast_2019_2025.xlsx,Table 1,"Backcast Daytrip Trips ('000), Australia and Statesa"
Daytrip,All daytrip,Trips,000 trips,Australia,AUS,year_ending,2022,Q4,YE Q4 2022,True,235310.264,Tourism Research Australia: Domestic Tourism Statistics,domestic_tourism_daytrip_backcast_2019_2025.xlsx,Table 1,"Backcast Daytrip Trips ('000), Australia and Statesa"
Daytrip,All daytrip,Trips,000 trips,Australia,AUS,year_ending,2023,Q1,YE Q1 2023,False,242318.897,Tourism Research Australia: Domestic Tourism Statistics,domestic_tourism_daytrip_backcast_2019_2025.xlsx,Table 1,"Backcast Daytrip Trips ('000), Australia and Statesa"
Daytrip,All daytrip,Trips,000 trips,Australia,AUS,year_ending,2023,Q2,YE Q2 2023,False,243685.148,Tourism Research Australia: Domestic Tourism Statistics,domestic_tourism_daytrip_backcast_2019_2025.xlsx,Table 1,"Backcast Daytrip Trips ('000), Australia and Statesa"
Daytrip,All daytrip,Trips,000 trips,Australia,AUS,year_ending,2023,Q3,YE Q3 2023,False,245755.105,Tourism Research Australia: Domestic Tourism Statistics,domestic_tourism_daytrip_backcast_2019_2025.xlsx,Table 1,"Backcast Daytrip Trips ('000), Australia and Statesa"
Daytrip,All daytrip,Trips,000 trips,Australia,AUS,year_ending,2023,Q4,YE Q4 2023,True,244110.226,Tourism Research Australia: Domestic Tourism Statistics,domestic_tourism_daytrip_backcast_2019_2025.xlsx,Table 1,"Backcast Daytrip Trips ('000), Australia and Statesa"
Daytrip,All daytrip,Trips,000 trips,Australia,AUS,year_ending,2024,Q1,YE Q1 2024,False,245324.302,Tourism Research Australia: Domestic Tourism Statistics,domestic_tourism_daytrip_backcast_2019_2025.xlsx,Table 1,"Backcast Daytrip Trips ('000), Australia and Statesa"
Daytrip,All daytrip,Trips,000 trips,Australia,AUS,year_ending,2024,Q2,YE Q2 2024,False,246838.959,Tourism Research Australia: Domestic Tourism Statistics,domestic_tourism_daytrip_backcast_2019_2025.xlsx,Table 1,"Backcast Daytrip Trips ('000), Australia and Statesa"
Daytrip,All daytrip,Trips,000 trips,Australia,AUS,year_ending,2024,Q3,YE Q3 2024,False,248743.451,Tourism Research Australia: Domestic Tourism Statistics,domestic_tourism_daytrip_backcast_2019_2025.xlsx,Table 1,"Backcast Daytrip Trips ('000), Australia and Statesa"
Daytrip,All daytrip,Trips,000 trips,Australia,AUS,year_ending,2024,Q4,YE Q4 2024,True,254334.69,Tourism Research Australia: Domestic Tourism Statistics,domestic_tourism_daytrip_backcast_2019_2025.xlsx,Table 1,"Backcast Daytrip Trips ('000), Australia and Statesa"
Daytrip,All daytrip,Trips,000 trips,Australia,AUS,year_ending,2025,Q1,YE Q1 2025,False,257936.964,Tourism Research Australia: Domestic Tourism Statistics,domestic_tourism_daytrip_backcast_2019_2025.xlsx,Table 1,"Backcast Daytrip Trips ('000), Australia and Statesa"
Daytrip,All daytrip,Trips,000 trips,Australia,AUS,year_ending,2025,Q2,YE Q2 2025,False,266067.026,Tourism Research Australia: Domestic Tourism Statistics,domestic_tourism_daytrip_backcast_2019_2025.xlsx,Table 1,"Backcast Daytrip Trips ('000), Australia and Statesa"
Daytrip,All daytrip,Trips,000 trips,New South Wales,NSW,year_ending,2019,Q4,YE Q4 2019,True,69209.735,Tourism Research Australia: Domestic Tourism Statistics,domestic_tourism_daytrip_backcast_2019_2025.xlsx,Table 1,"Backcast Daytrip Trips ('000), Australia and Statesa"
Daytrip,All daytrip,Trips,000 trips,New South Wales,NSW,year_ending,2020,Q1,YE Q1 2020,False,68605.441,Tourism Research Australia: Domestic Tourism Statistics,domestic_tourism_daytrip_backcast_2019_2025.xlsx,Table 1,"Backcast Daytrip Trips ('000), Australia and Statesa"
Daytrip,All daytrip,Trips,000 trips,New South Wales,NSW,year_ending,2020,Q2,YE Q2 2020,False,63704.336,Tourism Research Australia: Domestic Tourism Statistics,domestic_tourism_daytrip_backcast_2019_2025.xlsx,Table 1,"Backcast Daytrip Trips ('000), Australia and Statesa"
Daytrip,All daytrip,Trips,000 trips,New South Wales,NSW,year_ending,2020,Q3,YE Q3 2020,False,61662.814,Tourism Research Australia: Domestic Tourism Statistics,domestic_tourism_daytrip_backcast_2019_2025.xlsx,Table 1,"Backcast Daytrip Trips ('000), Australia and Statesa"
Daytrip,All daytrip,Trips,000 trips,New South Wales,NSW,year_ending,2020,Q4,YE Q4 2020,True,59157.647,Tourism Research Australia: Domestic Tourism Statistics,domestic_tourism_daytrip_backcast_2019_2025.xlsx,Table 1,"Backcast Daytrip Trips ('000), Australia and Statesa"
Daytrip,All daytrip,Trips,000 trips,New South Wales,NSW,year_ending,2021,Q1,YE Q1 2021,False,58973.286,Tourism Research Australia: Domestic Tourism Statistics,domestic_tourism_daytrip_backcast_2019_2025.xlsx,Table 1,"Backcast Daytrip Trips ('000), Australia and Statesa"
Daytrip,All daytrip,Trips,000 trips,New South Wales,NSW,year_ending,2021,Q2,YE Q2 2021,False,64646.451,Tourism Research Australia: Domestic Tourism Statistics,domestic_tourism_daytrip_backcast_2019_2025.xlsx,Table 1,"Backcast Daytrip Trips ('000), Australia and Statesa"
Daytrip,All daytrip,Trips,000 trips,New South Wales,NSW,year_ending,2021,Q3,YE Q3 2021,False,60079.309,Tourism Research Australia: Domestic Tourism Statistics,domestic_tourism_daytrip_backcast_2019_2025.xlsx,Table 1,"Backcast Daytrip Trips ('000), Australia and Statesa"
Daytrip,All daytrip,Trips,000 trips,New South Wales,NSW,year_ending,2021,Q4,YE Q4 2021,True,60873.146,Tourism Research Australia: Domestic Tourism Statistics,domestic_tourism_daytrip_backcast_2019_2025.xlsx,Table 1,"Backcast Daytrip Trips ('000), Australia and Statesa"
Daytrip,All daytrip,Trips,000 trips,New South Wales,NSW,year_ending,2022,Q1,YE Q1 2022,False,59984.299,Tourism Research Australia: Domestic Tourism Statistics,domestic_tourism_daytrip_backcast_2019_2025.xlsx,Table 1,"Backcast Daytrip Trips ('000), Australia and Statesa"
Daytrip,All daytrip,Trips,000 trips,New South Wales,NSW,year_ending,2022,Q2,YE Q2 2022,False,60448.314,Tourism Research Australia: Domestic Tourism Statistics,domestic_tourism_daytrip_backcast_2019_2025.xlsx,Table 1,"Backcast Daytrip Trips ('000), Australia and Statesa"
Daytrip,All daytrip,Trips,000 trips,New South Wales,NSW,year_ending,2022,Q3,YE Q3 2022,False,68824.58,Tourism Research Australia: Domestic Tourism Statistics,domestic_tourism_daytrip_backcast_2019_2025.xlsx,Table 1,"Backcast Daytrip Trips ('000), Australia and Statesa"
Daytrip,All daytrip,Trips,000 trips,New South Wales,NSW,year_ending,2022,Q4,YE Q4 2022,True,72010.606,Tourism Research Australia: Domestic Tourism Statistics,domestic_tourism_daytrip_backcast_2019_2025.xlsx,Table 1,"Backcast Daytrip Trips ('000), Australia and Statesa"
Daytrip,All daytrip,Trips,000 trips,New South Wales,NSW,year_ending,2023,Q1,YE Q1 2023,False,75168.56,Tourism Research Australia: Domestic Tourism Statistics,domestic_tourism_daytrip_backcast_2019_2025.xlsx,Table 1,"Backcast Daytrip Trips ('000), Australia and Statesa"
Daytrip,All daytrip,Trips,000 trips,New South Wales,NSW,year_ending,2023,Q2,YE Q2 2023,False,75831.106,Tourism Research Australia: Domestic Tourism Statistics,domestic_tourism_daytrip_backcast_2019_2025.xlsx,Table 1,"Backcast Daytrip Trips ('000), Australia and Statesa"
Daytrip,All daytrip,Trips,000 trips,New South Wales,NSW,year_ending,2023,Q3,YE Q3 2023,False,76927.881,Tourism Research Australia: Domestic Tourism Statistics,domestic_tourism_daytrip_backcast_2019_2025.xlsx,Table 1,"Backcast Daytrip Trips ('000), Australia and Statesa"
Daytrip,All daytrip,Trips,000 trips,New South Wales,NSW,year_ending,2023,Q4,YE Q4 2023,True,76598.171,Tourism Research Australia: Domestic Tourism Statistics,domestic_tourism_daytrip_backcast_2019_2025.xlsx,Table 1,"Backcast Daytrip Trips ('000), Australia and Statesa"
Daytrip,All daytrip,Trips,000 trips,New South Wales,NSW,year_ending,2024,Q1,YE Q1 2024,False,76692.564,Tourism Research Australia: Domestic Tourism Statistics,domestic_tourism_daytrip_backcast_2019_2025.xlsx,Table 1,"Backcast Daytrip Trips ('000), Australia and Statesa"
Daytrip,All daytrip,Trips,000 trips,New South Wales,NSW,year_ending,2024,Q2,YE Q2 2024,False,76545.019,Tourism Research Australia: Domestic Tourism Statistics,domestic_tourism_daytrip_backcast_2019_2025.xlsx,Table 1,"Backcast Daytrip Trips ('000), Australia and Statesa"
Daytrip,All daytrip,Trips,000 trips,New South Wales,NSW,year_ending,2024,Q3,YE Q3 2024,False,77038.074,Tourism Research Australia: Domestic Tourism Statistics,domestic_tourism_daytrip_backcast_2019_2025.xlsx,Table 1,"Backcast Daytrip Trips ('000), Australia and Statesa"
Daytrip,All daytrip,Trips,000 trips,New South Wales,NSW,year_ending,2024,Q4,YE Q4 2024,True,78607.185,Tourism Research Australia: Domestic Tourism Statistics,domestic_tourism_daytrip_backcast_2019_2025.xlsx,Table 1,"Backcast Daytrip Trips ('000), Australia and Statesa"
Daytrip,All daytrip,Trips,000 trips,New South Wales,NSW,year_ending,2025,Q1,YE Q1 2025,False,79227.845,Tourism Research Australia: Domestic Tourism Statistics,domestic_tourism_daytrip_backcast_2019_2025.xlsx,Table 1,"Backcast Daytrip Trips ('000), Australia and Statesa"
Daytrip,All daytrip,Trips,000 trips,New South Wales,NSW,year_ending,2025,Q2,YE Q2 2025,False,81450.89,Tourism Research Australia: Domestic Tourism Statistics,domestic_tourism_daytrip_backcast_2019_2025.xlsx,Table 1,"Backcast Daytrip Trips ('000), Australia and Statesa"
Daytrip,All daytrip,Trips,000 trips,Victoria,VIC,year_ending,2019,Q4,YE Q4 2019,True,66467.653,Tourism Research Australia: Domestic Tourism Statistics,domestic_tourism_daytrip_backcast_2019_2025.xlsx,Table 1,"Backcast Daytrip Trips ('000), Australia and Statesa"
Daytrip,All daytrip,Trips,000 trips,Victoria,VIC,year_ending,2020,Q1,YE Q1 2020,False,65800.627,Tourism Research Australia: Domestic Tourism Statistics,domestic_tourism_daytrip_backcast_2019_2025.xlsx,Table 1,"Backcast Daytrip Trips ('000), Australia and Statesa"
Daytrip,All daytrip,Trips,000 trips,Victoria,VIC,year_ending,2020,Q2,YE Q2 2020,False,60625.917,Tourism Research Australia: Domestic Tourism Statistics,domestic_tourism_daytrip_backcast_2019_2025.xlsx,Table 1,"Backcast Daytrip Trips ('000), Australia and Statesa"
Daytrip,All daytrip,Trips,000 trips,Victoria,VIC,year_ending,2020,Q3,YE Q3 2020,False,53793.153,Tourism Research Australia: Domestic Tourism Statistics,domestic_tourism_daytrip_backcast_2019_2025.xlsx,Table 1,"Backcast Daytrip Trips ('000), Australia and Statesa"
Daytrip,All daytrip,Trips,000 trips,Victoria,VIC,year_ending,2020,Q4,YE Q4 2020,True,49880.283,Tourism Research Australia: Domestic Tourism Statistics,domestic_tourism_daytrip_backcast_2019_2025.xlsx,Table 1,"Backcast Daytrip Trips ('000), Australia and Statesa"
Daytrip,All daytrip,Trips,000 trips,Victoria,VIC,year_ending,2021,Q1,YE Q1 2021,False,49348.974,Tourism Research Australia: Domestic Tourism Statistics,domestic_tourism_daytrip_backcast_2019_2025.xlsx,Table 1,"Backcast Daytrip Trips ('000), Australia and Statesa"
Daytrip,All daytrip,Trips,000 trips,Victoria,VIC,year_ending,2021,Q2,YE Q2 2021,False,54034.011,Tourism Research Australia: Domestic Tourism Statistics,domestic_tourism_daytrip_backcast_2019_2025.xlsx,Table 1,"Backcast Daytrip Trips ('000), Australia and Statesa"
Daytrip,All daytrip,Trips,000 trips,Victoria,VIC,year_ending,2021,Q3,YE Q3 2021,False,57069.516,Tourism Research Australia: Domestic Tourism Statistics,domestic_tourism_daytrip_backcast_2019_2025.xlsx,Table 1,"Backcast Daytrip Trips ('000), Australia and Statesa"
Daytrip,All daytrip,Trips,000 trips,Victoria,VIC,year_ending,2021,Q4,YE Q4 2021,True,59201.056,Tourism Research Australia: Domestic Tourism Statistics,domestic_tourism_daytrip_backcast_2019_2025.xlsx,Table 1,"Backcast Daytrip Trips ('000), Australia and Statesa"
Daytrip,All daytrip,Trips,000 trips,Victoria,VIC,year_ending,2022,Q1,YE Q1 2022,False,59892.794,Tourism Research Australia: Domestic Tourism Statistics,domestic_tourism_daytrip_backcast_2019_2025.xlsx,Table 1,"Backcast Daytrip Trips ('000), Australia and Statesa"
Daytrip,All daytrip,Trips,000 trips,Victoria,VIC,year_ending,2022,Q2,YE Q2 2022,False,61682.545,Tourism Research Australia: Domestic Tourism Statistics,domestic_tourism_daytrip_backcast_2019_2025.xlsx,Table 1,"Backcast Daytrip Trips ('000), Australia and Statesa"
Daytrip,All daytrip,Trips,000 trips,Victoria,VIC,year_ending,2022,Q3,YE Q3 2022,False,67708.105,Tourism Research Australia: Domestic Tourism Statistics,domestic_tourism_daytrip_backcast_2019_2025.xlsx,Table 1,"Backcast Daytrip Trips ('000), Australia and Statesa"
Daytrip,All daytrip,Trips,000 trips,Victoria,VIC,year_ending,2022,Q4,YE Q4 2022,True,70823.051,Tourism Research Australia: Domestic Tourism Statistics,domestic_tourism_daytrip_backcast_2019_2025.xlsx,Table 1,"Backcast Daytrip Trips ('000), Australia and Statesa"
Daytrip,All daytrip,Trips,000 trips,Victoria,VIC,year_ending,2023,Q1,YE Q1 2023,False,72185.206,Tourism Research Australia: Domestic Tourism Statistics,domestic_tourism_daytrip_backcast_2019_2025.xlsx,Table 1,"Backcast Daytrip Trips ('000), Australia and Statesa"
Daytrip,All daytrip,Trips,000 trips,Victoria,VIC,year_ending,2023,Q2,YE Q2 2023,False,72379.92,Tourism Research Australia: Domestic Tourism Statistics,domestic_tourism_daytrip_backcast_2019_2025.xlsx,Table 1,"Backcast Daytrip Trips ('000), Australia and Statesa"
Daytrip,All daytrip,Trips,000 trips,Victoria,VIC,year_ending,2023,Q3,YE Q3 2023,False,73021.255,Tourism Research Australia: Domestic Tourism Statistics,domestic_tourism_daytrip_backcast_2019_2025.xlsx,Table 1,"Backcast Daytrip Trips ('000), Australia and Statesa"
Daytrip,All daytrip,Trips,000 trips,Victoria,VIC,year_ending,2023,Q4,YE Q4 2023,True,72608.973,Tourism Research Australia: Domestic Tourism Statistics,domestic_tourism_daytrip_backcast_2019_2025.xlsx,Table 1,"Backcast Daytrip Trips ('000), Australia and Statesa"
Daytrip,All daytrip,Trips,000 trips,Victoria,VIC,year_ending,2024,Q1,YE Q1 2024,False,73378.206,Tourism Research Australia: Domestic Tourism Statistics,domestic_tourism_daytrip_backcast_2019_2025.xlsx,Table 1,"Backcast Daytrip Trips ('000), Australia and Statesa"
Daytrip,All daytrip,Trips,000 trips,Victoria,VIC,year_ending,2024,Q2,YE Q2 2024,False,74363.335,Tourism Research Australia: Domestic Tourism Statistics,domestic_tourism_daytrip_backcast_2019_2025.xlsx,Table 1,"Backcast Daytrip Trips ('000), Australia and Statesa"
Daytrip,All daytrip,Trips,000 trips,Victoria,VIC,year_ending,2024,Q3,YE Q3 2024,False,74807.171,Tourism Research Australia: Domestic Tourism Statistics,domestic_tourism_daytrip_backcast_2019_2025.xlsx,Table 1,"Backcast Daytrip Trips ('000), Australia and Statesa"
Daytrip,All daytrip,Trips,000 trips,Victoria,VIC,year_ending,2024,Q4,YE Q4 2024,True,76728.942,Tourism Research Australia: Domestic Tourism Statistics,domestic_tourism_daytrip_backcast_2019_2025.xlsx,Table 1,"Backcast Daytrip Trips ('000), Australia and Statesa"
Daytrip,All daytrip,Trips,000 trips,Victoria,VIC,year_ending,2025,Q1,YE Q1 2025,False,78586.703,Tourism Research Australia: Domestic Tourism Statistics,domestic_tourism_daytrip_backcast_2019_2025.xlsx,Table 1,"Backcast Daytrip Trips ('000), Australia and Statesa"
Daytrip,All daytrip,Trips,000 trips,Victoria,VIC,year_ending,2025,Q2,YE Q2 2025,False,80834.954,Tourism Research Australia: Domestic Tourism Statistics,domestic_tourism_daytrip_backcast_2019_2025.xlsx,Table 1,"Backcast Daytrip Trips ('000), Australia and Statesa"
Daytrip,All daytrip,Trips,000 trips,Queensland,QLD,year_ending,2019,Q4,YE Q4 2019,True,40721.932,Tourism Research Australia: Domestic Tourism Statistics,domestic_tourism_daytrip_backcast_2019_2025.xlsx,Table 1,"Backcast Daytrip Trips ('000), Australia and Statesa"
Daytrip,All daytrip,Trips,000 trips,Queensland,QLD,year_ending,2020,Q1,YE Q1 2020,False,40654.62,Tourism Research Australia: Domestic Tourism Statistics,domestic_tourism_daytrip_backcast_2019_2025.xlsx,Table 1,"Backcast Daytrip Trips ('000), Australia and Statesa"
Daytrip,All daytrip,Trips,000 trips,Queensland,QLD,year_ending,2020,Q2,YE Q2 2020,False,38598.939,Tourism Research Australia: Domestic Tourism Statistics,domestic_tourism_daytrip_backcast_2019_2025.xlsx,Table 1,"Backcast Daytrip Trips ('000), Australia and Statesa"
Daytrip,All daytrip,Trips,000 trips,Queensland,QLD,year_ending,2020,Q3,YE Q3 2020,False,38264.244,Tourism Research Australia: Domestic Tourism Statistics,domestic_tourism_daytrip_backcast_2019_2025.xlsx,Table 1,"Backcast Daytrip Trips ('000), Australia and Statesa"
Daytrip,All daytrip,Trips,000 trips,Queensland,QLD,year_ending,2020,Q4,YE Q4 2020,True,37606.169,Tourism Research Australia: Domestic Tourism Statistics,domestic_tourism_daytrip_backcast_2019_2025.xlsx,Table 1,"Backcast Daytrip Trips ('000), Australia and Statesa"
Daytrip,All daytrip,Trips,000 trips,Queensland,QLD,year_ending,2021,Q1,YE Q1 2021,False,37768.542,Tourism Research Australia: Domestic Tourism Statistics,domestic_tourism_daytrip_backcast_2019_2025.xlsx,Table 1,"Backcast Daytrip Trips ('000), Australia and Statesa"
Daytrip,All daytrip,Trips,000 trips,Queensland,QLD,year_ending,2021,Q2,YE Q2 2021,False,41282.466,Tourism Research Australia: Domestic Tourism Statistics,domestic_tourism_daytrip_backcast_2019_2025.xlsx,Table 1,"Backcast Daytrip Trips ('000), Australia and Statesa"
Daytrip,All daytrip,Trips,000 trips,Queensland,QLD,year_ending,2021,Q3,YE Q3 2021,False,42591.3,Tourism Research Australia: Domestic Tourism Statistics,domestic_tourism_daytrip_backcast_2019_2025.xlsx,Table 1,"Backcast Daytrip Trips ('000), Australia and Statesa"
Daytrip,All daytrip,Trips,000 trips,Queensland,QLD,year_ending,2021,Q4,YE Q4 2021,True,43134.026,Tourism Research Australia: Domestic Tourism Statistics,domestic_tourism_daytrip_backcast_2019_2025.xlsx,Table 1,"Backcast Daytrip Trips ('000), Australia and Statesa"
Daytrip,All daytrip,Trips,000 trips,Queensland,QLD,year_ending,2022,Q1,YE Q1 2022,False,42930.839,Tourism Research Australia: Domestic Tourism Statistics,domestic_tourism_daytrip_backcast_2019_2025.xlsx,Table 1,"Backcast Daytrip Trips ('000), Australia and Statesa"
Daytrip,All daytrip,Trips,000 trips,Queensland,QLD,year_ending,2022,Q2,YE Q2 2022,False,43077.411,Tourism Research Australia: Domestic Tourism Statistics,domestic_tourism_daytrip_backcast_2019_2025.xlsx,Table 1,"Backcast Daytrip Trips ('000), Australia and Statesa"
Daytrip,All daytrip,Trips,000 trips,Queensland,QLD,year_ending,2022,Q3,YE Q3 2022,False,44004.434,Tourism Research Australia: Domestic Tourism Statistics,domestic_tourism_daytrip_backcast_2019_2025.xlsx,Table 1,"Backcast Daytrip Trips ('000), Australia and Statesa"
Daytrip,All daytrip,Trips,000 trips,Queensland,QLD,year_ending,2022,Q4,YE Q4 2022,True,45265.216,Tourism Research Australia: Domestic Tourism Statistics,domestic_tourism_daytrip_backcast_2019_2025.xlsx,Table 1,"Backcast Daytrip Trips ('000), Australia and Statesa"
Daytrip,All daytrip,Trips,000 trips,Queensland,QLD,year_ending,2023,Q1,YE Q1 2023,False,46802.602,Tourism Research Australia: Domestic Tourism Statistics,domestic_tourism_daytrip_backcast_2019_2025.xlsx,Table 1,"Backcast Daytrip Trips ('000), Australia and Statesa"
Daytrip,All daytrip,Trips,000 trips,Queensland,QLD,year_ending,2023,Q2,YE Q2 2023,False,46809.525,Tourism Research Australia: Domestic Tourism Statistics,domestic_tourism_daytrip_backcast_2019_2025.xlsx,Table 1,"Backcast Daytrip Trips ('000), Australia and Statesa"
Daytrip,All daytrip,Trips,000 trips,Queensland,QLD,year_ending,2023,Q3,YE Q3 2023,False,46918.706,Tourism Research Australia: Domestic Tourism Statistics,domestic_tourism_daytrip_backcast_2019_2025.xlsx,Table 1,"Backcast Daytrip Trips ('000), Australia and Statesa"
Daytrip,All daytrip,Trips,000 trips,Queensland,QLD,year_ending,2023,Q4,YE Q4 2023,True,46440.603,Tourism Research Australia: Domestic Tourism Statistics,domestic_tourism_daytrip_backcast_2019_2025.xlsx,Table 1,"Backcast Daytrip Trips ('000), Australia and Statesa"
Daytrip,All daytrip,Trips,000 trips,Queensland,QLD,year_ending,2024,Q1,YE Q1 2024,False,46413.501,Tourism Research Australia: Domestic Tourism Statistics,domestic_tourism_daytrip_backcast_2019_2025.xlsx,Table 1,"Backcast Daytrip Trips ('000), Australia and Statesa"
Daytrip,All daytrip,Trips,000 trips,Queensland,QLD,year_ending,2024,Q2,YE Q2 2024,False,46915.825,Tourism Research Australia: Domestic Tourism Statistics,domestic_tourism_daytrip_backcast_2019_2025.xlsx,Table 1,"Backcast Daytrip Trips ('000), Australia and Statesa"
Daytrip,All daytrip,Trips,000 trips,Queensland,QLD,year_ending,2024,Q3,YE Q3 2024,False,47564.461,Tourism Research Australia: Domestic Tourism Statistics,domestic_tourism_daytrip_backcast_2019_2025.xlsx,Table 1,"Backcast Daytrip Trips ('000), Australia and Statesa"
Daytrip,All daytrip,Trips,000 trips,Queensland,QLD,year_ending,2024,Q4,YE Q4 2024,True,48636.313,Tourism Research Australia: Domestic Tourism Statistics,domestic_tourism_daytrip_backcast_2019_2025.xlsx,Table 1,"Backcast Daytrip Trips ('000), Australia and Statesa"
Daytrip,All daytrip,Trips,000 trips,Queensland,QLD,year_ending,2025,Q1,YE Q1 2025,False,49465.511,Tourism Research Australia: Domestic Tourism Statistics,domestic_tourism_daytrip_backcast_2019_2025.xlsx,Table 1,"Backcast Daytrip Trips ('000), Australia and Statesa"
Daytrip,All daytrip,Trips,000 trips,Queensland,QLD,year_ending,2025,Q2,YE Q2 2025,False,51870.18,Tourism Research Australia: Domestic Tourism Statistics,domestic_tourism_daytrip_backcast_2019_2025.xlsx,Table 1,"Backcast Daytrip Trips ('000), Australia and Statesa"
Daytrip,All daytrip,Trips,000 trips,South Australia,SA,year_ending,2019,Q4,YE Q4 2019,True,12620.687,Tourism Research Australia: Domestic Tourism Statistics,domestic_tourism_daytrip_backcast_2019_2025.xlsx,Table 1,"Backcast Daytrip Trips ('000), Australia and Statesa"
Daytrip,All daytrip,Trips,000 trips,South Australia,SA,year_ending,2020,Q1,YE Q1 2020,False,12774.911,Tourism Research Australia: Domestic Tourism Statistics,domestic_tourism_daytrip_backcast_2019_2025.xlsx,Table 1,"Backcast Daytrip Trips ('000), Australia and Statesa"
Daytrip,All daytrip,Trips,000 trips,South Australia,SA,year_ending,2020,Q2,YE Q2 2020,False,12217.724,Tourism Research Australia: Domestic Tourism Statistics,domestic_tourism_daytrip_backcast_2019_2025.xlsx,Table 1,"Backcast Daytrip Trips ('000), Australia and Statesa"
Daytrip,All daytrip,Trips,000 trips,South Australia,SA,year_ending,2020,Q3,YE Q3 2020,False,12341.302,Tourism Research Australia: Domestic Tourism Statistics,domestic_tourism_daytrip_backcast_2019_2025.xlsx,Table 1,"Backcast Daytrip Trips ('000), Australia and Statesa"
Daytrip,All daytrip,Trips,000 trips,South Australia,SA,year_ending,2020,Q4,YE Q4 2020,True,12138.314,Tourism Research Australia: Domestic Tourism Statistics,domestic_tourism_daytrip_backcast_2019_2025.xlsx,Table 1,"Backcast Daytrip Trips ('000), Australia and Statesa"
Daytrip,All daytrip,Trips,000 trips,South Australia,SA,year_ending,2021,Q1,YE Q1 2021,False,12286.693,Tourism Research Australia: Domestic Tourism Statistics,domestic_tourism_daytrip_backcast_2019_2025.xlsx,Table 1,"Backcast Daytrip Trips ('000), Australia and Statesa"
Daytrip,All daytrip,Trips,000 trips,South Australia,SA,year_ending,2021,Q2,YE Q2 2021,False,13345.156,Tourism Research Australia: Domestic Tourism Statistics,domestic_tourism_daytrip_backcast_2019_2025.xlsx,Table 1,"Backcast Daytrip Trips ('000), Australia and Statesa"
Daytrip,All daytrip,Trips,000 trips,South Australia,SA,year_ending,2021,Q3,YE Q3 2021,False,13593.949,Tourism Research Australia: Domestic Tourism Statistics,domestic_tourism_daytrip_backcast_2019_2025.xlsx,Table 1,"Backcast Daytrip Trips ('000), Australia and Statesa"
Daytrip,All daytrip,Trips,000 trips,South Australia,SA,year_ending,2021,Q4,YE Q4 2021,True,13927.493,Tourism Research Australia: Domestic Tourism Statistics,domestic_tourism_daytrip_backcast_2019_2025.xlsx,Table 1,"Backcast Daytrip Trips ('000), Australia and Statesa"
Daytrip,All daytrip,Trips,000 trips,South Australia,SA,year_ending,2022,Q1,YE Q1 2022,False,13828.043,Tourism Research Australia: Domestic Tourism Statistics,domestic_tourism_daytrip_backcast_2019_2025.xlsx,Table 1,"Backcast Daytrip Trips ('000), Australia and Statesa"
Daytrip,All daytrip,Trips,000 trips,South Australia,SA,year_ending,2022,Q2,YE Q2 2022,False,13821.036,Tourism Research Australia: Domestic Tourism Statistics,domestic_tourism_daytrip_backcast_2019_2025.xlsx,Table 1,"Backcast Daytrip Trips ('000), Australia and Statesa"
Daytrip,All daytrip,Trips,000 trips,South Australia,SA,year_ending,2022,Q3,YE Q3 2022,False,14140.495,Tourism Research Australia: Domestic Tourism Statistics,domestic_tourism_daytrip_backcast_2019_2025.xlsx,Table 1,"Backcast Daytrip Trips ('000), Australia and Statesa"
Daytrip,All daytrip,Trips,000 trips,South Australia,SA,year_ending,2022,Q4,YE Q4 2022,True,14533.905,Tourism Research Australia: Domestic Tourism Statistics,domestic_tourism_daytrip_backcast_2019_2025.xlsx,Table 1,"Backcast Daytrip Trips ('000), Australia and Statesa"
Daytrip,All daytrip,Trips,000 trips,South Australia,SA,year_ending,2023,Q1,YE Q1 2023,False,14864.536,Tourism Research Australia: Domestic Tourism Statistics,domestic_tourism_daytrip_backcast_2019_2025.xlsx,Table 1,"Backcast Daytrip Trips ('000), Australia and Statesa"
Daytrip,All daytrip,Trips,000 trips,South Australia,SA,year_ending,2023,Q2,YE Q2 2023,False,14981.8,Tourism Research Australia: Domestic Tourism Statistics,domestic_tourism_daytrip_backcast_2019_2025.xlsx,Table 1,"Backcast Daytrip Trips ('000), Australia and Statesa"
Daytrip,All daytrip,Trips,000 trips,South Australia,SA,year_ending,2023,Q3,YE Q3 2023,False,15034.142,Tourism Research Australia: Domestic Tourism Statistics,domestic_tourism_daytrip_backcast_2019_2025.xlsx,Table 1,"Backcast Daytrip Trips ('000), Australia and Statesa"
Daytrip,All daytrip,Trips,000 trips,South Australia,SA,year_ending,2023,Q4,YE Q4 2023,True,14833.051,Tourism Research Australia: Domestic Tourism Statistics,domestic_tourism_daytrip_backcast_2019_2025.xlsx,Table 1,"Backcast Daytrip Trips ('000), Australia and Statesa"
Daytrip,All daytrip,Trips,000 trips,South Australia,SA,year_ending,2024,Q1,YE Q1 2024,False,14940.821,Tourism Research Australia: Domestic Tourism Statistics,domestic_tourism_daytrip_backcast_2019_2025.xlsx,Table 1,"Backcast Daytrip Trips ('000), Australia and Statesa"
Daytrip,All daytrip,Trips,000 trips,South Australia,SA,year_ending,2024,Q2,YE Q2 2024,False,15000.343,Tourism Research Australia: Domestic Tourism Statistics,domestic_tourism_daytrip_backcast_2019_2025.xlsx,Table 1,"Backcast Daytrip Trips ('000), Australia and Statesa"
Daytrip,All daytrip,Trips,000 trips,South Australia,SA,year_ending,2024,Q3,YE Q3 2024,False,15099.506,Tourism Research Australia: Domestic Tourism Statistics,domestic_tourism_daytrip_backcast_2019_2025.xlsx,Table 1,"Backcast Daytrip Trips ('000), Australia and Statesa"
Daytrip,All daytrip,Trips,000 trips,South Australia,SA,year_ending,2024,Q4,YE Q4 2024,True,15436.845,Tourism Research Australia: Domestic Tourism Statistics,domestic_tourism_daytrip_backcast_2019_2025.xlsx,Table 1,"Backcast Daytrip Trips ('000), Australia and Statesa"
Daytrip,All daytrip,Trips,000 trips,South Australia,SA,year_ending,2025,Q1,YE Q1 2025,False,15583.552,Tourism Research Australia: Domestic Tourism Statistics,domestic_tourism_daytrip_backcast_2019_2025.xlsx,Table 1,"Backcast Daytrip Trips ('000), Australia and Statesa"
Daytrip,All daytrip,Trips,000 trips,South Australia,SA,year_ending,2025,Q2,YE Q2 2025,False,15907.791,Tourism Research Australia: Domestic Tourism Statistics,domestic_tourism_daytrip_backcast_2019_2025.xlsx,Table 1,"Backcast Daytrip Trips ('000), Australia and Statesa"
Daytrip,All daytrip,Trips,000 trips,Western Australia,WA,year_ending,2019,Q4,YE Q4 2019,True,22012.827,Tourism Research Australia: Domestic Tourism Statistics,domestic_tourism_daytrip_backcast_2019_2025.xlsx,Table 1,"Backcast Daytrip Trips ('000), Australia and Statesa"
Daytrip,All daytrip,Trips,000 trips,Western Australia,WA,year_ending,2020,Q1,YE Q1 2020,False,22100.453,Tourism Research Australia: Domestic Tourism Statistics,domestic_tourism_daytrip_backcast_2019_2025.xlsx,Table 1,"Backcast Daytrip Trips ('000), Australia and Statesa"
Daytrip,All daytrip,Trips,000 trips,Western Australia,WA,year_ending,2020,Q2,YE Q2 2020,False,21152.798,Tourism Research Australia: Domestic Tourism Statistics,domestic_tourism_daytrip_backcast_2019_2025.xlsx,Table 1,"Backcast Daytrip Trips ('000), Australia and Statesa"
Daytrip,All daytrip,Trips,000 trips,Western Australia,WA,year_ending,2020,Q3,YE Q3 2020,False,21529.453,Tourism Research Australia: Domestic Tourism Statistics,domestic_tourism_daytrip_backcast_2019_2025.xlsx,Table 1,"Backcast Daytrip Trips ('000), Australia and Statesa"
Daytrip,All daytrip,Trips,000 trips,Western Australia,WA,year_ending,2020,Q4,YE Q4 2020,True,21539.548,Tourism Research Australia: Domestic Tourism Statistics,domestic_tourism_daytrip_backcast_2019_2025.xlsx,Table 1,"Backcast Daytrip Trips ('000), Australia and Statesa"
Daytrip,All daytrip,Trips,000 trips,Western Australia,WA,year_ending,2021,Q1,YE Q1 2021,False,21709.918,Tourism Research Australia: Domestic Tourism Statistics,domestic_tourism_daytrip_backcast_2019_2025.xlsx,Table 1,"Backcast Daytrip Trips ('000), Australia and Statesa"
Daytrip,All daytrip,Trips,000 trips,Western Australia,WA,year_ending,2021,Q2,YE Q2 2021,False,23436.267,Tourism Research Australia: Domestic Tourism Statistics,domestic_tourism_daytrip_backcast_2019_2025.xlsx,Table 1,"Backcast Daytrip Trips ('000), Australia and Statesa"
Daytrip,All daytrip,Trips,000 trips,Western Australia,WA,year_ending,2021,Q3,YE Q3 2021,False,24086.026,Tourism Research Australia: Domestic Tourism Statistics,domestic_tourism_daytrip_backcast_2019_2025.xlsx,Table 1,"Backcast Daytrip Trips ('000), Australia and Statesa"
Daytrip,All daytrip,Trips,000 trips,Western Australia,WA,year_ending,2021,Q4,YE Q4 2021,True,24399.267,Tourism Research Australia: Domestic Tourism Statistics,domestic_tourism_daytrip_backcast_2019_2025.xlsx,Table 1,"Backcast Daytrip Trips ('000), Australia and Statesa"
Daytrip,All daytrip,Trips,000 trips,Western Australia,WA,year_ending,2022,Q1,YE Q1 2022,False,24431.405,Tourism Research Australia: Domestic Tourism Statistics,domestic_tourism_daytrip_backcast_2019_2025.xlsx,Table 1,"Backcast Daytrip Trips ('000), Australia and Statesa"
Daytrip,All daytrip,Trips,000 trips,Western Australia,WA,year_ending,2022,Q2,YE Q2 2022,False,24406.237,Tourism Research Australia: Domestic Tourism Statistics,domestic_tourism_daytrip_backcast_2019_2025.xlsx,Table 1,"Backcast Daytrip Trips ('000), Australia and Statesa"
Daytrip,All daytrip,Trips,000 trips,Western Australia,WA,year_ending,2022,Q3,YE Q3 2022,False,24459.533,Tourism Research Australia: Domestic Tourism Statistics,domestic_tourism_daytrip_backcast_2019_2025.xlsx,Table 1,"Backcast Daytrip Trips ('000), Australia and Statesa"
Daytrip,All daytrip,Trips,000 trips,Western Australia,WA,year_ending,2022,Q4,YE Q4 2022,True,24909.179,Tourism Research Australia: Domestic Tourism Statistics,domestic_tourism_daytrip_backcast_2019_2025.xlsx,Table 1,"Backcast Daytrip Trips ('000), Australia and Statesa"
Daytrip,All daytrip,Trips,000 trips,Western Australia,WA,year_ending,2023,Q1,YE Q1 2023,False,25391.097,Tourism Research Australia: Domestic Tourism Statistics,domestic_tourism_daytrip_backcast_2019_2025.xlsx,Table 1,"Backcast Daytrip Trips ('000), Australia and Statesa"
Daytrip,All daytrip,Trips,000 trips,Western Australia,WA,year_ending,2023,Q2,YE Q2 2023,False,25647.5,Tourism Research Australia: Domestic Tourism Statistics,domestic_tourism_daytrip_backcast_2019_2025.xlsx,Table 1,"Backcast Daytrip Trips ('000), Australia and Statesa"
Daytrip,All daytrip,Trips,000 trips,Western Australia,WA,year_ending,2023,Q3,YE Q3 2023,False,25781.186,Tourism Research Australia: Domestic Tourism Statistics,domestic_tourism_daytrip_backcast_2019_2025.xlsx,Table 1,"Backcast Daytrip Trips ('000), Australia and Statesa"
Daytrip,All daytrip,Trips,000 trips,Western Australia,WA,year_ending,2023,Q4,YE Q4 2023,True,25672.348,Tourism Research Australia: Domestic Tourism Statistics,domestic_tourism_daytrip_backcast_2019_2025.xlsx,Table 1,"Backcast Daytrip Trips ('000), Australia and Statesa"
Daytrip,All daytrip,Trips,000 trips,Western Australia,WA,year_ending,2024,Q1,YE Q1 2024,False,25957.973,Tourism Research Australia: Domestic Tourism Statistics,domestic_tourism_daytrip_backcast_2019_2025.xlsx,Table 1,"Backcast Daytrip Trips ('000), Australia and Statesa"
Daytrip,All daytrip,Trips,000 trips,Western Australia,WA,year_ending,2024,Q2,YE Q2 2024,False,26104.099,Tourism Research Australia: Domestic Tourism Statistics,domestic_tourism_daytrip_backcast_2019_2025.xlsx,Table 1,"Backcast Daytrip Trips ('000), Australia and Statesa"
Daytrip,All daytrip,Trips,000 trips,Western Australia,WA,year_ending,2024,Q3,YE Q3 2024,False,26258.409,Tourism Research Australia: Domestic Tourism Statistics,domestic_tourism_daytrip_backcast_2019_2025.xlsx,Table 1,"Backcast Daytrip Trips ('000), Australia and Statesa"
Daytrip,All daytrip,Trips,000 trips,Western Australia,WA,year_ending,2024,Q4,YE Q4 2024,True,26778.288,Tourism Research Australia: Domestic Tourism Statistics,domestic_tourism_daytrip_backcast_2019_2025.xlsx,Table 1,"Backcast Daytrip Trips ('000), Australia and Statesa"
Daytrip,All daytrip,Trips,000 trips,Western Australia,WA,year_ending,2025,Q1,YE Q1 2025,False,27000.959,Tourism Research Australia: Domestic Tourism Statistics,domestic_tourism_daytrip_backcast_2019_2025.xlsx,Table 1,"Backcast Daytrip Trips ('000), Australia and Statesa"
Daytrip,All daytrip,Trips,000 trips,Western Australia,WA,year_ending,2025,Q2,YE Q2 2025,False,27884.377,Tourism Research Australia: Domestic Tourism Statistics,domestic_tourism_daytrip_backcast_2019_2025.xlsx,Table 1,"Backcast Daytrip Trips ('000), Australia and Statesa"
Daytrip,All daytrip,Trips,000 trips,Tasmania,TAS,year_ending,2019,Q4,YE Q4 2019,True,3973.046,Tourism Research Australia: Domestic Tourism Statistics,domestic_tourism_daytrip_backcast_2019_2025.xlsx,Table 1,"Backcast Daytrip Trips ('000), Australia and Statesa"
Daytrip,All daytrip,Trips,000 trips,Tasmania,TAS,year_ending,2020,Q1,YE Q1 2020,False,4062.307,Tourism Research Australia: Domestic Tourism Statistics,domestic_tourism_daytrip_backcast_2019_2025.xlsx,Table 1,"Backcast Daytrip Trips ('000), Australia and Statesa"
Daytrip,All daytrip,Trips,000 trips,Tasmania,TAS,year_ending,2020,Q2,YE Q2 2020,False,3816.094,Tourism Research Australia: Domestic Tourism Statistics,domestic_tourism_daytrip_backcast_2019_2025.xlsx,Table 1,"Backcast Daytrip Trips ('000), Australia and Statesa"
Daytrip,All daytrip,Trips,000 trips,Tasmania,TAS,year_ending,2020,Q3,YE Q3 2020,False,3910.328,Tourism Research Australia: Domestic Tourism Statistics,domestic_tourism_daytrip_backcast_2019_2025.xlsx,Table 1,"Backcast Daytrip Trips ('000), Australia and Statesa"
Daytrip,All daytrip,Trips,000 trips,Tasmania,TAS,year_ending,2020,Q4,YE Q4 2020,True,3970.048,Tourism Research Australia: Domestic Tourism Statistics,domestic_tourism_daytrip_backcast_2019_2025.xlsx,Table 1,"Backcast Daytrip Trips ('000), Australia and Statesa"
Daytrip,All daytrip,Trips,000 trips,Tasmania,TAS,year_ending,2021,Q1,YE Q1 2021,False,4126.595,Tourism Research Australia: Domestic Tourism Statistics,domestic_tourism_daytrip_backcast_2019_2025.xlsx,Table 1,"Backcast Daytrip Trips ('000), Australia and Statesa"
Daytrip,All daytrip,Trips,000 trips,Tasmania,TAS,year_ending,2021,Q2,YE Q2 2021,False,4674.786,Tourism Research Australia: Domestic Tourism Statistics,domestic_tourism_daytrip_backcast_2019_2025.xlsx,Table 1,"Backcast Daytrip Trips ('000), Australia and Statesa"
Daytrip,All daytrip,Trips,000 trips,Tasmania,TAS,year_ending,2021,Q3,YE Q3 2021,False,4902.791,Tourism Research Australia: Domestic Tourism Statistics,domestic_tourism_daytrip_backcast_2019_2025.xlsx,Table 1,"Backcast Daytrip Trips ('000), Australia and Statesa"
Daytrip,All daytrip,Trips,000 trips,Tasmania,TAS,year_ending,2021,Q4,YE Q4 2021,True,5012.149,Tourism Research Australia: Domestic Tourism Statistics,domestic_tourism_daytrip_backcast_2019_2025.xlsx,Table 1,"Backcast Daytrip Trips ('000), Australia and Statesa"
Daytrip,All daytrip,Trips,000 trips,Tasmania,TAS,year_ending,2022,Q1,YE Q1 2022,False,5038.274,Tourism Research Australia: Domestic Tourism Statistics,domestic_tourism_daytrip_backcast_2019_2025.xlsx,Table 1,"Backcast Daytrip Trips ('000), Australia and Statesa"
Daytrip,All daytrip,Trips,000 trips,Tasmania,TAS,year_ending,2022,Q2,YE Q2 2022,False,5011.759,Tourism Research Australia: Domestic Tourism Statistics,domestic_tourism_daytrip_backcast_2019_2025.xlsx,Table 1,"Backcast Daytrip Trips ('000), Australia and Statesa"
Daytrip,All daytrip,Trips,000 trips,Tasmania,TAS,year_ending,2022,Q3,YE Q3 2022,False,5043.808,Tourism Research Australia: Domestic Tourism Statistics,domestic_tourism_daytrip_backcast_2019_2025.xlsx,Table 1,"Backcast Daytrip Trips ('000), Australia and Statesa"
Daytrip,All daytrip,Trips,000 trips,Tasmania,TAS,year_ending,2022,Q4,YE Q4 2022,True,5199.177,Tourism Research Australia: Domestic Tourism Statistics,domestic_tourism_daytrip_backcast_2019_2025.xlsx,Table 1,"Backcast Daytrip Trips ('000), Australia and Statesa"
Daytrip,All daytrip,Trips,000 trips,Tasmania,TAS,year_ending,2023,Q1,YE Q1 2023,False,5261.587,Tourism Research Australia: Domestic Tourism Statistics,domestic_tourism_daytrip_backcast_2019_2025.xlsx,Table 1,"Backcast Daytrip Trips ('000), Australia and Statesa"
Daytrip,All daytrip,Trips,000 trips,Tasmania,TAS,year_ending,2023,Q2,YE Q2 2023,False,5362.713,Tourism Research Australia: Domestic Tourism Statistics,domestic_tourism_daytrip_backcast_2019_2025.xlsx,Table 1,"Backcast Daytrip Trips ('000), Australia and Statesa"
Daytrip,All daytrip,Trips,000 trips,Tasmania,TAS,year_ending,2023,Q3,YE Q3 2023,False,5365.463,Tourism Research Australia: Domestic Tourism Statistics,domestic_tourism_daytrip_backcast_2019_2025.xlsx,Table 1,"Backcast Daytrip Trips ('000), Australia and Statesa"
Daytrip,All daytrip,Trips,000 trips,Tasmania,TAS,year_ending,2023,Q4,YE Q4 2023,True,5267.467,Tourism Research Australia: Domestic Tourism Statistics,domestic_tourism_daytrip_backcast_2019_2025.xlsx,Table 1,"Backcast Daytrip Trips ('000), Australia and Statesa"
Daytrip,All daytrip,Trips,000 trips,Tasmania,TAS,year_ending,2024,Q1,YE Q1 2024,False,5251.115,Tourism Research Australia: Domestic Tourism Statistics,domestic_tourism_daytrip_backcast_2019_2025.xlsx,Table 1,"Backcast Daytrip Trips ('000), Australia and Statesa"
Daytrip,All daytrip,Trips,000 trips,Tasmania,TAS,year_ending,2024,Q2,YE Q2 2024,False,5198.803,Tourism Research Australia: Domestic Tourism Statistics,domestic_tourism_daytrip_backcast_2019_2025.xlsx,Table 1,"Backcast Daytrip Trips ('000), Australia and Statesa"
Daytrip,All daytrip,Trips,000 trips,Tasmania,TAS,year_ending,2024,Q3,YE Q3 2024,False,5237.918,Tourism Research Australia: Domestic Tourism Statistics,domestic_tourism_daytrip_backcast_2019_2025.xlsx,Table 1,"Backcast Daytrip Trips ('000), Australia and Statesa"
Daytrip,All daytrip,Trips,000 trips,Tasmania,TAS,year_ending,2024,Q4,YE Q4 2024,True,5358.882,Tourism Research Australia: Domestic Tourism Statistics,domestic_tourism_daytrip_backcast_2019_2025.xlsx,Table 1,"Backcast Daytrip Trips ('000), Australia and Statesa"
Daytrip,All daytrip,Trips,000 trips,Tasmania,TAS,year_ending,2025,Q1,YE Q1 2025,False,5194.003,Tourism Research Australia: Domestic Tourism Statistics,domestic_tourism_daytrip_backcast_2019_2025.xlsx,Table 1,"Backcast Daytrip Trips ('000), Australia and Statesa"
Daytrip,All daytrip,Trips,000 trips,Tasmania,TAS,year_ending,2025,Q2,YE Q2 2025,False,5067.468,Tourism Research Australia: Domestic Tourism Statistics,domestic_tourism_daytrip_backcast_2019_2025.xlsx,Table 1,"Backcast Daytrip Trips ('000), Australia and Statesa"
Daytrip,All daytrip,Trips,000 trips,Northern Territory,NT,year_ending,2019,Q4,YE Q4 2019,True,551.309,Tourism Research Australia: Domestic Tourism Statistics,domestic_tourism_daytrip_backcast_2019_2025.xlsx,Table 1,"Backcast Daytrip Trips ('000), Australia and Statesa"
Daytrip,All daytrip,Trips,000 trips,Northern Territory,NT,year_ending,2020,Q1,YE Q1 2020,False,582.959,Tourism Research Australia: Domestic Tourism Statistics,domestic_tourism_daytrip_backcast_2019_2025.xlsx,Table 1,"Backcast Daytrip Trips ('000), Australia and Statesa"
Daytrip,All daytrip,Trips,000 trips,Northern Territory,NT,year_ending,2020,Q2,YE Q2 2020,False,597.997,Tourism Research Australia: Domestic Tourism Statistics,domestic_tourism_daytrip_backcast_2019_2025.xlsx,Table 1,"Backcast Daytrip Trips ('000), Australia and Statesa"
Daytrip,All daytrip,Trips,000 trips,Northern Territory,NT,year_ending,2020,Q3,YE Q3 2020,False,643.831,Tourism Research Australia: Domestic Tourism Statistics,domestic_tourism_daytrip_backcast_2019_2025.xlsx,Table 1,"Backcast Daytrip Trips ('000), Australia and Statesa"
Daytrip,All daytrip,Trips,000 trips,Northern Territory,NT,year_ending,2020,Q4,YE Q4 2020,True,669.067,Tourism Research Australia: Domestic Tourism Statistics,domestic_tourism_daytrip_backcast_2019_2025.xlsx,Table 1,"Backcast Daytrip Trips ('000), Australia and Statesa"
Daytrip,All daytrip,Trips,000 trips,Northern Territory,NT,year_ending,2021,Q1,YE Q1 2021,False,698.209,Tourism Research Australia: Domestic Tourism Statistics,domestic_tourism_daytrip_backcast_2019_2025.xlsx,Table 1,"Backcast Daytrip Trips ('000), Australia and Statesa"
Daytrip,All daytrip,Trips,000 trips,Northern Territory,NT,year_ending,2021,Q2,YE Q2 2021,False,756.679,Tourism Research Australia: Domestic Tourism Statistics,domestic_tourism_daytrip_backcast_2019_2025.xlsx,Table 1,"Backcast Daytrip Trips ('000), Australia and Statesa"
Daytrip,All daytrip,Trips,000 trips,Northern Territory,NT,year_ending,2021,Q3,YE Q3 2021,False,777.365,Tourism Research Australia: Domestic Tourism Statistics,domestic_tourism_daytrip_backcast_2019_2025.xlsx,Table 1,"Backcast Daytrip Trips ('000), Australia and Statesa"
Daytrip,All daytrip,Trips,000 trips,Northern Territory,NT,year_ending,2021,Q4,YE Q4 2021,True,772.968,Tourism Research Australia: Domestic Tourism Statistics,domestic_tourism_daytrip_backcast_2019_2025.xlsx,Table 1,"Backcast Daytrip Trips ('000), Australia and Statesa"
Daytrip,All daytrip,Trips,000 trips,Northern Territory,NT,year_ending,2022,Q1,YE Q1 2022,False,765.36,Tourism Research Australia: Domestic Tourism Statistics,domestic_tourism_daytrip_backcast_2019_2025.xlsx,Table 1,"Backcast Daytrip Trips ('000), Australia and Statesa"
Daytrip,All daytrip,Trips,000 trips,Northern Territory,NT,year_ending,2022,Q2,YE Q2 2022,False,759.808,Tourism Research Australia: Domestic Tourism Statistics,domestic_tourism_daytrip_backcast_2019_2025.xlsx,Table 1,"Backcast Daytrip Trips ('000), Australia and Statesa"
Daytrip,All daytrip,Trips,000 trips,Northern Territory,NT,year_ending,2022,Q3,YE Q3 2022,False,759.252,Tourism Research Australia: Domestic Tourism Statistics,domestic_tourism_daytrip_backcast_2019_2025.xlsx,Table 1,"Backcast Daytrip Trips ('000), Australia and Statesa"
Daytrip,All daytrip,Trips,000 trips,Northern Territory,NT,year_ending,2022,Q4,YE Q4 2022,True,771.807,Tourism Research Australia: Domestic Tourism Statistics,domestic_tourism_daytrip_backcast_2019_2025.xlsx,Table 1,"Backcast Daytrip Trips ('000), Australia and Statesa"
Daytrip,All daytrip,Trips,000 trips,Northern Territory,NT,year_ending,2023,Q1,YE Q1 2023,False,794.37,Tourism Research Australia: Domestic Tourism Statistics,domestic_tourism_daytrip_backcast_2019_2025.xlsx,Table 1,"Backcast Daytrip Trips ('000), Australia and Statesa"
Daytrip,All daytrip,Trips,000 trips,Northern Territory,NT,year_ending,2023,Q2,YE Q2 2023,False,807.375,Tourism Research Australia: Domestic Tourism Statistics,domestic_tourism_daytrip_backcast_2019_2025.xlsx,Table 1,"Backcast Daytrip Trips ('000), Australia and Statesa"
Daytrip,All daytrip,Trips,000 trips,Northern Territory,NT,year_ending,2023,Q3,YE Q3 2023,False,816.04,Tourism Research Australia: Domestic Tourism Statistics,domestic_tourism_daytrip_backcast_2019_2025.xlsx,Table 1,"Backcast Daytrip Trips ('000), Australia and Statesa"
Daytrip,All daytrip,Trips,000 trips,Northern Territory,NT,year_ending,2023,Q4,YE Q4 2023,True,823.505,Tourism Research Australia: Domestic Tourism Statistics,domestic_tourism_daytrip_backcast_2019_2025.xlsx,Table 1,"Backcast Daytrip Trips ('000), Australia and Statesa"
Daytrip,All daytrip,Trips,000 trips,Northern Territory,NT,year_ending,2024,Q1,YE Q1 2024,False,832.627,Tourism Research Australia: Domestic Tourism Statistics,domestic_tourism_daytrip_backcast_2019_2025.xlsx,Table 1,"Backcast Daytrip Trips ('000), Australia and Statesa"
Daytrip,All daytrip,Trips,000 trips,Northern Territory,NT,year_ending,2024,Q2,YE Q2 2024,False,844.225,Tourism Research Australia: Domestic Tourism Statistics,domestic_tourism_daytrip_backcast_2019_2025.xlsx,Table 1,"Backcast Daytrip Trips ('000), Australia and Statesa"
Daytrip,All daytrip,Trips,000 trips,Northern Territory,NT,year_ending,2024,Q3,YE Q3 2024,False,845.961,Tourism Research Australia: Domestic Tourism Statistics,domestic_tourism_daytrip_backcast_2019_2025.xlsx,Table 1,"Backcast Daytrip Trips ('000), Australia and Statesa"
Daytrip,All daytrip,Trips,000 trips,Northern Territory,NT,year_ending,2024,Q4,YE Q4 2024,True,849.557,Tourism Research Australia: Domestic Tourism Statistics,domestic_tourism_daytrip_backcast_2019_2025.xlsx,Table 1,"Backcast Daytrip Trips ('000), Australia and Statesa"
Daytrip,All daytrip,Trips,000 trips,Northern Territory,NT,year_ending,2025,Q1,YE Q1 2025,False,914.186,Tourism Research Australia: Domestic Tourism Statistics,domestic_tourism_daytrip_backcast_2019_2025.xlsx,Table 1,"Backcast Daytrip Trips ('000), Australia and Statesa"
Daytrip,All daytrip,Trips,000 trips,Northern Territory,NT,year_ending,2025,Q2,YE Q2 2025,False,1042.187,Tourism Research Australia: Domestic Tourism Statistics,domestic_tourism_daytrip_backcast_2019_2025.xlsx,Table 1,"Backcast Daytrip Trips ('000), Australia and Statesa"
Daytrip,All daytrip,Trips,000 trips,ACT,ACT,year_ending,2019,Q4,YE Q4 2019,True,1738.616,Tourism Research Australia: Domestic Tourism Statistics,domestic_tourism_daytrip_backcast_2019_2025.xlsx,Table 1,"Backcast Daytrip Trips ('000), Australia and Statesa"
Daytrip,All daytrip,Trips,000 trips,ACT,ACT,year_ending,2020,Q1,YE Q1 2020,False,1711.082,Tourism Research Australia: Domestic Tourism Statistics,domestic_tourism_daytrip_backcast_2019_2025.xlsx,Table 1,"Backcast Daytrip Trips ('000), Australia and Statesa"
Daytrip,All daytrip,Trips,000 trips,ACT,ACT,year_ending,2020,Q2,YE Q2 2020,False,1576.666,Tourism Research Australia: Domestic Tourism Statistics,domestic_tourism_daytrip_backcast_2019_2025.xlsx,Table 1,"Backcast Daytrip Trips ('000), Australia and Statesa"
Daytrip,All daytrip,Trips,000 trips,ACT,ACT,year_ending,2020,Q3,YE Q3 2020,False,1531.24,Tourism Research Australia: Domestic Tourism Statistics,domestic_tourism_daytrip_backcast_2019_2025.xlsx,Table 1,"Backcast Daytrip Trips ('000), Australia and Statesa"
Daytrip,All daytrip,Trips,000 trips,ACT,ACT,year_ending,2020,Q4,YE Q4 2020,True,1483.718,Tourism Research Australia: Domestic Tourism Statistics,domestic_tourism_daytrip_backcast_2019_2025.xlsx,Table 1,"Backcast Daytrip Trips ('000), Australia and Statesa"
Daytrip,All daytrip,Trips,000 trips,ACT,ACT,year_ending,2021,Q1,YE Q1 2021,False,1491.99,Tourism Research Australia: Domestic Tourism Statistics,domestic_tourism_daytrip_backcast_2019_2025.xlsx,Table 1,"Backcast Daytrip Trips ('000), Australia and Statesa"
Daytrip,All daytrip,Trips,000 trips,ACT,ACT,year_ending,2021,Q2,YE Q2 2021,False,1648.003,Tourism Research Australia: Domestic Tourism Statistics,domestic_tourism_daytrip_backcast_2019_2025.xlsx,Table 1,"Backcast Daytrip Trips ('000), Australia and Statesa"
Daytrip,All daytrip,Trips,000 trips,ACT,ACT,year_ending,2021,Q3,YE Q3 2021,False,1548.834,Tourism Research Australia: Domestic Tourism Statistics,domestic_tourism_daytrip_backcast_2019_2025.xlsx,Table 1,"Backcast Daytrip Trips ('000), Australia and Statesa"
Daytrip,All daytrip,Trips,000 trips,ACT,ACT,year_ending,2021,Q4,YE Q4 2021,True,1535.005,Tourism Research Australia: Domestic Tourism Statistics,domestic_tourism_daytrip_backcast_2019_2025.xlsx,Table 1,"Backcast Daytrip Trips ('000), Australia and Statesa"
Daytrip,All daytrip,Trips,000 trips,ACT,ACT,year_ending,2022,Q1,YE Q1 2022,False,1525.244,Tourism Research Australia: Domestic Tourism Statistics,domestic_tourism_daytrip_backcast_2019_2025.xlsx,Table 1,"Backcast Daytrip Trips ('000), Australia and Statesa"
Daytrip,All daytrip,Trips,000 trips,ACT,ACT,year_ending,2022,Q2,YE Q2 2022,False,1512.928,Tourism Research Australia: Domestic Tourism Statistics,domestic_tourism_daytrip_backcast_2019_2025.xlsx,Table 1,"Backcast Daytrip Trips ('000), Australia and Statesa"
Daytrip,All daytrip,Trips,000 trips,ACT,ACT,year_ending,2022,Q3,YE Q3 2022,False,1698.779,Tourism Research Australia: Domestic Tourism Statistics,domestic_tourism_daytrip_backcast_2019_2025.xlsx,Table 1,"Backcast Daytrip Trips ('000), Australia and Statesa"
Daytrip,All daytrip,Trips,000 trips,ACT,ACT,year_ending,2022,Q4,YE Q4 2022,True,1797.323,Tourism Research Australia: Domestic Tourism Statistics,domestic_tourism_daytrip_backcast_2019_2025.xlsx,Table 1,"Backcast Daytrip Trips ('000), Australia and Statesa"
Daytrip,All daytrip,Trips,000 trips,ACT,ACT,year_ending,2023,Q1,YE Q1 2023,False,1850.939,Tourism Research Australia: Domestic Tourism Statistics,domestic_tourism_daytrip_backcast_2019_2025.xlsx,Table 1,"Backcast Daytrip Trips ('000), Australia and Statesa"
Daytrip,All daytrip,Trips,000 trips,ACT,ACT,year_ending,2023,Q2,YE Q2 2023,False,1865.209,Tourism Research Australia: Domestic Tourism Statistics,domestic_tourism_daytrip_backcast_2019_2025.xlsx,Table 1,"Backcast Daytrip Trips ('000), Australia and Statesa"
Daytrip,All daytrip,Trips,000 trips,ACT,ACT,year_ending,2023,Q3,YE Q3 2023,False,1890.432,Tourism Research Australia: Domestic Tourism Statistics,domestic_tourism_daytrip_backcast_2019_2025.xlsx,Table 1,"Backcast Daytrip Trips ('000), Australia and Statesa"
Daytrip,All daytrip,Trips,000 trips,ACT,ACT,year_ending,2023,Q4,YE Q4 2023,True,1866.108,Tourism Research Australia: Domestic Tourism Statistics,domestic_tourism_daytrip_backcast_2019_2025.xlsx,Table 1,"Backcast Daytrip Trips ('000), Australia and Statesa"
Daytrip,All daytrip,Trips,000 trips,ACT,ACT,year_ending,2024,Q1,YE Q1 2024,False,1857.495,Tourism Research Australia: Domestic Tourism Statistics,domestic_tourism_daytrip_backcast_2019_2025.xlsx,Table 1,"Backcast Daytrip Trips ('000), Australia and Statesa"
Daytrip,All daytrip,Trips,000 trips,ACT,ACT,year_ending,2024,Q2,YE Q2 2024,False,1867.31,Tourism Research Australia: Domestic Tourism Statistics,domestic_tourism_daytrip_backcast_2019_2025.xlsx,Table 1,"Backcast Daytrip Trips ('000), Australia and Statesa"
Daytrip,All daytrip,Trips,000 trips,ACT,ACT,year_ending,2024,Q3,YE Q3 2024,False,1891.951,Tourism Research Australia: Domestic Tourism Statistics,domestic_tourism_daytrip_backcast_2019_2025.xlsx,Table 1,"Backcast Daytrip Trips ('000), Australia and Statesa"
Daytrip,All daytrip,Trips,000 trips,ACT,ACT,year_ending,2024,Q4,YE Q4 2024,True,1938.678,Tourism Research Australia: Domestic Tourism Statistics,domestic_tourism_daytrip_backcast_2019_2025.xlsx,Table 1,"Backcast Daytrip Trips ('000), Australia and Statesa"
Daytrip,All daytrip,Trips,000 trips,ACT,ACT,year_ending,2025,Q1,YE Q1 2025,False,1964.204,Tourism Research Australia: Domestic Tourism Statistics,domestic_tourism_daytrip_backcast_2019_2025.xlsx,Table 1,"Backcast Daytrip Trips ('000), Australia and Statesa"
Daytrip,All daytrip,Trips,000 trips,ACT,ACT,year_ending,2025,Q2,YE Q2 2025,False,2009.177,Tourism Research Australia: Domestic Tourism Statistics,domestic_tourism_daytrip_backcast_2019_2025.xlsx,Table 1,"Backcast Daytrip Trips ('000), Australia and Statesa"
Daytrip,All daytrip,Spend,AUD millions,Australia,AUS,year_ending,2019,Q4,YE Q4 2019,True,23075.237,Tourism Research Australia: Domestic Tourism Statistics,domestic_tourism_daytrip_backcast_2019_2025.xlsx,Table 2,"Backcast Daytrip Spend ($M), Australia and Statesa"
Daytrip,All daytrip,Spend,AUD millions,Australia,AUS,year_ending,2020,Q1,YE Q1 2020,False,23426.688,Tourism Research Australia: Domestic Tourism Statistics,domestic_tourism_daytrip_backcast_2019_2025.xlsx,Table 2,"Backcast Daytrip Spend ($M), Australia and Statesa"
Daytrip,All daytrip,Spend,AUD millions,Australia,AUS,year_ending,2020,Q2,YE Q2 2020,False,21622.44,Tourism Research Australia: Domestic Tourism Statistics,domestic_tourism_daytrip_backcast_2019_2025.xlsx,Table 2,"Backcast Daytrip Spend ($M), Australia and Statesa"
Daytrip,All daytrip,Spend,AUD millions,Australia,AUS,year_ending,2020,Q3,YE Q3 2020,False,20399.397,Tourism Research Australia: Domestic Tourism Statistics,domestic_tourism_daytrip_backcast_2019_2025.xlsx,Table 2,"Backcast Daytrip Spend ($M), Australia and Statesa"
Daytrip,All daytrip,Spend,AUD millions,Australia,AUS,year_ending,2020,Q4,YE Q4 2020,True,19563.891,Tourism Research Australia: Domestic Tourism Statistics,domestic_tourism_daytrip_backcast_2019_2025.xlsx,Table 2,"Backcast Daytrip Spend ($M), Australia and Statesa"
Daytrip,All daytrip,Spend,AUD millions,Australia,AUS,year_ending,2021,Q1,YE Q1 2021,False,19502.495,Tourism Research Australia: Domestic Tourism Statistics,domestic_tourism_daytrip_backcast_2019_2025.xlsx,Table 2,"Backcast Daytrip Spend ($M), Australia and Statesa"
Daytrip,All daytrip,Spend,AUD millions,Australia,AUS,year_ending,2021,Q2,YE Q2 2021,False,22142.064,Tourism Research Australia: Domestic Tourism Statistics,domestic_tourism_daytrip_backcast_2019_2025.xlsx,Table 2,"Backcast Daytrip Spend ($M), Australia and Statesa"
Daytrip,All daytrip,Spend,AUD millions,Australia,AUS,year_ending,2021,Q3,YE Q3 2021,False,22663.824,Tourism Research Australia: Domestic Tourism Statistics,domestic_tourism_daytrip_backcast_2019_2025.xlsx,Table 2,"Backcast Daytrip Spend ($M), Australia and Statesa"
Daytrip,All daytrip,Spend,AUD millions,Australia,AUS,year_ending,2021,Q4,YE Q4 2021,True,23818.804,Tourism Research Australia: Domestic Tourism Statistics,domestic_tourism_daytrip_backcast_2019_2025.xlsx,Table 2,"Backcast Daytrip Spend ($M), Australia and Statesa"
Daytrip,All daytrip,Spend,AUD millions,Australia,AUS,year_ending,2022,Q1,YE Q1 2022,False,24963.008,Tourism Research Australia: Domestic Tourism Statistics,domestic_tourism_daytrip_backcast_2019_2025.xlsx,Table 2,"Backcast Daytrip Spend ($M), Australia and Statesa"
Daytrip,All daytrip,Spend,AUD millions,Australia,AUS,year_ending,2022,Q2,YE Q2 2022,False,26642.481,Tourism Research Australia: Domestic Tourism Statistics,domestic_tourism_daytrip_backcast_2019_2025.xlsx,Table 2,"Backcast Daytrip Spend ($M), Australia and Statesa"
Daytrip,All daytrip,Spend,AUD millions,Australia,AUS,year_ending,2022,Q3,YE Q3 2022,False,30460.261,Tourism Research Australia: Domestic Tourism Statistics,domestic_tourism_daytrip_backcast_2019_2025.xlsx,Table 2,"Backcast Daytrip Spend ($M), Australia and Statesa"
Daytrip,All daytrip,Spend,AUD millions,Australia,AUS,year_ending,2022,Q4,YE Q4 2022,True,33877.065,Tourism Research Australia: Domestic Tourism Statistics,domestic_tourism_daytrip_backcast_2019_2025.xlsx,Table 2,"Backcast Daytrip Spend ($M), Australia and Statesa"
Daytrip,All daytrip,Spend,AUD millions,Australia,AUS,year_ending,2023,Q1,YE Q1 2023,False,35713.412,Tourism Research Australia: Domestic Tourism Statistics,domestic_tourism_daytrip_backcast_2019_2025.xlsx,Table 2,"Backcast Daytrip Spend ($M), Australia and Statesa"
Daytrip,All daytrip,Spend,AUD millions,Australia,AUS,year_ending,2023,Q2,YE Q2 2023,False,36365.925,Tourism Research Australia: Domestic Tourism Statistics,domestic_tourism_daytrip_backcast_2019_2025.xlsx,Table 2,"Backcast Daytrip Spend ($M), Australia and Statesa"
Daytrip,All daytrip,Spend,AUD millions,Australia,AUS,year_ending,2023,Q3,YE Q3 2023,False,37309.587,Tourism Research Australia: Domestic Tourism Statistics,domestic_tourism_daytrip_backcast_2019_2025.xlsx,Table 2,"Backcast Daytrip Spend ($M), Australia and Statesa"
Daytrip,All daytrip,Spend,AUD millions,Australia,AUS,year_ending,2023,Q4,YE Q4 2023,True,37282.82,Tourism Research Australia: Domestic Tourism Statistics,domestic_tourism_daytrip_backcast_2019_2025.xlsx,Table 2,"Backcast Daytrip Spend ($M), Australia and Statesa"
Daytrip,All daytrip,Spend,AUD millions,Australia,AUS,year_ending,2024,Q1,YE Q1 2024,False,38920.325,Tourism Research Australia: Domestic Tourism Statistics,domestic_tourism_daytrip_backcast_2019_2025.xlsx,Table 2,"Backcast Daytrip Spend ($M), Australia and Statesa"
Daytrip,All daytrip,Spend,AUD millions,Australia,AUS,year_ending,2024,Q2,YE Q2 2024,False,38882.485,Tourism Research Australia: Domestic Tourism Statistics,domestic_tourism_daytrip_backcast_2019_2025.xlsx,Table 2,"Backcast Daytrip Spend ($M), Australia and Statesa"
Daytrip,All daytrip,Spend,AUD millions,Australia,AUS,year_ending,2024,Q3,YE Q3 2024,False,38287.256,Tourism Research Australia: Domestic Tourism Statistics,domestic_tourism_daytrip_backcast_2019_2025.xlsx,Table 2,"Backcast Daytrip Spend ($M), Australia and Statesa"
Daytrip,All daytrip,Spend,AUD millions,Australia,AUS,year_ending,2024,Q4,YE Q4 2024,True,38850.413,Tourism Research Australia: Domestic Tourism Statistics,domestic_tourism_daytrip_backcast_2019_2025.xlsx,Table 2,"Backcast Daytrip Spend ($M), Australia and Statesa"
Daytrip,All daytrip,Spend,AUD millions,Australia,AUS,year_ending,2025,Q1,YE Q1 2025,False,38508.658,Tourism Research Australia: Domestic Tourism Statistics,domestic_tourism_daytrip_backcast_2019_2025.xlsx,Table 2,"Backcast Daytrip Spend ($M), Australia and Statesa"
Daytrip,All daytrip,Spend,AUD millions,Australia,AUS,year_ending,2025,Q2,YE Q2 2025,False,41239.756,Tourism Research Australia: Domestic Tourism Statistics,domestic_tourism_daytrip_backcast_2019_2025.xlsx,Table 2,"Backcast Daytrip Spend ($M), Australia and Statesa"
Daytrip,All daytrip,Spend,AUD millions,New South Wales,NSW,year_ending,2019,Q4,YE Q4 2019,True,7578.264,Tourism Research Australia: Domestic Tourism Statistics,domestic_tourism_daytrip_backcast_2019_2025.xlsx,Table 2,"Backcast Daytrip Spend ($M), Australia and Statesa"
Daytrip,All daytrip,Spend,AUD millions,New South Wales,NSW,year_ending,2020,Q1,YE Q1 2020,False,7566.998,Tourism Research Australia: Domestic Tourism Statistics,domestic_tourism_daytrip_backcast_2019_2025.xlsx,Table 2,"Backcast Daytrip Spend ($M), Australia and Statesa"
Daytrip,All daytrip,Spend,AUD millions,New South Wales,NSW,year_ending,2020,Q2,YE Q2 2020,False,6972.904,Tourism Research Australia: Domestic Tourism Statistics,domestic_tourism_daytrip_backcast_2019_2025.xlsx,Table 2,"Backcast Daytrip Spend ($M), Australia and Statesa"
Daytrip,All daytrip,Spend,AUD millions,New South Wales,NSW,year_ending,2020,Q3,YE Q3 2020,False,6236.722,Tourism Research Australia: Domestic Tourism Statistics,domestic_tourism_daytrip_backcast_2019_2025.xlsx,Table 2,"Backcast Daytrip Spend ($M), Australia and Statesa"
Daytrip,All daytrip,Spend,AUD millions,New South Wales,NSW,year_ending,2020,Q4,YE Q4 2020,True,5984.011,Tourism Research Australia: Domestic Tourism Statistics,domestic_tourism_daytrip_backcast_2019_2025.xlsx,Table 2,"Backcast Daytrip Spend ($M), Australia and Statesa"
Daytrip,All daytrip,Spend,AUD millions,New South Wales,NSW,year_ending,2021,Q1,YE Q1 2021,False,6133.335,Tourism Research Australia: Domestic Tourism Statistics,domestic_tourism_daytrip_backcast_2019_2025.xlsx,Table 2,"Backcast Daytrip Spend ($M), Australia and Statesa"
Daytrip,All daytrip,Spend,AUD millions,New South Wales,NSW,year_ending,2021,Q2,YE Q2 2021,False,6995.405,Tourism Research Australia: Domestic Tourism Statistics,domestic_tourism_daytrip_backcast_2019_2025.xlsx,Table 2,"Backcast Daytrip Spend ($M), Australia and Statesa"
Daytrip,All daytrip,Spend,AUD millions,New South Wales,NSW,year_ending,2021,Q3,YE Q3 2021,False,6862.241,Tourism Research Australia: Domestic Tourism Statistics,domestic_tourism_daytrip_backcast_2019_2025.xlsx,Table 2,"Backcast Daytrip Spend ($M), Australia and Statesa"
Daytrip,All daytrip,Spend,AUD millions,New South Wales,NSW,year_ending,2021,Q4,YE Q4 2021,True,7055.171,Tourism Research Australia: Domestic Tourism Statistics,domestic_tourism_daytrip_backcast_2019_2025.xlsx,Table 2,"Backcast Daytrip Spend ($M), Australia and Statesa"
Daytrip,All daytrip,Spend,AUD millions,New South Wales,NSW,year_ending,2022,Q1,YE Q1 2022,False,7077.087,Tourism Research Australia: Domestic Tourism Statistics,domestic_tourism_daytrip_backcast_2019_2025.xlsx,Table 2,"Backcast Daytrip Spend ($M), Australia and Statesa"
Daytrip,All daytrip,Spend,AUD millions,New South Wales,NSW,year_ending,2022,Q2,YE Q2 2022,False,7546.476,Tourism Research Australia: Domestic Tourism Statistics,domestic_tourism_daytrip_backcast_2019_2025.xlsx,Table 2,"Backcast Daytrip Spend ($M), Australia and Statesa"
Daytrip,All daytrip,Spend,AUD millions,New South Wales,NSW,year_ending,2022,Q3,YE Q3 2022,False,9083.789,Tourism Research Australia: Domestic Tourism Statistics,domestic_tourism_daytrip_backcast_2019_2025.xlsx,Table 2,"Backcast Daytrip Spend ($M), Australia and Statesa"
Daytrip,All daytrip,Spend,AUD millions,New South Wales,NSW,year_ending,2022,Q4,YE Q4 2022,True,10322.603,Tourism Research Australia: Domestic Tourism Statistics,domestic_tourism_daytrip_backcast_2019_2025.xlsx,Table 2,"Backcast Daytrip Spend ($M), Australia and Statesa"
Daytrip,All daytrip,Spend,AUD millions,New South Wales,NSW,year_ending,2023,Q1,YE Q1 2023,False,10982.538,Tourism Research Australia: Domestic Tourism Statistics,domestic_tourism_daytrip_backcast_2019_2025.xlsx,Table 2,"Backcast Daytrip Spend ($M), Australia and Statesa"
Daytrip,All daytrip,Spend,AUD millions,New South Wales,NSW,year_ending,2023,Q2,YE Q2 2023,False,11072.059,Tourism Research Australia: Domestic Tourism Statistics,domestic_tourism_daytrip_backcast_2019_2025.xlsx,Table 2,"Backcast Daytrip Spend ($M), Australia and Statesa"
Daytrip,All daytrip,Spend,AUD millions,New South Wales,NSW,year_ending,2023,Q3,YE Q3 2023,False,11433.789,Tourism Research Australia: Domestic Tourism Statistics,domestic_tourism_daytrip_backcast_2019_2025.xlsx,Table 2,"Backcast Daytrip Spend ($M), Australia and Statesa"
Daytrip,All daytrip,Spend,AUD millions,New South Wales,NSW,year_ending,2023,Q4,YE Q4 2023,True,11458.001,Tourism Research Australia: Domestic Tourism Statistics,domestic_tourism_daytrip_backcast_2019_2025.xlsx,Table 2,"Backcast Daytrip Spend ($M), Australia and Statesa"
Daytrip,All daytrip,Spend,AUD millions,New South Wales,NSW,year_ending,2024,Q1,YE Q1 2024,False,12270.456,Tourism Research Australia: Domestic Tourism Statistics,domestic_tourism_daytrip_backcast_2019_2025.xlsx,Table 2,"Backcast Daytrip Spend ($M), Australia and Statesa"
Daytrip,All daytrip,Spend,AUD millions,New South Wales,NSW,year_ending,2024,Q2,YE Q2 2024,False,12452.374,Tourism Research Australia: Domestic Tourism Statistics,domestic_tourism_daytrip_backcast_2019_2025.xlsx,Table 2,"Backcast Daytrip Spend ($M), Australia and Statesa"
Daytrip,All daytrip,Spend,AUD millions,New South Wales,NSW,year_ending,2024,Q3,YE Q3 2024,False,12103.491,Tourism Research Australia: Domestic Tourism Statistics,domestic_tourism_daytrip_backcast_2019_2025.xlsx,Table 2,"Backcast Daytrip Spend ($M), Australia and Statesa"
Daytrip,All daytrip,Spend,AUD millions,New South Wales,NSW,year_ending,2024,Q4,YE Q4 2024,True,12441.086,Tourism Research Australia: Domestic Tourism Statistics,domestic_tourism_daytrip_backcast_2019_2025.xlsx,Table 2,"Backcast Daytrip Spend ($M), Australia and Statesa"
Daytrip,All daytrip,Spend,AUD millions,New South Wales,NSW,year_ending,2025,Q1,YE Q1 2025,False,12105.834,Tourism Research Australia: Domestic Tourism Statistics,domestic_tourism_daytrip_backcast_2019_2025.xlsx,Table 2,"Backcast Daytrip Spend ($M), Australia and Statesa"
Daytrip,All daytrip,Spend,AUD millions,New South Wales,NSW,year_ending,2025,Q2,YE Q2 2025,False,12827.751,Tourism Research Australia: Domestic Tourism Statistics,domestic_tourism_daytrip_backcast_2019_2025.xlsx,Table 2,"Backcast Daytrip Spend ($M), Australia and Statesa"
Daytrip,All daytrip,Spend,AUD millions,Victoria,VIC,year_ending,2019,Q4,YE Q4 2019,True,6544.201,Tourism Research Australia: Domestic Tourism Statistics,domestic_tourism_daytrip_backcast_2019_2025.xlsx,Table 2,"Backcast Daytrip Spend ($M), Australia and Statesa"
Daytrip,All daytrip,Spend,AUD millions,Victoria,VIC,year_ending,2020,Q1,YE Q1 2020,False,6569.736,Tourism Research Australia: Domestic Tourism Statistics,domestic_tourism_daytrip_backcast_2019_2025.xlsx,Table 2,"Backcast Daytrip Spend ($M), Australia and Statesa"
Daytrip,All daytrip,Spend,AUD millions,Victoria,VIC,year_ending,2020,Q2,YE Q2 2020,False,5901.656,Tourism Research Australia: Domestic Tourism Statistics,domestic_tourism_daytrip_backcast_2019_2025.xlsx,Table 2,"Backcast Daytrip Spend ($M), Australia and Statesa"
Daytrip,All daytrip,Spend,AUD millions,Victoria,VIC,year_ending,2020,Q3,YE Q3 2020,False,5225.048,Tourism Research Australia: Domestic Tourism Statistics,domestic_tourism_daytrip_backcast_2019_2025.xlsx,Table 2,"Backcast Daytrip Spend ($M), Australia and Statesa"
Daytrip,All daytrip,Spend,AUD millions,Victoria,VIC,year_ending,2020,Q4,YE Q4 2020,True,4884.442,Tourism Research Australia: Domestic Tourism Statistics,domestic_tourism_daytrip_backcast_2019_2025.xlsx,Table 2,"Backcast Daytrip Spend ($M), Australia and Statesa"
Daytrip,All daytrip,Spend,AUD millions,Victoria,VIC,year_ending,2021,Q1,YE Q1 2021,False,4742.035,Tourism Research Australia: Domestic Tourism Statistics,domestic_tourism_daytrip_backcast_2019_2025.xlsx,Table 2,"Backcast Daytrip Spend ($M), Australia and Statesa"
Daytrip,All daytrip,Spend,AUD millions,Victoria,VIC,year_ending,2021,Q2,YE Q2 2021,False,5445.408,Tourism Research Australia: Domestic Tourism Statistics,domestic_tourism_daytrip_backcast_2019_2025.xlsx,Table 2,"Backcast Daytrip Spend ($M), Australia and Statesa"
Daytrip,All daytrip,Spend,AUD millions,Victoria,VIC,year_ending,2021,Q3,YE Q3 2021,False,5729.752,Tourism Research Australia: Domestic Tourism Statistics,domestic_tourism_daytrip_backcast_2019_2025.xlsx,Table 2,"Backcast Daytrip Spend ($M), Australia and Statesa"
Daytrip,All daytrip,Spend,AUD millions,Victoria,VIC,year_ending,2021,Q4,YE Q4 2021,True,6405.166,Tourism Research Australia: Domestic Tourism Statistics,domestic_tourism_daytrip_backcast_2019_2025.xlsx,Table 2,"Backcast Daytrip Spend ($M), Australia and Statesa"
Daytrip,All daytrip,Spend,AUD millions,Victoria,VIC,year_ending,2022,Q1,YE Q1 2022,False,7079.858,Tourism Research Australia: Domestic Tourism Statistics,domestic_tourism_daytrip_backcast_2019_2025.xlsx,Table 2,"Backcast Daytrip Spend ($M), Australia and Statesa"
Daytrip,All daytrip,Spend,AUD millions,Victoria,VIC,year_ending,2022,Q2,YE Q2 2022,False,7674.708,Tourism Research Australia: Domestic Tourism Statistics,domestic_tourism_daytrip_backcast_2019_2025.xlsx,Table 2,"Backcast Daytrip Spend ($M), Australia and Statesa"
Daytrip,All daytrip,Spend,AUD millions,Victoria,VIC,year_ending,2022,Q3,YE Q3 2022,False,9197.778,Tourism Research Australia: Domestic Tourism Statistics,domestic_tourism_daytrip_backcast_2019_2025.xlsx,Table 2,"Backcast Daytrip Spend ($M), Australia and Statesa"
Daytrip,All daytrip,Spend,AUD millions,Victoria,VIC,year_ending,2022,Q4,YE Q4 2022,True,9994.871,Tourism Research Australia: Domestic Tourism Statistics,domestic_tourism_daytrip_backcast_2019_2025.xlsx,Table 2,"Backcast Daytrip Spend ($M), Australia and Statesa"
Daytrip,All daytrip,Spend,AUD millions,Victoria,VIC,year_ending,2023,Q1,YE Q1 2023,False,10333.77,Tourism Research Australia: Domestic Tourism Statistics,domestic_tourism_daytrip_backcast_2019_2025.xlsx,Table 2,"Backcast Daytrip Spend ($M), Australia and Statesa"
Daytrip,All daytrip,Spend,AUD millions,Victoria,VIC,year_ending,2023,Q2,YE Q2 2023,False,10454.397,Tourism Research Australia: Domestic Tourism Statistics,domestic_tourism_daytrip_backcast_2019_2025.xlsx,Table 2,"Backcast Daytrip Spend ($M), Australia and Statesa"
Daytrip,All daytrip,Spend,AUD millions,Victoria,VIC,year_ending,2023,Q3,YE Q3 2023,False,10522.97,Tourism Research Australia: Domestic Tourism Statistics,domestic_tourism_daytrip_backcast_2019_2025.xlsx,Table 2,"Backcast Daytrip Spend ($M), Australia and Statesa"
Daytrip,All daytrip,Spend,AUD millions,Victoria,VIC,year_ending,2023,Q4,YE Q4 2023,True,10654.058,Tourism Research Australia: Domestic Tourism Statistics,domestic_tourism_daytrip_backcast_2019_2025.xlsx,Table 2,"Backcast Daytrip Spend ($M), Australia and Statesa"
Daytrip,All daytrip,Spend,AUD millions,Victoria,VIC,year_ending,2024,Q1,YE Q1 2024,False,11188.592,Tourism Research Australia: Domestic Tourism Statistics,domestic_tourism_daytrip_backcast_2019_2025.xlsx,Table 2,"Backcast Daytrip Spend ($M), Australia and Statesa"
Daytrip,All daytrip,Spend,AUD millions,Victoria,VIC,year_ending,2024,Q2,YE Q2 2024,False,11010.019,Tourism Research Australia: Domestic Tourism Statistics,domestic_tourism_daytrip_backcast_2019_2025.xlsx,Table 2,"Backcast Daytrip Spend ($M), Australia and Statesa"
Daytrip,All daytrip,Spend,AUD millions,Victoria,VIC,year_ending,2024,Q3,YE Q3 2024,False,10816.009,Tourism Research Australia: Domestic Tourism Statistics,domestic_tourism_daytrip_backcast_2019_2025.xlsx,Table 2,"Backcast Daytrip Spend ($M), Australia and Statesa"
Daytrip,All daytrip,Spend,AUD millions,Victoria,VIC,year_ending,2024,Q4,YE Q4 2024,True,10818.0,Tourism Research Australia: Domestic Tourism Statistics,domestic_tourism_daytrip_backcast_2019_2025.xlsx,Table 2,"Backcast Daytrip Spend ($M), Australia and Statesa"
Daytrip,All daytrip,Spend,AUD millions,Victoria,VIC,year_ending,2025,Q1,YE Q1 2025,False,10836.201,Tourism Research Australia: Domestic Tourism Statistics,domestic_tourism_daytrip_backcast_2019_2025.xlsx,Table 2,"Backcast Daytrip Spend ($M), Australia and Statesa"
Daytrip,All daytrip,Spend,AUD millions,Victoria,VIC,year_ending,2025,Q2,YE Q2 2025,False,12020.803,Tourism Research Australia: Domestic Tourism Statistics,domestic_tourism_daytrip_backcast_2019_2025.xlsx,Table 2,"Backcast Daytrip Spend ($M), Australia and Statesa"
Daytrip,All daytrip,Spend,AUD millions,Queensland,QLD,year_ending,2019,Q4,YE Q4 2019,True,4508.148,Tourism Research Australia: Domestic Tourism Statistics,domestic_tourism_daytrip_backcast_2019_2025.xlsx,Table 2,"Backcast Daytrip Spend ($M), Australia and Statesa"
Daytrip,All daytrip,Spend,AUD millions,Queensland,QLD,year_ending,2020,Q1,YE Q1 2020,False,4686.488,Tourism Research Australia: Domestic Tourism Statistics,domestic_tourism_daytrip_backcast_2019_2025.xlsx,Table 2,"Backcast Daytrip Spend ($M), Australia and Statesa"
Daytrip,All daytrip,Spend,AUD millions,Queensland,QLD,year_ending,2020,Q2,YE Q2 2020,False,4373.856,Tourism Research Australia: Domestic Tourism Statistics,domestic_tourism_daytrip_backcast_2019_2025.xlsx,Table 2,"Backcast Daytrip Spend ($M), Australia and Statesa"
Daytrip,All daytrip,Spend,AUD millions,Queensland,QLD,year_ending,2020,Q3,YE Q3 2020,False,4197.31,Tourism Research Australia: Domestic Tourism Statistics,domestic_tourism_daytrip_backcast_2019_2025.xlsx,Table 2,"Backcast Daytrip Spend ($M), Australia and Statesa"
Daytrip,All daytrip,Spend,AUD millions,Queensland,QLD,year_ending,2020,Q4,YE Q4 2020,True,4002.897,Tourism Research Australia: Domestic Tourism Statistics,domestic_tourism_daytrip_backcast_2019_2025.xlsx,Table 2,"Backcast Daytrip Spend ($M), Australia and Statesa"
Daytrip,All daytrip,Spend,AUD millions,Queensland,QLD,year_ending,2021,Q1,YE Q1 2021,False,3862.914,Tourism Research Australia: Domestic Tourism Statistics,domestic_tourism_daytrip_backcast_2019_2025.xlsx,Table 2,"Backcast Daytrip Spend ($M), Australia and Statesa"
Daytrip,All daytrip,Spend,AUD millions,Queensland,QLD,year_ending,2021,Q2,YE Q2 2021,False,4441.232,Tourism Research Australia: Domestic Tourism Statistics,domestic_tourism_daytrip_backcast_2019_2025.xlsx,Table 2,"Backcast Daytrip Spend ($M), Australia and Statesa"
Daytrip,All daytrip,Spend,AUD millions,Queensland,QLD,year_ending,2021,Q3,YE Q3 2021,False,4900.764,Tourism Research Australia: Domestic Tourism Statistics,domestic_tourism_daytrip_backcast_2019_2025.xlsx,Table 2,"Backcast Daytrip Spend ($M), Australia and Statesa"
Daytrip,All daytrip,Spend,AUD millions,Queensland,QLD,year_ending,2021,Q4,YE Q4 2021,True,4791.96,Tourism Research Australia: Domestic Tourism Statistics,domestic_tourism_daytrip_backcast_2019_2025.xlsx,Table 2,"Backcast Daytrip Spend ($M), Australia and Statesa"
Daytrip,All daytrip,Spend,AUD millions,Queensland,QLD,year_ending,2022,Q1,YE Q1 2022,False,5153.773,Tourism Research Australia: Domestic Tourism Statistics,domestic_tourism_daytrip_backcast_2019_2025.xlsx,Table 2,"Backcast Daytrip Spend ($M), Australia and Statesa"
Daytrip,All daytrip,Spend,AUD millions,Queensland,QLD,year_ending,2022,Q2,YE Q2 2022,False,5592.292,Tourism Research Australia: Domestic Tourism Statistics,domestic_tourism_daytrip_backcast_2019_2025.xlsx,Table 2,"Backcast Daytrip Spend ($M), Australia and Statesa"
Daytrip,All daytrip,Spend,AUD millions,Queensland,QLD,year_ending,2022,Q3,YE Q3 2022,False,5870.286,Tourism Research Australia: Domestic Tourism Statistics,domestic_tourism_daytrip_backcast_2019_2025.xlsx,Table 2,"Backcast Daytrip Spend ($M), Australia and Statesa"
Daytrip,All daytrip,Spend,AUD millions,Queensland,QLD,year_ending,2022,Q4,YE Q4 2022,True,6789.993,Tourism Research Australia: Domestic Tourism Statistics,domestic_tourism_daytrip_backcast_2019_2025.xlsx,Table 2,"Backcast Daytrip Spend ($M), Australia and Statesa"
Daytrip,All daytrip,Spend,AUD millions,Queensland,QLD,year_ending,2023,Q1,YE Q1 2023,False,7209.824,Tourism Research Australia: Domestic Tourism Statistics,domestic_tourism_daytrip_backcast_2019_2025.xlsx,Table 2,"Backcast Daytrip Spend ($M), Australia and Statesa"
Daytrip,All daytrip,Spend,AUD millions,Queensland,QLD,year_ending,2023,Q2,YE Q2 2023,False,7212.339,Tourism Research Australia: Domestic Tourism Statistics,domestic_tourism_daytrip_backcast_2019_2025.xlsx,Table 2,"Backcast Daytrip Spend ($M), Australia and Statesa"
Daytrip,All daytrip,Spend,AUD millions,Queensland,QLD,year_ending,2023,Q3,YE Q3 2023,False,7504.977,Tourism Research Australia: Domestic Tourism Statistics,domestic_tourism_daytrip_backcast_2019_2025.xlsx,Table 2,"Backcast Daytrip Spend ($M), Australia and Statesa"
Daytrip,All daytrip,Spend,AUD millions,Queensland,QLD,year_ending,2023,Q4,YE Q4 2023,True,7324.711,Tourism Research Australia: Domestic Tourism Statistics,domestic_tourism_daytrip_backcast_2019_2025.xlsx,Table 2,"Backcast Daytrip Spend ($M), Australia and Statesa"
Daytrip,All daytrip,Spend,AUD millions,Queensland,QLD,year_ending,2024,Q1,YE Q1 2024,False,7147.496,Tourism Research Australia: Domestic Tourism Statistics,domestic_tourism_daytrip_backcast_2019_2025.xlsx,Table 2,"Backcast Daytrip Spend ($M), Australia and Statesa"
Daytrip,All daytrip,Spend,AUD millions,Queensland,QLD,year_ending,2024,Q2,YE Q2 2024,False,6906.181,Tourism Research Australia: Domestic Tourism Statistics,domestic_tourism_daytrip_backcast_2019_2025.xlsx,Table 2,"Backcast Daytrip Spend ($M), Australia and Statesa"
Daytrip,All daytrip,Spend,AUD millions,Queensland,QLD,year_ending,2024,Q3,YE Q3 2024,False,6930.898,Tourism Research Australia: Domestic Tourism Statistics,domestic_tourism_daytrip_backcast_2019_2025.xlsx,Table 2,"Backcast Daytrip Spend ($M), Australia and Statesa"
Daytrip,All daytrip,Spend,AUD millions,Queensland,QLD,year_ending,2024,Q4,YE Q4 2024,True,7186.475,Tourism Research Australia: Domestic Tourism Statistics,domestic_tourism_daytrip_backcast_2019_2025.xlsx,Table 2,"Backcast Daytrip Spend ($M), Australia and Statesa"
Daytrip,All daytrip,Spend,AUD millions,Queensland,QLD,year_ending,2025,Q1,YE Q1 2025,False,7439.039,Tourism Research Australia: Domestic Tourism Statistics,domestic_tourism_daytrip_backcast_2019_2025.xlsx,Table 2,"Backcast Daytrip Spend ($M), Australia and Statesa"
Daytrip,All daytrip,Spend,AUD millions,Queensland,QLD,year_ending,2025,Q2,YE Q2 2025,False,8324.288,Tourism Research Australia: Domestic Tourism Statistics,domestic_tourism_daytrip_backcast_2019_2025.xlsx,Table 2,"Backcast Daytrip Spend ($M), Australia and Statesa"
Daytrip,All daytrip,Spend,AUD millions,South Australia,SA,year_ending,2019,Q4,YE Q4 2019,True,1221.886,Tourism Research Australia: Domestic Tourism Statistics,domestic_tourism_daytrip_backcast_2019_2025.xlsx,Table 2,"Backcast Daytrip Spend ($M), Australia and Statesa"
Daytrip,All daytrip,Spend,AUD millions,South Australia,SA,year_ending,2020,Q1,YE Q1 2020,False,1284.105,Tourism Research Australia: Domestic Tourism Statistics,domestic_tourism_daytrip_backcast_2019_2025.xlsx,Table 2,"Backcast Daytrip Spend ($M), Australia and Statesa"
Daytrip,All daytrip,Spend,AUD millions,South Australia,SA,year_ending,2020,Q2,YE Q2 2020,False,1182.838,Tourism Research Australia: Domestic Tourism Statistics,domestic_tourism_daytrip_backcast_2019_2025.xlsx,Table 2,"Backcast Daytrip Spend ($M), Australia and Statesa"
Daytrip,All daytrip,Spend,AUD millions,South Australia,SA,year_ending,2020,Q3,YE Q3 2020,False,1193.721,Tourism Research Australia: Domestic Tourism Statistics,domestic_tourism_daytrip_backcast_2019_2025.xlsx,Table 2,"Backcast Daytrip Spend ($M), Australia and Statesa"
Daytrip,All daytrip,Spend,AUD millions,South Australia,SA,year_ending,2020,Q4,YE Q4 2020,True,1154.093,Tourism Research Australia: Domestic Tourism Statistics,domestic_tourism_daytrip_backcast_2019_2025.xlsx,Table 2,"Backcast Daytrip Spend ($M), Australia and Statesa"
Daytrip,All daytrip,Spend,AUD millions,South Australia,SA,year_ending,2021,Q1,YE Q1 2021,False,1183.79,Tourism Research Australia: Domestic Tourism Statistics,domestic_tourism_daytrip_backcast_2019_2025.xlsx,Table 2,"Backcast Daytrip Spend ($M), Australia and Statesa"
Daytrip,All daytrip,Spend,AUD millions,South Australia,SA,year_ending,2021,Q2,YE Q2 2021,False,1428.037,Tourism Research Australia: Domestic Tourism Statistics,domestic_tourism_daytrip_backcast_2019_2025.xlsx,Table 2,"Backcast Daytrip Spend ($M), Australia and Statesa"
Daytrip,All daytrip,Spend,AUD millions,South Australia,SA,year_ending,2021,Q3,YE Q3 2021,False,1591.158,Tourism Research Australia: Domestic Tourism Statistics,domestic_tourism_daytrip_backcast_2019_2025.xlsx,Table 2,"Backcast Daytrip Spend ($M), Australia and Statesa"
Daytrip,All daytrip,Spend,AUD millions,South Australia,SA,year_ending,2021,Q4,YE Q4 2021,True,1784.027,Tourism Research Australia: Domestic Tourism Statistics,domestic_tourism_daytrip_backcast_2019_2025.xlsx,Table 2,"Backcast Daytrip Spend ($M), Australia and Statesa"
Daytrip,All daytrip,Spend,AUD millions,South Australia,SA,year_ending,2022,Q1,YE Q1 2022,False,1746.213,Tourism Research Australia: Domestic Tourism Statistics,domestic_tourism_daytrip_backcast_2019_2025.xlsx,Table 2,"Backcast Daytrip Spend ($M), Australia and Statesa"
Daytrip,All daytrip,Spend,AUD millions,South Australia,SA,year_ending,2022,Q2,YE Q2 2022,False,1755.069,Tourism Research Australia: Domestic Tourism Statistics,domestic_tourism_daytrip_backcast_2019_2025.xlsx,Table 2,"Backcast Daytrip Spend ($M), Australia and Statesa"
Daytrip,All daytrip,Spend,AUD millions,South Australia,SA,year_ending,2022,Q3,YE Q3 2022,False,1836.569,Tourism Research Australia: Domestic Tourism Statistics,domestic_tourism_daytrip_backcast_2019_2025.xlsx,Table 2,"Backcast Daytrip Spend ($M), Australia and Statesa"
Daytrip,All daytrip,Spend,AUD millions,South Australia,SA,year_ending,2022,Q4,YE Q4 2022,True,1914.27,Tourism Research Australia: Domestic Tourism Statistics,domestic_tourism_daytrip_backcast_2019_2025.xlsx,Table 2,"Backcast Daytrip Spend ($M), Australia and Statesa"
Daytrip,All daytrip,Spend,AUD millions,South Australia,SA,year_ending,2023,Q1,YE Q1 2023,False,2055.723,Tourism Research Australia: Domestic Tourism Statistics,domestic_tourism_daytrip_backcast_2019_2025.xlsx,Table 2,"Backcast Daytrip Spend ($M), Australia and Statesa"
Daytrip,All daytrip,Spend,AUD millions,South Australia,SA,year_ending,2023,Q2,YE Q2 2023,False,2217.737,Tourism Research Australia: Domestic Tourism Statistics,domestic_tourism_daytrip_backcast_2019_2025.xlsx,Table 2,"Backcast Daytrip Spend ($M), Australia and Statesa"
Daytrip,All daytrip,Spend,AUD millions,South Australia,SA,year_ending,2023,Q3,YE Q3 2023,False,2249.645,Tourism Research Australia: Domestic Tourism Statistics,domestic_tourism_daytrip_backcast_2019_2025.xlsx,Table 2,"Backcast Daytrip Spend ($M), Australia and Statesa"
Daytrip,All daytrip,Spend,AUD millions,South Australia,SA,year_ending,2023,Q4,YE Q4 2023,True,2269.494,Tourism Research Australia: Domestic Tourism Statistics,domestic_tourism_daytrip_backcast_2019_2025.xlsx,Table 2,"Backcast Daytrip Spend ($M), Australia and Statesa"
Daytrip,All daytrip,Spend,AUD millions,South Australia,SA,year_ending,2024,Q1,YE Q1 2024,False,2342.113,Tourism Research Australia: Domestic Tourism Statistics,domestic_tourism_daytrip_backcast_2019_2025.xlsx,Table 2,"Backcast Daytrip Spend ($M), Australia and Statesa"
Daytrip,All daytrip,Spend,AUD millions,South Australia,SA,year_ending,2024,Q2,YE Q2 2024,False,2201.644,Tourism Research Australia: Domestic Tourism Statistics,domestic_tourism_daytrip_backcast_2019_2025.xlsx,Table 2,"Backcast Daytrip Spend ($M), Australia and Statesa"
Daytrip,All daytrip,Spend,AUD millions,South Australia,SA,year_ending,2024,Q3,YE Q3 2024,False,2174.293,Tourism Research Australia: Domestic Tourism Statistics,domestic_tourism_daytrip_backcast_2019_2025.xlsx,Table 2,"Backcast Daytrip Spend ($M), Australia and Statesa"
Daytrip,All daytrip,Spend,AUD millions,South Australia,SA,year_ending,2024,Q4,YE Q4 2024,True,2163.896,Tourism Research Australia: Domestic Tourism Statistics,domestic_tourism_daytrip_backcast_2019_2025.xlsx,Table 2,"Backcast Daytrip Spend ($M), Australia and Statesa"
Daytrip,All daytrip,Spend,AUD millions,South Australia,SA,year_ending,2025,Q1,YE Q1 2025,False,2185.165,Tourism Research Australia: Domestic Tourism Statistics,domestic_tourism_daytrip_backcast_2019_2025.xlsx,Table 2,"Backcast Daytrip Spend ($M), Australia and Statesa"
Daytrip,All daytrip,Spend,AUD millions,South Australia,SA,year_ending,2025,Q2,YE Q2 2025,False,2371.166,Tourism Research Australia: Domestic Tourism Statistics,domestic_tourism_daytrip_backcast_2019_2025.xlsx,Table 2,"Backcast Daytrip Spend ($M), Australia and Statesa"
Daytrip,All daytrip,Spend,AUD millions,Western Australia,WA,year_ending,2019,Q4,YE Q4 2019,True,2492.531,Tourism Research Australia: Domestic Tourism Statistics,domestic_tourism_daytrip_backcast_2019_2025.xlsx,Table 2,"Backcast Daytrip Spend ($M), Australia and Statesa"
Daytrip,All daytrip,Spend,AUD millions,Western Australia,WA,year_ending,2020,Q1,YE Q1 2020,False,2557.045,Tourism Research Australia: Domestic Tourism Statistics,domestic_tourism_daytrip_backcast_2019_2025.xlsx,Table 2,"Backcast Daytrip Spend ($M), Australia and Statesa"
Daytrip,All daytrip,Spend,AUD millions,Western Australia,WA,year_ending,2020,Q2,YE Q2 2020,False,2440.569,Tourism Research Australia: Domestic Tourism Statistics,domestic_tourism_daytrip_backcast_2019_2025.xlsx,Table 2,"Backcast Daytrip Spend ($M), Australia and Statesa"
Daytrip,All daytrip,Spend,AUD millions,Western Australia,WA,year_ending,2020,Q3,YE Q3 2020,False,2820.711,Tourism Research Australia: Domestic Tourism Statistics,domestic_tourism_daytrip_backcast_2019_2025.xlsx,Table 2,"Backcast Daytrip Spend ($M), Australia and Statesa"
Daytrip,All daytrip,Spend,AUD millions,Western Australia,WA,year_ending,2020,Q4,YE Q4 2020,True,2789.243,Tourism Research Australia: Domestic Tourism Statistics,domestic_tourism_daytrip_backcast_2019_2025.xlsx,Table 2,"Backcast Daytrip Spend ($M), Australia and Statesa"
Daytrip,All daytrip,Spend,AUD millions,Western Australia,WA,year_ending,2021,Q1,YE Q1 2021,False,2800.376,Tourism Research Australia: Domestic Tourism Statistics,domestic_tourism_daytrip_backcast_2019_2025.xlsx,Table 2,"Backcast Daytrip Spend ($M), Australia and Statesa"
Daytrip,All daytrip,Spend,AUD millions,Western Australia,WA,year_ending,2021,Q2,YE Q2 2021,False,2986.386,Tourism Research Australia: Domestic Tourism Statistics,domestic_tourism_daytrip_backcast_2019_2025.xlsx,Table 2,"Backcast Daytrip Spend ($M), Australia and Statesa"
Daytrip,All daytrip,Spend,AUD millions,Western Australia,WA,year_ending,2021,Q3,YE Q3 2021,False,2692.417,Tourism Research Australia: Domestic Tourism Statistics,domestic_tourism_daytrip_backcast_2019_2025.xlsx,Table 2,"Backcast Daytrip Spend ($M), Australia and Statesa"
Daytrip,All daytrip,Spend,AUD millions,Western Australia,WA,year_ending,2021,Q4,YE Q4 2021,True,2834.61,Tourism Research Australia: Domestic Tourism Statistics,domestic_tourism_daytrip_backcast_2019_2025.xlsx,Table 2,"Backcast Daytrip Spend ($M), Australia and Statesa"
Daytrip,All daytrip,Spend,AUD millions,Western Australia,WA,year_ending,2022,Q1,YE Q1 2022,False,2906.785,Tourism Research Australia: Domestic Tourism Statistics,domestic_tourism_daytrip_backcast_2019_2025.xlsx,Table 2,"Backcast Daytrip Spend ($M), Australia and Statesa"
Daytrip,All daytrip,Spend,AUD millions,Western Australia,WA,year_ending,2022,Q2,YE Q2 2022,False,3031.829,Tourism Research Australia: Domestic Tourism Statistics,domestic_tourism_daytrip_backcast_2019_2025.xlsx,Table 2,"Backcast Daytrip Spend ($M), Australia and Statesa"
Daytrip,All daytrip,Spend,AUD millions,Western Australia,WA,year_ending,2022,Q3,YE Q3 2022,False,3341.372,Tourism Research Australia: Domestic Tourism Statistics,domestic_tourism_daytrip_backcast_2019_2025.xlsx,Table 2,"Backcast Daytrip Spend ($M), Australia and Statesa"
Daytrip,All daytrip,Spend,AUD millions,Western Australia,WA,year_ending,2022,Q4,YE Q4 2022,True,3575.557,Tourism Research Australia: Domestic Tourism Statistics,domestic_tourism_daytrip_backcast_2019_2025.xlsx,Table 2,"Backcast Daytrip Spend ($M), Australia and Statesa"
Daytrip,All daytrip,Spend,AUD millions,Western Australia,WA,year_ending,2023,Q1,YE Q1 2023,False,3866.276,Tourism Research Australia: Domestic Tourism Statistics,domestic_tourism_daytrip_backcast_2019_2025.xlsx,Table 2,"Backcast Daytrip Spend ($M), Australia and Statesa"
Daytrip,All daytrip,Spend,AUD millions,Western Australia,WA,year_ending,2023,Q2,YE Q2 2023,False,4073.749,Tourism Research Australia: Domestic Tourism Statistics,domestic_tourism_daytrip_backcast_2019_2025.xlsx,Table 2,"Backcast Daytrip Spend ($M), Australia and Statesa"
Daytrip,All daytrip,Spend,AUD millions,Western Australia,WA,year_ending,2023,Q3,YE Q3 2023,False,4203.984,Tourism Research Australia: Domestic Tourism Statistics,domestic_tourism_daytrip_backcast_2019_2025.xlsx,Table 2,"Backcast Daytrip Spend ($M), Australia and Statesa"
Daytrip,All daytrip,Spend,AUD millions,Western Australia,WA,year_ending,2023,Q4,YE Q4 2023,True,4181.887,Tourism Research Australia: Domestic Tourism Statistics,domestic_tourism_daytrip_backcast_2019_2025.xlsx,Table 2,"Backcast Daytrip Spend ($M), Australia and Statesa"
Daytrip,All daytrip,Spend,AUD millions,Western Australia,WA,year_ending,2024,Q1,YE Q1 2024,False,4572.713,Tourism Research Australia: Domestic Tourism Statistics,domestic_tourism_daytrip_backcast_2019_2025.xlsx,Table 2,"Backcast Daytrip Spend ($M), Australia and Statesa"
Daytrip,All daytrip,Spend,AUD millions,Western Australia,WA,year_ending,2024,Q2,YE Q2 2024,False,5022.497,Tourism Research Australia: Domestic Tourism Statistics,domestic_tourism_daytrip_backcast_2019_2025.xlsx,Table 2,"Backcast Daytrip Spend ($M), Australia and Statesa"
Daytrip,All daytrip,Spend,AUD millions,Western Australia,WA,year_ending,2024,Q3,YE Q3 2024,False,5017.459,Tourism Research Australia: Domestic Tourism Statistics,domestic_tourism_daytrip_backcast_2019_2025.xlsx,Table 2,"Backcast Daytrip Spend ($M), Australia and Statesa"
Daytrip,All daytrip,Spend,AUD millions,Western Australia,WA,year_ending,2024,Q4,YE Q4 2024,True,5024.373,Tourism Research Australia: Domestic Tourism Statistics,domestic_tourism_daytrip_backcast_2019_2025.xlsx,Table 2,"Backcast Daytrip Spend ($M), Australia and Statesa"
Daytrip,All daytrip,Spend,AUD millions,Western Australia,WA,year_ending,2025,Q1,YE Q1 2025,False,4697.509,Tourism Research Australia: Domestic Tourism Statistics,domestic_tourism_daytrip_backcast_2019_2025.xlsx,Table 2,"Backcast Daytrip Spend ($M), Australia and Statesa"
Daytrip,All daytrip,Spend,AUD millions,Western Australia,WA,year_ending,2025,Q2,YE Q2 2025,False,4340.001,Tourism Research Australia: Domestic Tourism Statistics,domestic_tourism_daytrip_backcast_2019_2025.xlsx,Table 2,"Backcast Daytrip Spend ($M), Australia and Statesa"
Daytrip,All daytrip,Spend,AUD millions,Tasmania,TAS,year_ending,2019,Q4,YE Q4 2019,True,420.197,Tourism Research Australia: Domestic Tourism Statistics,domestic_tourism_daytrip_backcast_2019_2025.xlsx,Table 2,"Backcast Daytrip Spend ($M), Australia and Statesa"
Daytrip,All daytrip,Spend,AUD millions,Tasmania,TAS,year_ending,2020,Q1,YE Q1 2020,False,425.876,Tourism Research Australia: Domestic Tourism Statistics,domestic_tourism_daytrip_backcast_2019_2025.xlsx,Table 2,"Backcast Daytrip Spend ($M), Australia and Statesa"
Daytrip,All daytrip,Spend,AUD millions,Tasmania,TAS,year_ending,2020,Q2,YE Q2 2020,False,456.197,Tourism Research Australia: Domestic Tourism Statistics,domestic_tourism_daytrip_backcast_2019_2025.xlsx,Table 2,"Backcast Daytrip Spend ($M), Australia and Statesa"
Daytrip,All daytrip,Spend,AUD millions,Tasmania,TAS,year_ending,2020,Q3,YE Q3 2020,False,458.151,Tourism Research Australia: Domestic Tourism Statistics,domestic_tourism_daytrip_backcast_2019_2025.xlsx,Table 2,"Backcast Daytrip Spend ($M), Australia and Statesa"
Daytrip,All daytrip,Spend,AUD millions,Tasmania,TAS,year_ending,2020,Q4,YE Q4 2020,True,477.358,Tourism Research Australia: Domestic Tourism Statistics,domestic_tourism_daytrip_backcast_2019_2025.xlsx,Table 2,"Backcast Daytrip Spend ($M), Australia and Statesa"
Daytrip,All daytrip,Spend,AUD millions,Tasmania,TAS,year_ending,2021,Q1,YE Q1 2021,False,507.177,Tourism Research Australia: Domestic Tourism Statistics,domestic_tourism_daytrip_backcast_2019_2025.xlsx,Table 2,"Backcast Daytrip Spend ($M), Australia and Statesa"
Daytrip,All daytrip,Spend,AUD millions,Tasmania,TAS,year_ending,2021,Q2,YE Q2 2021,False,519.872,Tourism Research Australia: Domestic Tourism Statistics,domestic_tourism_daytrip_backcast_2019_2025.xlsx,Table 2,"Backcast Daytrip Spend ($M), Australia and Statesa"
Daytrip,All daytrip,Spend,AUD millions,Tasmania,TAS,year_ending,2021,Q3,YE Q3 2021,False,569.194,Tourism Research Australia: Domestic Tourism Statistics,domestic_tourism_daytrip_backcast_2019_2025.xlsx,Table 2,"Backcast Daytrip Spend ($M), Australia and Statesa"
Daytrip,All daytrip,Spend,AUD millions,Tasmania,TAS,year_ending,2021,Q4,YE Q4 2021,True,611.968,Tourism Research Australia: Domestic Tourism Statistics,domestic_tourism_daytrip_backcast_2019_2025.xlsx,Table 2,"Backcast Daytrip Spend ($M), Australia and Statesa"
Daytrip,All daytrip,Spend,AUD millions,Tasmania,TAS,year_ending,2022,Q1,YE Q1 2022,False,633.061,Tourism Research Australia: Domestic Tourism Statistics,domestic_tourism_daytrip_backcast_2019_2025.xlsx,Table 2,"Backcast Daytrip Spend ($M), Australia and Statesa"
Daytrip,All daytrip,Spend,AUD millions,Tasmania,TAS,year_ending,2022,Q2,YE Q2 2022,False,667.475,Tourism Research Australia: Domestic Tourism Statistics,domestic_tourism_daytrip_backcast_2019_2025.xlsx,Table 2,"Backcast Daytrip Spend ($M), Australia and Statesa"
Daytrip,All daytrip,Spend,AUD millions,Tasmania,TAS,year_ending,2022,Q3,YE Q3 2022,False,675.465,Tourism Research Australia: Domestic Tourism Statistics,domestic_tourism_daytrip_backcast_2019_2025.xlsx,Table 2,"Backcast Daytrip Spend ($M), Australia and Statesa"
Daytrip,All daytrip,Spend,AUD millions,Tasmania,TAS,year_ending,2022,Q4,YE Q4 2022,True,712.093,Tourism Research Australia: Domestic Tourism Statistics,domestic_tourism_daytrip_backcast_2019_2025.xlsx,Table 2,"Backcast Daytrip Spend ($M), Australia and Statesa"
Daytrip,All daytrip,Spend,AUD millions,Tasmania,TAS,year_ending,2023,Q1,YE Q1 2023,False,664.639,Tourism Research Australia: Domestic Tourism Statistics,domestic_tourism_daytrip_backcast_2019_2025.xlsx,Table 2,"Backcast Daytrip Spend ($M), Australia and Statesa"
Daytrip,All daytrip,Spend,AUD millions,Tasmania,TAS,year_ending,2023,Q2,YE Q2 2023,False,686.424,Tourism Research Australia: Domestic Tourism Statistics,domestic_tourism_daytrip_backcast_2019_2025.xlsx,Table 2,"Backcast Daytrip Spend ($M), Australia and Statesa"
Daytrip,All daytrip,Spend,AUD millions,Tasmania,TAS,year_ending,2023,Q3,YE Q3 2023,False,681.548,Tourism Research Australia: Domestic Tourism Statistics,domestic_tourism_daytrip_backcast_2019_2025.xlsx,Table 2,"Backcast Daytrip Spend ($M), Australia and Statesa"
Daytrip,All daytrip,Spend,AUD millions,Tasmania,TAS,year_ending,2023,Q4,YE Q4 2023,True,733.962,Tourism Research Australia: Domestic Tourism Statistics,domestic_tourism_daytrip_backcast_2019_2025.xlsx,Table 2,"Backcast Daytrip Spend ($M), Australia and Statesa"
Daytrip,All daytrip,Spend,AUD millions,Tasmania,TAS,year_ending,2024,Q1,YE Q1 2024,False,759.218,Tourism Research Australia: Domestic Tourism Statistics,domestic_tourism_daytrip_backcast_2019_2025.xlsx,Table 2,"Backcast Daytrip Spend ($M), Australia and Statesa"
Daytrip,All daytrip,Spend,AUD millions,Tasmania,TAS,year_ending,2024,Q2,YE Q2 2024,False,709.713,Tourism Research Australia: Domestic Tourism Statistics,domestic_tourism_daytrip_backcast_2019_2025.xlsx,Table 2,"Backcast Daytrip Spend ($M), Australia and Statesa"
Daytrip,All daytrip,Spend,AUD millions,Tasmania,TAS,year_ending,2024,Q3,YE Q3 2024,False,731.869,Tourism Research Australia: Domestic Tourism Statistics,domestic_tourism_daytrip_backcast_2019_2025.xlsx,Table 2,"Backcast Daytrip Spend ($M), Australia and Statesa"
Daytrip,All daytrip,Spend,AUD millions,Tasmania,TAS,year_ending,2024,Q4,YE Q4 2024,True,726.497,Tourism Research Australia: Domestic Tourism Statistics,domestic_tourism_daytrip_backcast_2019_2025.xlsx,Table 2,"Backcast Daytrip Spend ($M), Australia and Statesa"
Daytrip,All daytrip,Spend,AUD millions,Tasmania,TAS,year_ending,2025,Q1,YE Q1 2025,False,730.048,Tourism Research Australia: Domestic Tourism Statistics,domestic_tourism_daytrip_backcast_2019_2025.xlsx,Table 2,"Backcast Daytrip Spend ($M), Australia and Statesa"
Daytrip,All daytrip,Spend,AUD millions,Tasmania,TAS,year_ending,2025,Q2,YE Q2 2025,False,742.987,Tourism Research Australia: Domestic Tourism Statistics,domestic_tourism_daytrip_backcast_2019_2025.xlsx,Table 2,"Backcast Daytrip Spend ($M), Australia and Statesa"
Daytrip,All daytrip,Spend,AUD millions,Northern Territory,NT,year_ending,2019,Q4,YE Q4 2019,True,66.533,Tourism Research Australia: Domestic Tourism Statistics,domestic_tourism_daytrip_backcast_2019_2025.xlsx,Table 2,"Backcast Daytrip Spend ($M), Australia and Statesa"
Daytrip,All daytrip,Spend,AUD millions,Northern Territory,NT,year_ending,2020,Q1,YE Q1 2020,False,70.457,Tourism Research Australia: Domestic Tourism Statistics,domestic_tourism_daytrip_backcast_2019_2025.xlsx,Table 2,"Backcast Daytrip Spend ($M), Australia and Statesa"
Daytrip,All daytrip,Spend,AUD millions,Northern Territory,NT,year_ending,2020,Q2,YE Q2 2020,False,67.153,Tourism Research Australia: Domestic Tourism Statistics,domestic_tourism_daytrip_backcast_2019_2025.xlsx,Table 2,"Backcast Daytrip Spend ($M), Australia and Statesa"
Daytrip,All daytrip,Spend,AUD millions,Northern Territory,NT,year_ending,2020,Q3,YE Q3 2020,False,72.812,Tourism Research Australia: Domestic Tourism Statistics,domestic_tourism_daytrip_backcast_2019_2025.xlsx,Table 2,"Backcast Daytrip Spend ($M), Australia and Statesa"
Daytrip,All daytrip,Spend,AUD millions,Northern Territory,NT,year_ending,2020,Q4,YE Q4 2020,True,95.586,Tourism Research Australia: Domestic Tourism Statistics,domestic_tourism_daytrip_backcast_2019_2025.xlsx,Table 2,"Backcast Daytrip Spend ($M), Australia and Statesa"
Daytrip,All daytrip,Spend,AUD millions,Northern Territory,NT,year_ending,2021,Q1,YE Q1 2021,False,91.316,Tourism Research Australia: Domestic Tourism Statistics,domestic_tourism_daytrip_backcast_2019_2025.xlsx,Table 2,"Backcast Daytrip Spend ($M), Australia and Statesa"
Daytrip,All daytrip,Spend,AUD millions,Northern Territory,NT,year_ending,2021,Q2,YE Q2 2021,False,120.848,Tourism Research Australia: Domestic Tourism Statistics,domestic_tourism_daytrip_backcast_2019_2025.xlsx,Table 2,"Backcast Daytrip Spend ($M), Australia and Statesa"
Daytrip,All daytrip,Spend,AUD millions,Northern Territory,NT,year_ending,2021,Q3,YE Q3 2021,False,112.721,Tourism Research Australia: Domestic Tourism Statistics,domestic_tourism_daytrip_backcast_2019_2025.xlsx,Table 2,"Backcast Daytrip Spend ($M), Australia and Statesa"
Daytrip,All daytrip,Spend,AUD millions,Northern Territory,NT,year_ending,2021,Q4,YE Q4 2021,True,98.915,Tourism Research Australia: Domestic Tourism Statistics,domestic_tourism_daytrip_backcast_2019_2025.xlsx,Table 2,"Backcast Daytrip Spend ($M), Australia and Statesa"
Daytrip,All daytrip,Spend,AUD millions,Northern Territory,NT,year_ending,2022,Q1,YE Q1 2022,False,101.246,Tourism Research Australia: Domestic Tourism Statistics,domestic_tourism_daytrip_backcast_2019_2025.xlsx,Table 2,"Backcast Daytrip Spend ($M), Australia and Statesa"
Daytrip,All daytrip,Spend,AUD millions,Northern Territory,NT,year_ending,2022,Q2,YE Q2 2022,False,81.265,Tourism Research Australia: Domestic Tourism Statistics,domestic_tourism_daytrip_backcast_2019_2025.xlsx,Table 2,"Backcast Daytrip Spend ($M), Australia and Statesa"
Daytrip,All daytrip,Spend,AUD millions,Northern Territory,NT,year_ending,2022,Q3,YE Q3 2022,False,106.423,Tourism Research Australia: Domestic Tourism Statistics,domestic_tourism_daytrip_backcast_2019_2025.xlsx,Table 2,"Backcast Daytrip Spend ($M), Australia and Statesa"
Daytrip,All daytrip,Spend,AUD millions,Northern Territory,NT,year_ending,2022,Q4,YE Q4 2022,True,118.8,Tourism Research Australia: Domestic Tourism Statistics,domestic_tourism_daytrip_backcast_2019_2025.xlsx,Table 2,"Backcast Daytrip Spend ($M), Australia and Statesa"
Daytrip,All daytrip,Spend,AUD millions,Northern Territory,NT,year_ending,2023,Q1,YE Q1 2023,False,114.263,Tourism Research Australia: Domestic Tourism Statistics,domestic_tourism_daytrip_backcast_2019_2025.xlsx,Table 2,"Backcast Daytrip Spend ($M), Australia and Statesa"
Daytrip,All daytrip,Spend,AUD millions,Northern Territory,NT,year_ending,2023,Q2,YE Q2 2023,False,132.692,Tourism Research Australia: Domestic Tourism Statistics,domestic_tourism_daytrip_backcast_2019_2025.xlsx,Table 2,"Backcast Daytrip Spend ($M), Australia and Statesa"
Daytrip,All daytrip,Spend,AUD millions,Northern Territory,NT,year_ending,2023,Q3,YE Q3 2023,False,115.711,Tourism Research Australia: Domestic Tourism Statistics,domestic_tourism_daytrip_backcast_2019_2025.xlsx,Table 2,"Backcast Daytrip Spend ($M), Australia and Statesa"
Daytrip,All daytrip,Spend,AUD millions,Northern Territory,NT,year_ending,2023,Q4,YE Q4 2023,True,125.606,Tourism Research Australia: Domestic Tourism Statistics,domestic_tourism_daytrip_backcast_2019_2025.xlsx,Table 2,"Backcast Daytrip Spend ($M), Australia and Statesa"
Daytrip,All daytrip,Spend,AUD millions,Northern Territory,NT,year_ending,2024,Q1,YE Q1 2024,False,186.243,Tourism Research Australia: Domestic Tourism Statistics,domestic_tourism_daytrip_backcast_2019_2025.xlsx,Table 2,"Backcast Daytrip Spend ($M), Australia and Statesa"
Daytrip,All daytrip,Spend,AUD millions,Northern Territory,NT,year_ending,2024,Q2,YE Q2 2024,False,173.206,Tourism Research Australia: Domestic Tourism Statistics,domestic_tourism_daytrip_backcast_2019_2025.xlsx,Table 2,"Backcast Daytrip Spend ($M), Australia and Statesa"
Daytrip,All daytrip,Spend,AUD millions,Northern Territory,NT,year_ending,2024,Q3,YE Q3 2024,False,215.37,Tourism Research Australia: Domestic Tourism Statistics,domestic_tourism_daytrip_backcast_2019_2025.xlsx,Table 2,"Backcast Daytrip Spend ($M), Australia and Statesa"
Daytrip,All daytrip,Spend,AUD millions,Northern Territory,NT,year_ending,2024,Q4,YE Q4 2024,True,210.348,Tourism Research Australia: Domestic Tourism Statistics,domestic_tourism_daytrip_backcast_2019_2025.xlsx,Table 2,"Backcast Daytrip Spend ($M), Australia and Statesa"
Daytrip,All daytrip,Spend,AUD millions,Northern Territory,NT,year_ending,2025,Q1,YE Q1 2025,False,182.633,Tourism Research Australia: Domestic Tourism Statistics,domestic_tourism_daytrip_backcast_2019_2025.xlsx,Table 2,"Backcast Daytrip Spend ($M), Australia and Statesa"
Daytrip,All daytrip,Spend,AUD millions,Northern Territory,NT,year_ending,2025,Q2,YE Q2 2025,False,233.583,Tourism Research Australia: Domestic Tourism Statistics,domestic_tourism_daytrip_backcast_2019_2025.xlsx,Table 2,"Backcast Daytrip Spend ($M), Australia and Statesa"
Daytrip,All daytrip,Spend,AUD millions,ACT,ACT,year_ending,2019,Q4,YE Q4 2019,True,243.477,Tourism Research Australia: Domestic Tourism Statistics,domestic_tourism_daytrip_backcast_2019_2025.xlsx,Table 2,"Backcast Daytrip Spend ($M), Australia and Statesa"
Daytrip,All daytrip,Spend,AUD millions,ACT,ACT,year_ending,2020,Q1,YE Q1 2020,False,265.984,Tourism Research Australia: Domestic Tourism Statistics,domestic_tourism_daytrip_backcast_2019_2025.xlsx,Table 2,"Backcast Daytrip Spend ($M), Australia and Statesa"
Daytrip,All daytrip,Spend,AUD millions,ACT,ACT,year_ending,2020,Q2,YE Q2 2020,False,227.268,Tourism Research Australia: Domestic Tourism Statistics,domestic_tourism_daytrip_backcast_2019_2025.xlsx,Table 2,"Backcast Daytrip Spend ($M), Australia and Statesa"
Daytrip,All daytrip,Spend,AUD millions,ACT,ACT,year_ending,2020,Q3,YE Q3 2020,False,194.923,Tourism Research Australia: Domestic Tourism Statistics,domestic_tourism_daytrip_backcast_2019_2025.xlsx,Table 2,"Backcast Daytrip Spend ($M), Australia and Statesa"
Daytrip,All daytrip,Spend,AUD millions,ACT,ACT,year_ending,2020,Q4,YE Q4 2020,True,176.261,Tourism Research Australia: Domestic Tourism Statistics,domestic_tourism_daytrip_backcast_2019_2025.xlsx,Table 2,"Backcast Daytrip Spend ($M), Australia and Statesa"
Daytrip,All daytrip,Spend,AUD millions,ACT,ACT,year_ending,2021,Q1,YE Q1 2021,False,181.551,Tourism Research Australia: Domestic Tourism Statistics,domestic_tourism_daytrip_backcast_2019_2025.xlsx,Table 2,"Backcast Daytrip Spend ($M), Australia and Statesa"
Daytrip,All daytrip,Spend,AUD millions,ACT,ACT,year_ending,2021,Q2,YE Q2 2021,False,204.876,Tourism Research Australia: Domestic Tourism Statistics,domestic_tourism_daytrip_backcast_2019_2025.xlsx,Table 2,"Backcast Daytrip Spend ($M), Australia and Statesa"
Daytrip,All daytrip,Spend,AUD millions,ACT,ACT,year_ending,2021,Q3,YE Q3 2021,False,205.577,Tourism Research Australia: Domestic Tourism Statistics,domestic_tourism_daytrip_backcast_2019_2025.xlsx,Table 2,"Backcast Daytrip Spend ($M), Australia and Statesa"
Daytrip,All daytrip,Spend,AUD millions,ACT,ACT,year_ending,2021,Q4,YE Q4 2021,True,236.986,Tourism Research Australia: Domestic Tourism Statistics,domestic_tourism_daytrip_backcast_2019_2025.xlsx,Table 2,"Backcast Daytrip Spend ($M), Australia and Statesa"
Daytrip,All daytrip,Spend,AUD millions,ACT,ACT,year_ending,2022,Q1,YE Q1 2022,False,264.984,Tourism Research Australia: Domestic Tourism Statistics,domestic_tourism_daytrip_backcast_2019_2025.xlsx,Table 2,"Backcast Daytrip Spend ($M), Australia and Statesa"
Daytrip,All daytrip,Spend,AUD millions,ACT,ACT,year_ending,2022,Q2,YE Q2 2022,False,293.367,Tourism Research Australia: Domestic Tourism Statistics,domestic_tourism_daytrip_backcast_2019_2025.xlsx,Table 2,"Backcast Daytrip Spend ($M), Australia and Statesa"
Daytrip,All daytrip,Spend,AUD millions,ACT,ACT,year_ending,2022,Q3,YE Q3 2022,False,348.58,Tourism Research Australia: Domestic Tourism Statistics,domestic_tourism_daytrip_backcast_2019_2025.xlsx,Table 2,"Backcast Daytrip Spend ($M), Australia and Statesa"
Daytrip,All daytrip,Spend,AUD millions,ACT,ACT,year_ending,2022,Q4,YE Q4 2022,True,448.877,Tourism Research Australia: Domestic Tourism Statistics,domestic_tourism_daytrip_backcast_2019_2025.xlsx,Table 2,"Backcast Daytrip Spend ($M), Australia and Statesa"
Daytrip,All daytrip,Spend,AUD millions,ACT,ACT,year_ending,2023,Q1,YE Q1 2023,False,486.38,Tourism Research Australia: Domestic Tourism Statistics,domestic_tourism_daytrip_backcast_2019_2025.xlsx,Table 2,"Backcast Daytrip Spend ($M), Australia and Statesa"
Daytrip,All daytrip,Spend,AUD millions,ACT,ACT,year_ending,2023,Q2,YE Q2 2023,False,516.528,Tourism Research Australia: Domestic Tourism Statistics,domestic_tourism_daytrip_backcast_2019_2025.xlsx,Table 2,"Backcast Daytrip Spend ($M), Australia and Statesa"
Daytrip,All daytrip,Spend,AUD millions,ACT,ACT,year_ending,2023,Q3,YE Q3 2023,False,596.963,Tourism Research Australia: Domestic Tourism Statistics,domestic_tourism_daytrip_backcast_2019_2025.xlsx,Table 2,"Backcast Daytrip Spend ($M), Australia and Statesa"
Daytrip,All daytrip,Spend,AUD millions,ACT,ACT,year_ending,2023,Q4,YE Q4 2023,True,535.102,Tourism Research Australia: Domestic Tourism Statistics,domestic_tourism_daytrip_backcast_2019_2025.xlsx,Table 2,"Backcast Daytrip Spend ($M), Australia and Statesa"
Daytrip,All daytrip,Spend,AUD millions,ACT,ACT,year_ending,2024,Q1,YE Q1 2024,False,453.494,Tourism Research Australia: Domestic Tourism Statistics,domestic_tourism_daytrip_backcast_2019_2025.xlsx,Table 2,"Backcast Daytrip Spend ($M), Australia and Statesa"
Daytrip,All daytrip,Spend,AUD millions,ACT,ACT,year_ending,2024,Q2,YE Q2 2024,False,406.852,Tourism Research Australia: Domestic Tourism Statistics,domestic_tourism_daytrip_backcast_2019_2025.xlsx,Table 2,"Backcast Daytrip Spend ($M), Australia and Statesa"
Daytrip,All daytrip,Spend,AUD millions,ACT,ACT,year_ending,2024,Q3,YE Q3 2024,False,297.866,Tourism Research Australia: Domestic Tourism Statistics,domestic_tourism_daytrip_backcast_2019_2025.xlsx,Table 2,"Backcast Daytrip Spend ($M), Australia and Statesa"
Daytrip,All daytrip,Spend,AUD millions,ACT,ACT,year_ending,2024,Q4,YE Q4 2024,True,279.738,Tourism Research Australia: Domestic Tourism Statistics,domestic_tourism_daytrip_backcast_2019_2025.xlsx,Table 2,"Backcast Daytrip Spend ($M), Australia and Statesa"
Daytrip,All daytrip,Spend,AUD millions,ACT,ACT,year_ending,2025,Q1,YE Q1 2025,False,332.229,Tourism Research Australia: Domestic Tourism Statistics,domestic_tourism_daytrip_backcast_2019_2025.xlsx,Table 2,"Backcast Daytrip Spend ($M), Australia and Statesa"
Daytrip,All daytrip,Spend,AUD millions,ACT,ACT,year_ending,2025,Q2,YE Q2 2025,False,379.178,Tourism Research Australia: Domestic Tourism Statistics,domestic_tourism_daytrip_backcast_2019_2025.xlsx,Table 2,"Backcast Daytrip Spend ($M), Australia and Statesa"
