{"type":"FeatureCollection","features":[{"type":"Feature","properties":{"state":"New South Wales","state_code":"1","region_code":112,"region":"Capital Country"},"geometry":{"type":"MultiPolygon","coordinates":[[[[149.129,-33.893],[149.158,-33.969],[149.2,-33.979],[149.226,-33.974],[149.276,-33.954],[149.32,-33.955],[149.363,-33.977],[149.401,-33.998],[149.447,-34.027],[149.495,-34.03],[149.514,-34.034],[149.515,-34.051],[149.526,-34.054],[149.536,-34.063],[149.547,-34.082],[149.558,-34.091],[149.578,-34.096],[149.598,-34.113],[149.617,-34.106],[149.62,-34.116],[149.623,-34.124],[149.627,-34.12],[149.632,-34.119],[149.637,-34.133],[149.646,-34.142],[149.651,-34.156],[149.657,-34.168],[149.664,-34.173],[149.675,-34.179],[149.685,-34.199],[149.7,-34.197],[149.716,-34.191],[149.726,-34.197],[149.741,-34.195],[149.758,-34.188],[149.78,-34.197],[149.805,-34.199],[149.828,-34.198],[149.844,-34.189],[149.862,-34.189],[149.885,-34.184],[149.902,-34.187],[149.92,-34.182],[149.934,-34.168],[149.936,-34.159],[149.941,-34.148],[149.947,-34.133],[149.945,-34.121],[149.931,-34.115],[149.935,-34.097],[149.929,-34.081],[149.998,-34.084],[150.003,-34.095],[150.034,-34.126],[150.021,-34.134],[150.021,-34.144],[150.031,-34.147],[150.042,-34.148],[150.047,-34.159],[150.056,-34.173],[150.062,-34.182],[150.065,-34.2],[150.058,-34.219],[150.062,-34.237],[150.057,-34.251],[150.06,-34.258],[150.097,-34.273],[150.225,-34.27],[150.254,-34.225],[150.259,-34.219],[150.263,-34.214],[150.271,-34.221],[150.341,-34.234],[150.508,-34.261],[150.516,-34.27],[150.546,-34.281],[150.54,-34.288],[150.543,-34.293],[150.561,-34.338],[150.561,-34.347],[150.54,-34.375],[150.541,-34.392],[150.566,-34.386],[150.565,-34.407],[150.556,-34.43],[150.533,-34.45],[150.534,-34.464],[150.531,-34.489],[150.539,-34.502],[150.557,-34.512],[150.577,-34.504],[150.597,-34.493],[150.611,-34.475],[150.626,-34.481],[150.639,-34.519],[150.646,-34.556],[150.661,-34.58],[150.682,-34.601],[150.696,-34.602],[150.7,-34.602],[150.683,-34.628],[150.647,-34.663],[150.636,-34.673],[150.615,-34.661],[150.618,-34.654],[150.635,-34.646],[150.641,-34.638],[150.643,-34.629],[150.655,-34.624],[150.631,-34.62],[150.63,-34.623],[150.627,-34.63],[150.616,-34.633],[150.592,-34.652],[150.58,-34.681],[150.56,-34.683],[150.56,-34.64],[150.542,-34.655],[150.538,-34.665],[150.534,-34.659],[150.526,-34.657],[150.519,-34.66],[150.506,-34.667],[150.465,-34.681],[150.433,-34.69],[150.422,-34.699],[150.406,-34.701],[150.392,-34.711],[150.387,-34.721],[150.381,-34.729],[150.378,-34.737],[150.366,-34.746],[150.347,-34.749],[150.334,-34.752],[150.326,-34.763],[150.264,-34.78],[150.236,-34.795],[150.22,-34.804],[150.202,-34.817],[150.147,-34.82],[150.106,-34.793],[150.068,-34.767],[150.057,-34.785],[150.039,-34.821],[150.053,-34.873],[150.078,-34.898],[150.088,-34.922],[150.081,-34.978],[150.053,-35.008],[150.064,-35.03],[150.075,-35.045],[150.085,-35.063],[150.104,-35.072],[150.109,-35.084],[150.129,-35.104],[150.139,-35.117],[150.148,-35.143],[150.172,-35.156],[150.196,-35.171],[150.209,-35.185],[150.188,-35.205],[150.19,-35.233],[150.172,-35.248],[150.167,-35.267],[150.139,-35.273],[150.121,-35.291],[150.103,-35.288],[150.086,-35.299],[150.051,-35.316],[150.041,-35.389],[150.031,-35.41],[150.015,-35.422],[150.013,-35.437],[150.005,-35.452],[150.003,-35.473],[149.979,-35.495],[149.979,-35.502],[149.974,-35.503],[149.966,-35.502],[149.948,-35.536],[149.95,-35.542],[149.957,-35.544],[149.951,-35.546],[149.951,-35.55],[149.944,-35.564],[149.931,-35.564],[149.93,-35.575],[149.93,-35.581],[149.932,-35.587],[149.935,-35.597],[149.933,-35.603],[149.934,-35.609],[149.931,-35.613],[149.92,-35.624],[149.922,-35.629],[149.922,-35.633],[149.918,-35.636],[149.862,-35.714],[149.857,-35.719],[149.852,-35.719],[149.848,-35.716],[149.843,-35.716],[149.839,-35.717],[149.839,-35.722],[149.836,-35.723],[149.831,-35.721],[149.83,-35.725],[149.825,-35.729],[149.823,-35.734],[149.819,-35.733],[149.815,-35.737],[149.818,-35.742],[149.821,-35.746],[149.817,-35.75],[149.796,-35.774],[149.722,-35.787],[149.7,-35.792],[149.686,-35.802],[149.682,-35.813],[149.677,-35.824],[149.681,-35.837],[149.679,-35.85],[149.679,-35.861],[149.682,-35.871],[149.685,-35.877],[149.687,-35.882],[149.688,-35.887],[149.69,-35.893],[149.689,-35.899],[149.692,-35.905],[149.692,-35.909],[149.692,-35.915],[149.693,-35.92],[149.69,-35.926],[149.689,-35.93],[149.687,-35.936],[149.689,-35.942],[149.687,-35.947],[149.688,-35.953],[149.684,-35.956],[149.683,-35.961],[149.683,-35.967],[149.682,-35.973],[149.68,-35.979],[149.677,-35.983],[149.674,-35.988],[149.67,-35.986],[149.663,-35.987],[149.657,-35.984],[149.652,-35.98],[149.649,-35.975],[149.642,-35.976],[149.623,-35.963],[149.609,-35.978],[149.599,-35.991],[149.591,-35.991],[149.585,-35.991],[149.583,-35.996],[149.586,-36.002],[149.584,-36.006],[149.579,-36.007],[149.573,-36.009],[149.566,-36.001],[149.565,-35.988],[149.557,-35.987],[149.543,-35.993],[149.534,-35.988],[149.528,-35.987],[149.523,-35.982],[149.521,-35.976],[149.518,-35.969],[149.518,-35.962],[149.514,-35.955],[149.514,-35.943],[149.515,-35.933],[149.516,-35.924],[149.52,-35.917],[149.516,-35.909],[149.514,-35.898],[149.494,-35.88],[149.487,-35.865],[149.435,-35.837],[149.44,-35.842],[149.387,-35.841],[149.282,-35.794],[149.298,-35.844],[149.28,-35.848],[149.267,-35.855],[149.23,-35.834],[149.209,-35.828],[149.194,-35.822],[149.181,-35.819],[149.156,-35.821],[149.131,-35.813],[149.13,-35.792],[149.137,-35.769],[149.093,-35.775],[149.104,-35.691],[149.079,-35.608],[149.112,-35.587],[149.132,-35.55],[149.138,-35.468],[149.143,-35.449],[149.155,-35.437],[149.139,-35.432],[149.182,-35.381],[149.23,-35.343],[149.255,-35.33],[149.277,-35.336],[149.306,-35.336],[149.349,-35.351],[149.364,-35.348],[149.386,-35.332],[149.37,-35.308],[149.306,-35.275],[149.238,-35.238],[149.197,-35.188],[149.147,-35.144],[148.897,-35.257],[148.792,-35.362],[148.783,-35.365],[148.777,-35.365],[148.745,-35.349],[148.742,-35.341],[148.753,-35.331],[148.741,-35.295],[148.735,-35.259],[148.725,-35.247],[148.713,-35.238],[148.707,-35.219],[148.691,-35.2],[148.65,-35.228],[148.644,-35.239],[148.562,-35.221],[148.545,-35.12],[148.573,-35.039],[148.56,-35.0],[148.533,-34.993],[148.537,-34.937],[148.533,-34.914],[148.477,-34.9],[148.369,-34.856],[148.311,-34.854],[148.29,-34.823],[148.272,-34.788],[148.265,-34.749],[148.264,-34.739],[148.215,-34.693],[148.203,-34.584],[148.215,-34.561],[148.197,-34.494],[148.018,-34.413],[147.823,-34.328],[147.811,-34.309],[147.8,-34.292],[147.797,-34.282],[147.798,-34.269],[147.794,-34.261],[147.787,-34.254],[147.788,-34.241],[147.778,-34.207],[147.758,-34.202],[147.755,-34.185],[147.738,-34.182],[147.721,-34.182],[147.714,-34.169],[147.721,-34.157],[147.738,-34.146],[147.767,-34.14],[147.795,-34.138],[147.812,-34.126],[147.821,-34.119],[147.85,-34.117],[148.016,-34.042],[148.031,-34.028],[148.049,-34.031],[148.074,-34.039],[148.087,-34.052],[148.105,-34.052],[148.115,-34.068],[148.136,-34.074],[148.193,-34.064],[148.442,-34.06],[148.552,-34.02],[148.573,-34.039],[148.599,-34.058],[148.612,-34.064],[148.626,-34.072],[148.66,-34.074],[148.748,-34.052],[148.779,-33.985],[148.788,-33.984],[148.799,-33.985],[148.857,-33.95],[148.905,-33.975],[148.958,-33.971],[148.969,-33.962],[148.979,-33.952],[148.978,-33.938],[148.983,-33.924],[149.026,-33.93],[149.074,-33.893],[149.097,-33.901],[149.129,-33.893]]]]}},{"type":"Feature","properties":{"state":"New South Wales","state_code":"1","region_code":121,"region":"Snowy Mountains"},"geometry":{"type":"MultiPolygon","coordinates":[[[[148.492,-35.084],[148.525,-35.123],[148.58,-35.196],[148.644,-35.243],[148.648,-35.23],[148.681,-35.198],[148.702,-35.216],[148.715,-35.237],[148.725,-35.244],[148.73,-35.253],[148.738,-35.284],[148.749,-35.322],[148.745,-35.339],[148.744,-35.347],[148.776,-35.363],[148.782,-35.366],[148.791,-35.363],[148.809,-35.382],[148.767,-35.471],[148.773,-35.568],[148.769,-35.646],[148.791,-35.693],[148.85,-35.751],[148.895,-35.778],[148.912,-35.855],[149.009,-35.901],[149.061,-35.882],[149.097,-35.797],[149.137,-35.765],[149.131,-35.789],[149.131,-35.808],[149.152,-35.82],[149.178,-35.819],[149.191,-35.82],[149.208,-35.825],[149.224,-35.833],[149.261,-35.855],[149.278,-35.851],[149.296,-35.844],[149.301,-35.839],[149.38,-35.796],[149.441,-35.843],[149.435,-35.838],[149.486,-35.863],[149.492,-35.877],[149.506,-35.894],[149.514,-35.907],[149.52,-35.915],[149.518,-35.923],[149.518,-35.93],[149.517,-35.941],[149.512,-35.953],[149.518,-35.96],[149.518,-35.968],[149.52,-35.974],[149.52,-35.982],[149.528,-35.986],[149.532,-35.988],[149.541,-35.992],[149.554,-35.988],[149.564,-35.986],[149.568,-35.998],[149.568,-36.012],[149.568,-36.017],[149.569,-36.022],[149.572,-36.063],[149.568,-36.092],[149.581,-36.147],[149.572,-36.163],[149.574,-36.182],[149.569,-36.203],[149.549,-36.205],[149.549,-36.222],[149.532,-36.225],[149.534,-36.308],[149.477,-36.444],[149.469,-36.495],[149.471,-36.505],[149.465,-36.542],[149.459,-36.558],[149.448,-36.571],[149.442,-36.575],[149.414,-36.636],[149.42,-36.648],[149.463,-36.661],[149.458,-36.737],[149.445,-36.767],[149.488,-36.82],[149.52,-36.86],[149.512,-36.878],[149.509,-36.885],[149.5,-36.9],[149.468,-36.9],[149.469,-36.947],[149.442,-36.94],[149.422,-36.936],[149.411,-36.934],[149.378,-36.962],[149.399,-36.981],[149.396,-36.997],[149.365,-37.117],[149.358,-37.129],[149.348,-37.142],[149.342,-37.154],[149.321,-37.178],[149.325,-37.183],[149.322,-37.192],[149.321,-37.203],[149.317,-37.211],[149.321,-37.219],[149.322,-37.227],[149.331,-37.231],[149.349,-37.244],[149.355,-37.257],[148.19,-36.801],[148.179,-36.797],[148.163,-36.792],[148.149,-36.793],[148.134,-36.795],[148.125,-36.801],[148.114,-36.802],[148.104,-36.791],[148.106,-36.785],[148.115,-36.766],[148.12,-36.757],[148.133,-36.748],[148.133,-36.733],[148.148,-36.722],[148.162,-36.712],[148.173,-36.703],[148.189,-36.688],[148.191,-36.675],[148.203,-36.661],[148.211,-36.647],[148.212,-36.633],[148.22,-36.621],[148.208,-36.613],[148.215,-36.605],[148.215,-36.597],[148.206,-36.593],[148.203,-36.588],[148.19,-36.584],[148.184,-36.579],[148.17,-36.575],[148.161,-36.578],[148.158,-36.568],[148.149,-36.561],[148.134,-36.567],[148.125,-36.552],[148.134,-36.538],[148.139,-36.527],[148.13,-36.512],[148.123,-36.498],[148.119,-36.494],[148.125,-36.487],[148.12,-36.483],[148.125,-36.478],[148.122,-36.471],[148.124,-36.463],[148.115,-36.459],[148.105,-36.456],[148.096,-36.455],[148.087,-36.45],[148.088,-36.442],[148.088,-36.434],[148.082,-36.429],[148.08,-36.422],[148.072,-36.418],[148.063,-36.416],[148.056,-36.411],[148.058,-36.405],[148.054,-36.399],[148.047,-36.394],[148.041,-36.392],[148.04,-36.386],[148.043,-36.38],[148.042,-36.376],[148.041,-36.371],[148.045,-36.366],[148.038,-36.367],[148.042,-36.359],[148.046,-36.355],[148.046,-36.352],[148.048,-36.346],[148.054,-36.341],[148.055,-36.335],[148.051,-36.328],[148.057,-36.322],[148.055,-36.317],[148.047,-36.318],[148.043,-36.313],[148.035,-36.311],[148.04,-36.306],[148.042,-36.3],[148.039,-36.298],[148.036,-36.292],[148.038,-36.289],[148.038,-36.284],[148.035,-36.281],[148.033,-36.276],[148.033,-36.269],[148.036,-36.264],[148.037,-36.258],[148.035,-36.252],[148.029,-36.247],[148.033,-36.241],[148.035,-36.235],[148.031,-36.229],[148.026,-36.223],[148.031,-36.219],[148.037,-36.217],[148.038,-36.211],[148.04,-36.205],[148.038,-36.198],[148.035,-36.193],[148.03,-36.191],[148.025,-36.188],[148.024,-36.182],[148.022,-36.176],[148.026,-36.174],[148.026,-36.168],[148.033,-36.165],[148.03,-36.161],[148.024,-36.157],[148.027,-36.155],[148.031,-36.15],[148.036,-36.15],[148.036,-36.144],[148.033,-36.143],[148.025,-36.14],[148.018,-36.139],[148.011,-36.139],[148.009,-36.139],[148.006,-36.136],[148.002,-36.135],[147.998,-36.125],[147.994,-36.116],[147.996,-36.109],[147.994,-36.1],[147.987,-36.093],[147.982,-36.082],[147.989,-36.075],[147.993,-36.063],[147.997,-36.051],[147.989,-36.049],[147.988,-36.043],[147.974,-36.046],[147.971,-36.041],[147.957,-36.044],[147.945,-36.047],[147.93,-36.044],[147.927,-36.031],[147.912,-36.023],[147.915,-36.008],[147.91,-35.996],[147.889,-35.998],[147.873,-35.991],[147.858,-35.989],[147.836,-35.981],[147.813,-35.976],[147.789,-35.967],[147.77,-35.961],[147.737,-35.954],[147.709,-35.929],[147.66,-35.944],[147.627,-35.965],[147.593,-35.928],[147.621,-35.883],[147.7,-35.838],[147.788,-35.802],[147.808,-35.777],[147.803,-35.686],[147.782,-35.574],[147.845,-35.555],[147.907,-35.423],[147.847,-35.326],[147.888,-35.259],[147.9,-35.243],[147.899,-35.231],[148.009,-35.195],[148.155,-35.197],[148.192,-35.173],[148.213,-35.166],[148.217,-35.158],[148.214,-35.145],[148.208,-35.126],[148.2,-35.111],[148.414,-35.153],[148.469,-35.102],[148.492,-35.084]]]]}},{"type":"Feature","properties":{"state":"New South Wales","state_code":"1","region_code":122,"region":"South Coast"},"geometry":{"type":"MultiPolygon","coordinates":[[[[150.226,-36.243],[150.229,-36.243],[150.23,-36.245],[150.23,-36.246],[150.227,-36.248],[150.229,-36.249],[150.23,-36.252],[150.229,-36.256],[150.226,-36.259],[150.224,-36.253],[150.226,-36.248],[150.224,-36.246],[150.224,-36.244],[150.226,-36.243]]],[[[150.257,-35.749],[150.258,-35.753],[150.256,-35.752],[150.257,-35.749]]],[[[150.261,-35.747],[150.262,-35.748],[150.26,-35.749],[150.26,-35.747],[150.261,-35.747]]],[[[150.332,-35.63],[150.334,-35.631],[150.335,-35.632],[150.334,-35.633],[150.331,-35.631],[150.332,-35.63]]],[[[150.937,-34.11],[151.018,-34.157],[151.063,-34.176],[151.056,-34.18],[151.049,-34.186],[151.034,-34.196],[151.012,-34.216],[151.0,-34.226],[150.987,-34.235],[150.978,-34.249],[150.976,-34.25],[150.977,-34.252],[150.975,-34.253],[150.973,-34.255],[150.974,-34.256],[150.974,-34.258],[150.973,-34.258],[150.972,-34.26],[150.972,-34.261],[150.97,-34.262],[150.969,-34.262],[150.968,-34.264],[150.968,-34.266],[150.967,-34.267],[150.965,-34.269],[150.964,-34.27],[150.963,-34.271],[150.96,-34.273],[150.957,-34.278],[150.956,-34.281],[150.954,-34.282],[150.954,-34.283],[150.952,-34.285],[150.95,-34.287],[150.95,-34.29],[150.947,-34.292],[150.947,-34.294],[150.944,-34.294],[150.942,-34.298],[150.941,-34.3],[150.943,-34.302],[150.941,-34.303],[150.939,-34.303],[150.939,-34.305],[150.937,-34.306],[150.935,-34.308],[150.935,-34.309],[150.933,-34.311],[150.932,-34.312],[150.93,-34.314],[150.927,-34.319],[150.926,-34.321],[150.925,-34.324],[150.925,-34.328],[150.928,-34.33],[150.929,-34.331],[150.925,-34.337],[150.927,-34.339],[150.924,-34.342],[150.924,-34.348],[150.923,-34.348],[150.919,-34.359],[150.923,-34.365],[150.925,-34.367],[150.927,-34.369],[150.93,-34.368],[150.931,-34.37],[150.926,-34.374],[150.916,-34.385],[150.906,-34.396],[150.903,-34.412],[150.908,-34.42],[150.906,-34.426],[150.9,-34.448],[150.908,-34.464],[150.889,-34.453],[150.887,-34.458],[150.911,-34.475],[150.914,-34.475],[150.916,-34.484],[150.917,-34.491],[150.918,-34.494],[150.903,-34.496],[150.888,-34.51],[150.869,-34.525],[150.874,-34.499],[150.887,-34.495],[150.877,-34.493],[150.864,-34.489],[150.853,-34.485],[150.835,-34.488],[150.834,-34.496],[150.838,-34.499],[150.827,-34.504],[150.816,-34.503],[150.812,-34.522],[150.804,-34.543],[150.809,-34.551],[150.807,-34.559],[150.818,-34.554],[150.834,-34.554],[150.837,-34.544],[150.851,-34.539],[150.872,-34.56],[150.875,-34.58],[150.895,-34.594],[150.9,-34.6],[150.885,-34.606],[150.856,-34.614],[150.86,-34.649],[150.855,-34.664],[150.859,-34.672],[150.861,-34.687],[150.852,-34.708],[150.84,-34.73],[150.834,-34.751],[150.833,-34.756],[150.828,-34.766],[150.823,-34.774],[150.825,-34.783],[150.82,-34.776],[150.786,-34.788],[150.753,-34.842],[150.749,-34.882],[150.771,-34.897],[150.768,-34.904],[150.778,-34.931],[150.786,-34.931],[150.777,-34.955],[150.779,-34.968],[150.794,-34.999],[150.826,-35.011],[150.83,-35.003],[150.836,-35.005],[150.847,-35.012],[150.841,-35.023],[150.836,-35.034],[150.836,-35.047],[150.841,-35.056],[150.834,-35.071],[150.82,-35.084],[150.799,-35.089],[150.793,-35.079],[150.786,-35.072],[150.777,-35.081],[150.774,-35.079],[150.776,-35.058],[150.78,-35.052],[150.787,-35.036],[150.771,-35.022],[150.774,-35.004],[150.736,-34.993],[150.727,-35.006],[150.723,-35.008],[150.714,-35.01],[150.688,-35.017],[150.676,-35.041],[150.677,-35.052],[150.692,-35.072],[150.692,-35.08],[150.694,-35.09],[150.694,-35.108],[150.654,-35.131],[150.631,-35.15],[150.618,-35.148],[150.607,-35.144],[150.601,-35.164],[150.592,-35.191],[150.567,-35.196],[150.55,-35.21],[150.535,-35.224],[150.531,-35.239],[150.542,-35.245],[150.539,-35.25],[150.52,-35.26],[150.503,-35.271],[150.477,-35.294],[150.472,-35.315],[150.485,-35.327],[150.477,-35.342],[150.484,-35.354],[150.478,-35.358],[150.492,-35.365],[150.475,-35.371],[150.452,-35.39],[150.447,-35.403],[150.431,-35.414],[150.411,-35.438],[150.403,-35.449],[150.396,-35.461],[150.396,-35.48],[150.391,-35.496],[150.398,-35.506],[150.401,-35.513],[150.402,-35.523],[150.404,-35.534],[150.391,-35.542],[150.383,-35.551],[150.387,-35.563],[150.377,-35.567],[150.369,-35.572],[150.357,-35.578],[150.347,-35.589],[150.343,-35.597],[150.345,-35.604],[150.336,-35.609],[150.325,-35.612],[150.324,-35.621],[150.323,-35.625],[150.327,-35.627],[150.328,-35.629],[150.33,-35.63],[150.328,-35.632],[150.326,-35.636],[150.325,-35.638],[150.322,-35.64],[150.32,-35.636],[150.308,-35.641],[150.298,-35.65],[150.298,-35.659],[150.298,-35.664],[150.302,-35.667],[150.307,-35.667],[150.304,-35.671],[150.306,-35.673],[150.302,-35.673],[150.304,-35.677],[150.304,-35.679],[150.3,-35.678],[150.302,-35.681],[150.304,-35.684],[150.305,-35.685],[150.305,-35.686],[150.303,-35.685],[150.3,-35.683],[150.297,-35.686],[150.298,-35.688],[150.298,-35.691],[150.298,-35.693],[150.298,-35.695],[150.296,-35.695],[150.293,-35.693],[150.29,-35.695],[150.289,-35.698],[150.288,-35.697],[150.287,-35.7],[150.286,-35.702],[150.285,-35.703],[150.281,-35.705],[150.282,-35.708],[150.281,-35.71],[150.277,-35.711],[150.278,-35.717],[150.278,-35.719],[150.277,-35.721],[150.274,-35.721],[150.268,-35.72],[150.265,-35.724],[150.264,-35.725],[150.262,-35.719],[150.262,-35.718],[150.259,-35.718],[150.258,-35.718],[150.258,-35.716],[150.254,-35.717],[150.253,-35.719],[150.252,-35.719],[150.251,-35.719],[150.251,-35.716],[150.251,-35.714],[150.248,-35.71],[150.242,-35.71],[150.24,-35.708],[150.238,-35.706],[150.237,-35.704],[150.222,-35.705],[150.212,-35.712],[150.211,-35.712],[150.209,-35.711],[150.209,-35.709],[150.21,-35.705],[150.205,-35.701],[150.201,-35.702],[150.199,-35.701],[150.193,-35.705],[150.192,-35.705],[150.186,-35.704],[150.181,-35.704],[150.178,-35.705],[150.18,-35.709],[150.183,-35.711],[150.188,-35.713],[150.195,-35.718],[150.198,-35.72],[150.199,-35.73],[150.206,-35.731],[150.208,-35.73],[150.207,-35.732],[150.208,-35.736],[150.212,-35.738],[150.214,-35.738],[150.214,-35.739],[150.213,-35.739],[150.213,-35.742],[150.215,-35.742],[150.215,-35.743],[150.216,-35.744],[150.216,-35.745],[150.216,-35.746],[150.215,-35.748],[150.214,-35.749],[150.212,-35.756],[150.217,-35.763],[150.222,-35.767],[150.233,-35.772],[150.236,-35.778],[150.236,-35.782],[150.235,-35.785],[150.237,-35.792],[150.232,-35.792],[150.232,-35.798],[150.235,-35.802],[150.235,-35.805],[150.23,-35.803],[150.225,-35.808],[150.228,-35.817],[150.227,-35.822],[150.225,-35.828],[150.233,-35.83],[150.229,-35.834],[150.219,-35.832],[150.209,-35.834],[150.207,-35.831],[150.194,-35.831],[150.186,-35.834],[150.186,-35.839],[150.182,-35.843],[150.186,-35.856],[150.188,-35.86],[150.177,-35.86],[150.158,-35.874],[150.154,-35.882],[150.15,-35.893],[150.15,-35.9],[150.152,-35.905],[150.155,-35.908],[150.156,-35.908],[150.16,-35.908],[150.161,-35.908],[150.161,-35.91],[150.159,-35.911],[150.158,-35.913],[150.157,-35.924],[150.161,-35.933],[150.156,-35.94],[150.156,-35.95],[150.16,-35.954],[150.156,-35.96],[150.154,-35.965],[150.154,-35.969],[150.153,-35.972],[150.152,-35.975],[150.151,-35.978],[150.152,-35.983],[150.153,-35.989],[150.156,-35.992],[150.159,-35.992],[150.16,-35.993],[150.163,-35.993],[150.164,-35.994],[150.161,-35.995],[150.16,-35.998],[150.159,-36.002],[150.157,-36.007],[150.162,-36.013],[150.165,-36.013],[150.159,-36.016],[150.157,-36.018],[150.152,-36.024],[150.142,-36.047],[150.142,-36.053],[150.144,-36.057],[150.141,-36.061],[150.14,-36.063],[150.135,-36.066],[150.133,-36.077],[150.135,-36.083],[150.134,-36.085],[150.135,-36.087],[150.138,-36.093],[150.141,-36.096],[150.137,-36.101],[150.135,-36.106],[150.131,-36.114],[150.126,-36.129],[150.125,-36.139],[150.125,-36.148],[150.125,-36.158],[150.129,-36.163],[150.131,-36.165],[150.132,-36.166],[150.133,-36.167],[150.132,-36.169],[150.133,-36.17],[150.135,-36.17],[150.136,-36.172],[150.135,-36.173],[150.133,-36.174],[150.134,-36.179],[150.132,-36.181],[150.132,-36.187],[150.134,-36.192],[150.133,-36.193],[150.131,-36.197],[150.131,-36.2],[150.133,-36.201],[150.132,-36.203],[150.133,-36.209],[150.134,-36.212],[150.137,-36.214],[150.139,-36.215],[150.14,-36.217],[150.142,-36.218],[150.142,-36.219],[150.141,-36.221],[150.141,-36.223],[150.142,-36.228],[150.143,-36.23],[150.146,-36.235],[150.147,-36.237],[150.147,-36.238],[150.145,-36.243],[150.144,-36.25],[150.146,-36.253],[150.146,-36.254],[150.145,-36.256],[150.146,-36.258],[150.145,-36.26],[150.147,-36.262],[150.148,-36.265],[150.149,-36.267],[150.148,-36.268],[150.139,-36.275],[150.131,-36.29],[150.132,-36.293],[150.133,-36.295],[150.135,-36.298],[150.134,-36.299],[150.134,-36.301],[150.136,-36.304],[150.139,-36.304],[150.139,-36.305],[150.136,-36.306],[150.135,-36.309],[150.135,-36.311],[150.134,-36.313],[150.131,-36.316],[150.128,-36.318],[150.126,-36.321],[150.122,-36.322],[150.117,-36.328],[150.114,-36.331],[150.103,-36.339],[150.096,-36.347],[150.088,-36.356],[150.08,-36.369],[150.081,-36.371],[150.083,-36.373],[150.081,-36.374],[150.078,-36.379],[150.069,-36.393],[150.065,-36.41],[150.067,-36.416],[150.07,-36.422],[150.075,-36.424],[150.081,-36.423],[150.084,-36.425],[150.083,-36.43],[150.079,-36.433],[150.075,-36.439],[150.073,-36.444],[150.072,-36.449],[150.072,-36.453],[150.072,-36.455],[150.074,-36.459],[150.069,-36.462],[150.057,-36.48],[150.057,-36.487],[150.055,-36.489],[150.057,-36.497],[150.06,-36.499],[150.059,-36.5],[150.061,-36.504],[150.061,-36.506],[150.061,-36.508],[150.06,-36.509],[150.06,-36.513],[150.06,-36.518],[150.06,-36.523],[150.06,-36.526],[150.057,-36.527],[150.059,-36.544],[150.063,-36.545],[150.065,-36.547],[150.067,-36.55],[150.068,-36.553],[150.066,-36.555],[150.063,-36.556],[150.061,-36.559],[150.057,-36.57],[150.056,-36.574],[150.056,-36.576],[150.057,-36.578],[150.058,-36.579],[150.056,-36.581],[150.056,-36.582],[150.055,-36.583],[150.054,-36.584],[150.055,-36.585],[150.052,-36.583],[150.05,-36.585],[150.047,-36.586],[150.044,-36.592],[150.045,-36.593],[150.042,-36.594],[150.042,-36.597],[150.041,-36.599],[150.039,-36.6],[150.038,-36.602],[150.04,-36.603],[150.037,-36.603],[150.037,-36.606],[150.035,-36.606],[150.034,-36.607],[150.031,-36.614],[150.03,-36.615],[150.029,-36.617],[150.029,-36.619],[150.028,-36.619],[150.027,-36.621],[150.026,-36.622],[150.024,-36.625],[150.02,-36.63],[150.018,-36.634],[150.017,-36.637],[150.015,-36.64],[150.015,-36.642],[150.016,-36.644],[150.01,-36.649],[150.006,-36.656],[150.002,-36.661],[149.996,-36.673],[149.998,-36.685],[149.996,-36.693],[149.991,-36.698],[149.981,-36.707],[149.987,-36.726],[149.99,-36.729],[149.987,-36.733],[149.984,-36.738],[149.983,-36.739],[149.984,-36.742],[149.982,-36.745],[149.984,-36.747],[149.983,-36.75],[149.984,-36.754],[149.982,-36.757],[149.98,-36.762],[149.978,-36.767],[149.974,-36.772],[149.972,-36.776],[149.971,-36.779],[149.971,-36.782],[149.969,-36.785],[149.966,-36.787],[149.963,-36.788],[149.96,-36.791],[149.942,-36.807],[149.942,-36.822],[149.934,-36.835],[149.94,-36.847],[149.94,-36.849],[149.943,-36.851],[149.945,-36.854],[149.95,-36.855],[149.945,-36.855],[149.93,-36.873],[149.934,-36.884],[149.933,-36.888],[149.93,-36.895],[149.932,-36.898],[149.936,-36.899],[149.937,-36.901],[149.937,-36.903],[149.935,-36.903],[149.933,-36.903],[149.931,-36.901],[149.929,-36.9],[149.927,-36.898],[149.913,-36.9],[149.91,-36.941],[149.915,-36.946],[149.924,-36.943],[149.929,-36.942],[149.931,-36.944],[149.935,-36.947],[149.94,-36.948],[149.946,-36.949],[149.941,-36.95],[149.931,-36.966],[149.927,-36.989],[149.936,-37.009],[149.94,-37.012],[149.939,-37.014],[149.941,-37.017],[149.945,-37.017],[149.948,-37.018],[149.944,-37.019],[149.943,-37.023],[149.941,-37.027],[149.94,-37.031],[149.94,-37.036],[149.942,-37.041],[149.943,-37.043],[149.943,-37.047],[149.945,-37.051],[149.944,-37.056],[149.941,-37.054],[149.938,-37.051],[149.931,-37.05],[149.92,-37.048],[149.91,-37.064],[149.913,-37.067],[149.911,-37.07],[149.915,-37.071],[149.917,-37.074],[149.915,-37.076],[149.91,-37.075],[149.909,-37.073],[149.905,-37.071],[149.896,-37.074],[149.885,-37.078],[149.876,-37.081],[149.874,-37.09],[149.891,-37.1],[149.904,-37.108],[149.916,-37.109],[149.923,-37.11],[149.929,-37.106],[149.931,-37.1],[149.935,-37.099],[149.938,-37.099],[149.941,-37.102],[149.944,-37.104],[149.948,-37.104],[149.952,-37.102],[149.954,-37.102],[149.953,-37.106],[149.956,-37.109],[149.959,-37.111],[149.962,-37.115],[149.964,-37.116],[149.969,-37.117],[149.972,-37.119],[149.97,-37.127],[149.978,-37.13],[149.985,-37.138],[149.989,-37.14],[149.993,-37.137],[149.999,-37.142],[150.005,-37.145],[150.007,-37.153],[150.007,-37.162],[150.009,-37.171],[150.012,-37.179],[150.021,-37.185],[150.019,-37.197],[150.02,-37.205],[150.019,-37.212],[150.018,-37.215],[150.028,-37.223],[150.031,-37.233],[150.036,-37.242],[150.042,-37.248],[150.046,-37.254],[150.049,-37.26],[150.051,-37.263],[150.047,-37.261],[150.044,-37.259],[150.039,-37.259],[150.034,-37.258],[150.03,-37.258],[150.025,-37.258],[150.02,-37.256],[150.014,-37.255],[150.01,-37.251],[150.007,-37.25],[150.004,-37.248],[149.999,-37.247],[149.995,-37.245],[149.991,-37.242],[149.972,-37.246],[149.943,-37.28],[149.952,-37.297],[149.964,-37.306],[149.967,-37.313],[149.972,-37.325],[149.968,-37.337],[149.95,-37.373],[149.952,-37.378],[149.954,-37.383],[149.955,-37.388],[149.954,-37.391],[149.955,-37.397],[149.955,-37.401],[149.956,-37.405],[149.955,-37.41],[149.956,-37.416],[149.956,-37.422],[149.961,-37.428],[149.963,-37.433],[149.966,-37.438],[149.974,-37.445],[149.974,-37.45],[149.975,-37.455],[149.974,-37.469],[149.976,-37.477],[149.975,-37.484],[149.976,-37.488],[149.977,-37.493],[149.976,-37.501],[149.356,-37.263],[149.356,-37.249],[149.33,-37.241],[149.322,-37.228],[149.323,-37.222],[149.318,-37.215],[149.319,-37.205],[149.322,-37.195],[149.323,-37.185],[149.321,-37.18],[149.335,-37.156],[149.343,-37.146],[149.356,-37.134],[149.363,-37.121],[149.411,-37.013],[149.394,-36.984],[149.383,-36.976],[149.378,-36.948],[149.417,-36.936],[149.434,-36.935],[149.462,-36.947],[149.462,-36.897],[149.497,-36.907],[149.506,-36.886],[149.513,-36.881],[149.509,-36.865],[149.506,-36.839],[149.467,-36.78],[149.455,-36.74],[149.451,-36.691],[149.423,-36.647],[149.415,-36.651],[149.44,-36.576],[149.446,-36.572],[149.455,-36.562],[149.464,-36.547],[149.489,-36.509],[149.47,-36.497],[149.464,-36.478],[149.544,-36.392],[149.527,-36.224],[149.541,-36.225],[149.55,-36.21],[149.562,-36.205],[149.57,-36.187],[149.572,-36.166],[149.576,-36.151],[149.551,-36.101],[149.578,-36.072],[149.574,-36.044],[149.567,-36.019],[149.568,-36.013],[149.569,-36.009],[149.575,-36.008],[149.581,-36.007],[149.586,-36.005],[149.585,-36.0],[149.583,-35.995],[149.587,-35.991],[149.593,-35.991],[149.601,-35.991],[149.608,-35.97],[149.628,-35.969],[149.644,-35.976],[149.65,-35.977],[149.653,-35.981],[149.659,-35.986],[149.665,-35.986],[149.672,-35.987],[149.674,-35.986],[149.678,-35.982],[149.681,-35.977],[149.682,-35.971],[149.683,-35.965],[149.683,-35.959],[149.686,-35.956],[149.687,-35.951],[149.689,-35.945],[149.688,-35.94],[149.688,-35.934],[149.69,-35.929],[149.691,-35.924],[149.693,-35.919],[149.692,-35.913],[149.694,-35.908],[149.692,-35.903],[149.689,-35.898],[149.689,-35.891],[149.688,-35.885],[149.686,-35.88],[149.684,-35.875],[149.679,-35.869],[149.68,-35.859],[149.679,-35.845],[149.677,-35.834],[149.679,-35.82],[149.685,-35.81],[149.69,-35.798],[149.707,-35.787],[149.752,-35.79],[149.817,-35.754],[149.818,-35.749],[149.82,-35.745],[149.818,-35.74],[149.815,-35.736],[149.82,-35.734],[149.824,-35.733],[149.826,-35.728],[149.829,-35.724],[149.832,-35.722],[149.838,-35.724],[149.839,-35.72],[149.839,-35.715],[149.845,-35.717],[149.85,-35.715],[149.853,-35.72],[149.858,-35.718],[149.904,-35.644],[149.92,-35.636],[149.922,-35.632],[149.921,-35.627],[149.922,-35.619],[149.933,-35.612],[149.934,-35.607],[149.934,-35.601],[149.935,-35.591],[149.931,-35.585],[149.929,-35.579],[149.931,-35.573],[149.936,-35.562],[149.946,-35.565],[149.949,-35.55],[149.953,-35.545],[149.955,-35.542],[149.949,-35.54],[149.949,-35.534],[149.968,-35.502],[149.976,-35.503],[149.98,-35.5],[149.977,-35.491],[150.004,-35.466],[150.005,-35.447],[150.009,-35.432],[150.019,-35.417],[150.036,-35.408],[150.044,-35.357],[150.064,-35.307],[150.084,-35.292],[150.108,-35.286],[150.123,-35.283],[150.149,-35.269],[150.163,-35.26],[150.171,-35.239],[150.197,-35.226],[150.196,-35.199],[150.208,-35.182],[150.186,-35.166],[150.169,-35.148],[150.142,-35.141],[150.132,-35.114],[150.128,-35.097],[150.105,-35.085],[150.098,-35.069],[150.083,-35.057],[150.069,-35.04],[150.061,-35.022],[150.065,-35.005],[150.055,-34.966],[150.09,-34.91],[150.066,-34.89],[150.041,-34.861],[150.041,-34.806],[150.065,-34.785],[150.076,-34.773],[150.121,-34.803],[150.17,-34.822],[150.209,-34.815],[150.226,-34.803],[150.24,-34.792],[150.315,-34.774],[150.329,-34.761],[150.338,-34.749],[150.353,-34.749],[150.373,-34.743],[150.377,-34.735],[150.382,-34.726],[150.391,-34.719],[150.399,-34.705],[150.409,-34.701],[150.427,-34.696],[150.44,-34.691],[150.5,-34.681],[150.516,-34.665],[150.523,-34.66],[150.529,-34.658],[150.534,-34.661],[150.54,-34.663],[150.553,-34.651],[150.558,-34.643],[150.568,-34.683],[150.577,-34.671],[150.591,-34.647],[150.621,-34.635],[150.626,-34.627],[150.626,-34.619],[150.638,-34.62],[150.652,-34.625],[150.642,-34.631],[150.637,-34.639],[150.63,-34.65],[150.612,-34.654],[150.615,-34.666],[150.641,-34.668],[150.651,-34.661],[150.701,-34.63],[150.698,-34.601],[150.696,-34.603],[150.671,-34.594],[150.655,-34.582],[150.646,-34.548],[150.64,-34.512],[150.619,-34.481],[150.606,-34.474],[150.592,-34.504],[150.57,-34.508],[150.543,-34.509],[150.532,-34.494],[150.535,-34.484],[150.538,-34.457],[150.54,-34.443],[150.56,-34.426],[150.566,-34.397],[150.558,-34.387],[150.536,-34.395],[150.546,-34.362],[150.562,-34.344],[150.561,-34.333],[150.629,-34.29],[150.65,-34.265],[150.667,-34.246],[150.729,-34.249],[150.732,-34.244],[150.736,-34.239],[150.739,-34.232],[150.751,-34.23],[150.756,-34.228],[150.761,-34.229],[150.765,-34.231],[150.774,-34.229],[150.778,-34.23],[150.785,-34.228],[150.792,-34.231],[150.798,-34.232],[150.825,-34.248],[150.876,-34.26],[150.884,-34.249],[150.893,-34.223],[150.879,-34.203],[150.861,-34.193],[150.86,-34.181],[150.867,-34.182],[150.873,-34.185],[150.88,-34.187],[150.899,-34.189],[150.892,-34.184],[150.888,-34.173],[150.909,-34.136],[150.937,-34.11]]]]}},{"type":"Feature","properties":{"state":"New South Wales","state_code":"1","region_code":113,"region":"Central Coast"},"geometry":{"type":"MultiPolygon","coordinates":[[[[151.317,-33.556],[151.319,-33.556],[151.321,-33.557],[151.319,-33.559],[151.317,-33.558],[151.315,-33.556],[151.316,-33.555],[151.317,-33.556]]],[[[151.311,-33.048],[151.325,-33.058],[151.347,-33.076],[151.362,-33.092],[151.374,-33.097],[151.38,-33.113],[151.383,-33.132],[151.385,-33.142],[151.388,-33.149],[151.392,-33.155],[151.397,-33.164],[151.39,-33.17],[151.435,-33.2],[151.464,-33.194],[151.493,-33.188],[151.527,-33.18],[151.528,-33.162],[151.53,-33.161],[151.536,-33.147],[151.538,-33.145],[151.544,-33.152],[151.558,-33.169],[151.569,-33.171],[151.57,-33.153],[151.559,-33.132],[151.568,-33.134],[151.567,-33.131],[151.57,-33.132],[151.584,-33.122],[151.58,-33.103],[151.589,-33.116],[151.586,-33.13],[151.591,-33.141],[151.595,-33.157],[151.599,-33.164],[151.629,-33.182],[151.629,-33.186],[151.624,-33.187],[151.624,-33.197],[151.618,-33.2],[151.604,-33.208],[151.563,-33.254],[151.564,-33.27],[151.567,-33.277],[151.576,-33.28],[151.576,-33.283],[151.567,-33.29],[151.541,-33.305],[151.518,-33.322],[151.504,-33.341],[151.502,-33.328],[151.518,-33.311],[151.533,-33.291],[151.544,-33.273],[151.531,-33.264],[151.528,-33.263],[151.521,-33.264],[151.527,-33.262],[151.537,-33.262],[151.547,-33.252],[151.557,-33.248],[151.559,-33.249],[151.564,-33.24],[151.55,-33.234],[151.535,-33.239],[151.528,-33.226],[151.526,-33.22],[151.512,-33.222],[151.507,-33.231],[151.513,-33.24],[151.514,-33.248],[151.516,-33.255],[151.519,-33.262],[151.514,-33.261],[151.508,-33.262],[151.502,-33.263],[151.493,-33.265],[151.492,-33.275],[151.484,-33.282],[151.474,-33.284],[151.472,-33.293],[151.468,-33.299],[151.449,-33.3],[151.442,-33.31],[151.446,-33.312],[151.454,-33.322],[151.468,-33.328],[151.454,-33.325],[151.439,-33.338],[151.443,-33.349],[151.453,-33.357],[151.466,-33.364],[151.475,-33.365],[151.484,-33.356],[151.489,-33.346],[151.496,-33.337],[151.504,-33.35],[151.503,-33.362],[151.498,-33.366],[151.488,-33.381],[151.487,-33.391],[151.479,-33.402],[151.463,-33.417],[151.454,-33.427],[151.444,-33.441],[151.452,-33.45],[151.439,-33.46],[151.441,-33.473],[151.447,-33.486],[151.444,-33.491],[151.425,-33.499],[151.429,-33.505],[151.428,-33.507],[151.424,-33.508],[151.423,-33.511],[151.421,-33.511],[151.419,-33.512],[151.42,-33.514],[151.421,-33.517],[151.422,-33.519],[151.42,-33.52],[151.418,-33.522],[151.416,-33.524],[151.413,-33.523],[151.411,-33.523],[151.409,-33.525],[151.407,-33.526],[151.406,-33.528],[151.404,-33.529],[151.4,-33.527],[151.397,-33.527],[151.394,-33.528],[151.395,-33.526],[151.392,-33.523],[151.389,-33.524],[151.385,-33.529],[151.383,-33.531],[151.38,-33.533],[151.379,-33.531],[151.376,-33.531],[151.374,-33.531],[151.371,-33.529],[151.361,-33.532],[151.358,-33.535],[151.356,-33.537],[151.352,-33.537],[151.349,-33.54],[151.347,-33.542],[151.346,-33.544],[151.345,-33.547],[151.344,-33.545],[151.343,-33.54],[151.338,-33.534],[151.341,-33.52],[151.352,-33.522],[151.363,-33.521],[151.354,-33.511],[151.346,-33.508],[151.351,-33.515],[151.346,-33.517],[151.334,-33.517],[151.332,-33.523],[151.312,-33.531],[151.314,-33.536],[151.309,-33.546],[151.31,-33.553],[151.306,-33.556],[151.297,-33.556],[151.29,-33.554],[151.281,-33.553],[151.27,-33.554],[151.268,-33.558],[151.271,-33.561],[151.269,-33.562],[151.268,-33.565],[151.265,-33.563],[151.262,-33.568],[151.26,-33.569],[151.258,-33.571],[151.253,-33.561],[151.248,-33.557],[151.248,-33.552],[151.252,-33.545],[151.249,-33.53],[151.241,-33.522],[151.241,-33.509],[151.245,-33.503],[151.258,-33.498],[151.264,-33.488],[151.257,-33.492],[151.24,-33.504],[151.232,-33.511],[151.233,-33.515],[151.231,-33.525],[151.225,-33.529],[151.227,-33.526],[151.225,-33.521],[151.219,-33.521],[151.213,-33.521],[151.21,-33.515],[151.202,-33.509],[151.203,-33.505],[151.199,-33.502],[151.201,-33.489],[151.213,-33.486],[151.224,-33.48],[151.234,-33.476],[151.237,-33.468],[151.235,-33.453],[151.23,-33.465],[151.227,-33.475],[151.214,-33.471],[151.203,-33.48],[151.194,-33.495],[151.197,-33.507],[151.197,-33.515],[151.205,-33.525],[151.203,-33.529],[151.202,-33.533],[151.198,-33.53],[151.194,-33.53],[151.194,-33.529],[151.194,-33.524],[151.188,-33.508],[151.181,-33.501],[151.167,-33.509],[151.16,-33.505],[151.163,-33.495],[151.156,-33.481],[151.17,-33.469],[151.164,-33.463],[151.154,-33.457],[151.165,-33.442],[151.169,-33.429],[151.157,-33.441],[151.146,-33.448],[151.148,-33.46],[151.141,-33.465],[151.126,-33.464],[151.107,-33.473],[151.098,-33.48],[151.082,-33.449],[151.074,-33.456],[151.065,-33.456],[151.064,-33.446],[151.057,-33.442],[151.048,-33.437],[151.043,-33.429],[151.032,-33.427],[151.032,-33.418],[151.034,-33.408],[151.026,-33.402],[151.016,-33.4],[151.006,-33.401],[150.993,-33.397],[150.989,-33.379],[150.987,-33.368],[150.995,-33.359],[151.006,-33.349],[151.019,-33.353],[151.032,-33.35],[151.042,-33.344],[151.056,-33.343],[151.066,-33.334],[151.084,-33.331],[151.089,-33.316],[151.093,-33.306],[151.095,-33.294],[151.092,-33.284],[151.09,-33.273],[151.093,-33.265],[151.098,-33.256],[151.1,-33.245],[151.104,-33.236],[151.106,-33.228],[151.102,-33.222],[151.098,-33.217],[151.099,-33.205],[151.099,-33.199],[151.099,-33.195],[151.097,-33.191],[151.099,-33.186],[151.102,-33.18],[151.101,-33.172],[151.101,-33.165],[151.103,-33.157],[151.105,-33.15],[151.114,-33.126],[151.198,-33.137],[151.215,-33.129],[151.219,-33.125],[151.264,-33.081],[151.267,-33.06],[151.284,-33.057],[151.301,-33.049],[151.311,-33.048]],[[151.563,-33.207],[151.559,-33.215],[151.554,-33.225],[151.563,-33.234],[151.579,-33.216],[151.579,-33.203],[151.563,-33.195],[151.557,-33.202],[151.563,-33.207]],[[151.323,-33.428],[151.321,-33.434],[151.332,-33.44],[151.325,-33.451],[151.314,-33.461],[151.325,-33.483],[151.337,-33.485],[151.331,-33.5],[151.335,-33.502],[151.344,-33.507],[151.352,-33.502],[151.346,-33.499],[151.348,-33.501],[151.345,-33.498],[151.347,-33.492],[151.35,-33.496],[151.35,-33.499],[151.354,-33.5],[151.354,-33.493],[151.369,-33.495],[151.372,-33.5],[151.382,-33.49],[151.38,-33.479],[151.382,-33.471],[151.366,-33.477],[151.37,-33.492],[151.354,-33.488],[151.349,-33.481],[151.336,-33.475],[151.355,-33.474],[151.356,-33.464],[151.356,-33.456],[151.358,-33.45],[151.368,-33.444],[151.358,-33.441],[151.348,-33.44],[151.341,-33.447],[151.341,-33.434],[151.328,-33.432],[151.323,-33.428]],[[151.302,-33.497],[151.323,-33.485],[151.317,-33.48],[151.31,-33.469],[151.309,-33.476],[151.304,-33.482],[151.316,-33.487],[151.303,-33.492],[151.302,-33.497]]]]}},{"type":"Feature","properties":{"state":"New South Wales","state_code":"1","region_code":114,"region":"Central NSW"},"geometry":{"type":"MultiPolygon","coordinates":[[[[148.291,-30.321],[148.731,-30.535],[149.112,-30.749],[149.408,-30.882],[149.753,-30.933],[149.905,-31.096],[149.9,-31.1],[149.891,-31.107],[149.892,-31.113],[149.889,-31.119],[149.894,-31.121],[149.889,-31.128],[149.891,-31.134],[149.891,-31.14],[149.893,-31.146],[149.893,-31.153],[149.888,-31.157],[149.893,-31.165],[149.888,-31.172],[149.888,-31.179],[149.885,-31.185],[149.882,-31.189],[149.881,-31.192],[149.877,-31.195],[149.881,-31.2],[149.813,-31.317],[149.876,-31.375],[149.885,-31.371],[149.884,-31.375],[149.882,-31.384],[149.886,-31.392],[149.89,-31.399],[149.893,-31.405],[149.897,-31.419],[149.905,-31.428],[149.908,-31.435],[149.911,-31.444],[149.876,-31.535],[149.903,-31.546],[149.913,-31.557],[149.913,-31.564],[149.914,-31.573],[149.909,-31.577],[149.902,-31.583],[149.895,-31.59],[149.897,-31.603],[149.897,-31.616],[149.872,-31.619],[149.907,-31.707],[149.993,-31.719],[150.032,-31.692],[150.11,-31.746],[150.087,-31.756],[150.069,-31.769],[150.061,-31.778],[150.052,-31.786],[150.043,-31.798],[150.036,-31.814],[150.026,-31.826],[150.015,-31.834],[150.002,-31.84],[149.989,-31.847],[149.982,-31.852],[149.973,-31.858],[149.961,-31.863],[149.951,-31.87],[149.942,-31.877],[149.928,-31.883],[149.919,-31.89],[149.913,-31.9],[149.903,-31.904],[149.898,-31.913],[149.896,-31.921],[149.891,-31.927],[149.888,-31.93],[149.882,-31.935],[149.878,-31.94],[149.872,-31.946],[149.869,-31.952],[149.866,-31.959],[149.862,-31.964],[149.856,-31.968],[149.853,-31.971],[149.85,-31.973],[149.849,-31.976],[149.846,-31.977],[149.846,-31.98],[149.842,-31.983],[149.84,-31.986],[149.799,-32.058],[149.974,-32.123],[150.01,-32.134],[150.011,-32.137],[150.01,-32.146],[150.006,-32.152],[150.012,-32.163],[150.013,-32.175],[150.021,-32.184],[150.03,-32.187],[150.044,-32.193],[150.057,-32.191],[150.064,-32.184],[150.071,-32.194],[150.051,-32.225],[150.073,-32.231],[150.065,-32.239],[150.057,-32.241],[150.06,-32.249],[150.045,-32.244],[150.047,-32.252],[150.045,-32.262],[150.045,-32.277],[150.038,-32.286],[150.033,-32.29],[150.033,-32.294],[150.024,-32.3],[150.03,-32.314],[150.029,-32.333],[150.042,-32.331],[150.054,-32.351],[150.066,-32.348],[150.079,-32.343],[150.114,-32.341],[150.13,-32.339],[150.145,-32.34],[150.16,-32.327],[150.166,-32.329],[150.17,-32.322],[150.18,-32.334],[150.186,-32.346],[150.19,-32.345],[150.199,-32.333],[150.209,-32.34],[150.215,-32.33],[150.207,-32.321],[150.217,-32.323],[150.231,-32.314],[150.242,-32.312],[150.254,-32.303],[150.255,-32.313],[150.26,-32.318],[150.253,-32.326],[150.267,-32.321],[150.266,-32.329],[150.261,-32.345],[150.264,-32.354],[150.261,-32.36],[150.268,-32.371],[150.268,-32.378],[150.277,-32.381],[150.284,-32.374],[150.286,-32.381],[150.284,-32.386],[150.293,-32.385],[150.298,-32.381],[150.303,-32.374],[150.306,-32.38],[150.313,-32.386],[150.32,-32.389],[150.315,-32.394],[150.319,-32.408],[150.302,-32.416],[150.29,-32.421],[150.279,-32.423],[150.276,-32.433],[150.272,-32.439],[150.267,-32.45],[150.251,-32.459],[150.24,-32.459],[150.227,-32.456],[150.231,-32.465],[150.237,-32.477],[150.248,-32.483],[150.241,-32.493],[150.245,-32.517],[150.243,-32.532],[150.244,-32.544],[150.245,-32.554],[150.238,-32.567],[150.262,-32.586],[150.237,-32.606],[150.3,-32.69],[150.285,-32.726],[150.277,-32.735],[150.277,-32.742],[150.276,-32.746],[150.278,-32.751],[150.285,-32.76],[150.294,-32.765],[150.299,-32.77],[150.309,-32.776],[150.316,-32.783],[150.324,-32.785],[150.329,-32.784],[150.335,-32.79],[150.34,-32.794],[150.338,-32.799],[150.338,-32.805],[150.342,-32.815],[150.351,-32.824],[150.362,-32.845],[150.36,-32.858],[150.358,-32.868],[150.342,-32.87],[150.34,-32.889],[150.323,-32.896],[150.312,-32.907],[150.287,-32.91],[150.266,-32.91],[150.232,-32.907],[150.22,-32.9],[150.201,-32.897],[150.186,-32.886],[150.17,-32.881],[150.161,-32.889],[150.092,-32.885],[150.037,-32.997],[150.039,-33.003],[150.038,-33.007],[150.032,-33.008],[150.03,-33.005],[150.022,-33.005],[150.017,-33.004],[149.958,-33.018],[149.922,-33.027],[149.923,-33.108],[149.919,-33.13],[149.913,-33.135],[149.895,-33.141],[149.881,-33.121],[149.871,-33.123],[149.864,-33.123],[149.843,-33.122],[149.836,-33.123],[149.83,-33.107],[149.808,-33.1],[149.782,-33.112],[149.763,-33.131],[149.761,-33.155],[149.758,-33.169],[149.792,-33.207],[149.826,-33.241],[149.811,-33.252],[149.883,-33.343],[149.918,-33.448],[149.851,-33.515],[149.851,-33.52],[149.85,-33.525],[149.842,-33.529],[149.821,-33.573],[149.765,-33.645],[149.766,-33.648],[149.726,-33.662],[149.728,-33.666],[149.731,-33.667],[149.732,-33.671],[149.732,-33.672],[149.731,-33.674],[149.736,-33.676],[149.735,-33.68],[149.71,-33.69],[149.707,-33.687],[149.706,-33.685],[149.702,-33.684],[149.678,-33.687],[149.637,-33.668],[149.62,-33.677],[149.614,-33.705],[149.609,-33.708],[149.603,-33.706],[149.596,-33.708],[149.589,-33.708],[149.584,-33.707],[149.579,-33.713],[149.576,-33.72],[149.576,-33.723],[149.574,-33.727],[149.571,-33.73],[149.571,-33.732],[149.571,-33.735],[149.571,-33.739],[149.551,-33.748],[149.524,-33.746],[149.52,-33.747],[149.516,-33.747],[149.514,-33.748],[149.51,-33.75],[149.508,-33.752],[149.503,-33.749],[149.489,-33.793],[149.444,-33.836],[149.405,-33.93],[149.365,-33.978],[149.322,-33.956],[149.278,-33.952],[149.227,-33.974],[149.2,-33.977],[149.161,-33.97],[149.131,-33.895],[149.079,-33.908],[149.054,-33.906],[149.004,-33.926],[148.979,-33.929],[148.978,-33.944],[148.973,-33.954],[148.968,-33.968],[148.951,-33.971],[148.892,-33.947],[148.808,-33.964],[148.796,-33.984],[148.785,-33.983],[148.762,-33.995],[148.705,-34.081],[148.633,-34.069],[148.619,-34.071],[148.606,-34.058],[148.596,-34.055],[148.562,-34.027],[148.542,-34.029],[148.376,-34.13],[148.145,-34.078],[148.128,-34.068],[148.114,-34.057],[148.097,-34.052],[148.081,-34.049],[148.064,-34.03],[148.043,-34.033],[148.021,-34.033],[147.873,-34.114],[147.831,-34.119],[147.815,-34.126],[147.806,-34.13],[147.784,-34.141],[147.756,-34.141],[147.728,-34.152],[147.718,-34.162],[147.701,-34.159],[147.688,-34.146],[147.666,-34.13],[147.486,-34.128],[147.364,-34.184],[147.09,-34.309],[146.911,-34.31],[146.589,-34.145],[146.315,-33.78],[146.068,-33.369],[146.074,-33.352],[146.08,-33.337],[146.087,-33.324],[146.083,-33.312],[146.088,-33.305],[146.084,-33.29],[146.094,-33.284],[146.098,-33.271],[146.106,-33.267],[146.109,-33.264],[146.119,-33.264],[146.131,-33.261],[146.126,-33.248],[146.138,-33.235],[146.147,-33.232],[146.169,-33.235],[146.188,-33.233],[146.212,-33.233],[146.223,-33.231],[146.233,-33.236],[146.243,-33.233],[146.247,-33.221],[146.267,-33.225],[146.291,-33.227],[146.294,-33.21],[146.307,-33.188],[146.32,-33.188],[146.34,-33.192],[146.358,-33.203],[146.369,-33.216],[146.377,-33.228],[146.389,-33.234],[146.397,-33.226],[146.418,-33.221],[146.427,-33.212],[146.442,-33.198],[146.458,-33.199],[146.461,-33.19],[146.454,-33.175],[146.466,-33.169],[146.473,-33.16],[146.473,-33.15],[146.464,-33.125],[146.467,-33.122],[146.473,-33.121],[146.476,-33.117],[146.475,-33.115],[146.474,-33.111],[146.483,-33.109],[146.494,-33.109],[146.507,-33.105],[146.518,-33.107],[146.526,-33.102],[146.526,-33.098],[146.536,-33.097],[146.538,-33.09],[146.548,-33.089],[146.553,-33.088],[146.557,-33.092],[146.561,-33.092],[146.567,-33.086],[146.57,-33.088],[146.577,-33.085],[146.581,-33.077],[146.587,-33.084],[146.594,-33.084],[146.601,-33.075],[146.61,-33.071],[146.618,-33.064],[146.628,-33.065],[146.637,-33.055],[146.635,-33.051],[146.641,-33.041],[146.644,-33.034],[146.648,-33.032],[146.659,-33.032],[146.668,-33.024],[146.677,-33.029],[146.691,-33.024],[146.695,-33.028],[146.674,-32.906],[146.576,-32.368],[146.998,-32.309],[147.072,-32.15],[147.139,-32.105],[147.161,-32.091],[147.177,-32.08],[147.196,-32.069],[147.195,-32.095],[147.267,-32.066],[147.311,-32.001],[147.335,-31.994],[147.352,-32.001],[147.381,-32.023],[147.41,-32.039],[147.421,-32.06],[147.43,-32.077],[147.443,-32.096],[147.467,-32.117],[147.474,-32.132],[147.472,-32.149],[147.486,-32.167],[147.495,-32.181],[147.744,-31.953],[147.905,-31.784],[147.914,-31.79],[147.923,-31.791],[147.931,-31.789],[147.937,-31.793],[147.946,-31.792],[147.969,-31.732],[147.98,-31.73],[147.982,-31.723],[147.976,-31.721],[147.966,-31.716],[147.959,-31.716],[147.858,-31.668],[147.802,-31.659],[147.794,-31.656],[147.793,-31.648],[147.787,-31.643],[147.789,-31.637],[147.788,-31.634],[147.789,-31.631],[147.79,-31.624],[147.785,-31.618],[147.781,-31.612],[147.776,-31.605],[147.774,-31.6],[147.772,-31.596],[147.775,-31.593],[147.773,-31.59],[147.775,-31.587],[147.771,-31.584],[147.77,-31.579],[147.768,-31.575],[147.764,-31.57],[147.76,-31.564],[147.758,-31.56],[147.75,-31.558],[147.746,-31.552],[147.743,-31.55],[147.74,-31.544],[147.744,-31.54],[147.738,-31.538],[147.738,-31.533],[147.743,-31.531],[147.737,-31.523],[147.731,-31.516],[147.726,-31.51],[147.725,-31.505],[147.726,-31.503],[147.724,-31.494],[147.729,-31.478],[147.726,-31.457],[147.715,-31.435],[147.722,-31.419],[147.719,-31.404],[147.75,-31.023],[147.518,-30.812],[147.515,-30.804],[147.516,-30.796],[147.514,-30.787],[147.52,-30.779],[147.524,-30.772],[147.525,-30.763],[147.538,-30.755],[147.584,-30.662],[147.585,-30.629],[147.583,-30.615],[147.58,-30.603],[147.575,-30.589],[147.58,-30.567],[147.69,-30.562],[147.696,-30.596],[147.702,-30.605],[147.707,-30.618],[147.71,-30.636],[147.761,-30.631],[147.955,-30.433],[147.958,-30.428],[147.962,-30.425],[147.969,-30.423],[147.971,-30.419],[147.972,-30.415],[147.975,-30.41],[147.977,-30.407],[147.99,-30.402],[147.996,-30.402],[148.101,-30.43],[148.098,-30.448],[148.097,-30.482],[148.234,-30.436],[148.291,-30.321]]]]}},{"type":"Feature","properties":{"state":"New South Wales","state_code":"1","region_code":111,"region":"Blue Mountains"},"geometry":{"type":"MultiPolygon","coordinates":[[[[150.517,-32.75],[150.523,-32.757],[150.534,-32.759],[150.546,-32.757],[150.554,-32.758],[150.557,-32.765],[150.551,-32.775],[150.557,-32.786],[150.567,-32.791],[150.574,-32.797],[150.57,-32.807],[150.572,-32.814],[150.571,-32.825],[150.567,-32.832],[150.566,-32.843],[150.566,-32.854],[150.569,-32.865],[150.57,-32.876],[150.562,-32.88],[150.555,-32.884],[150.558,-32.891],[150.564,-32.897],[150.566,-32.905],[150.566,-32.911],[150.572,-32.915],[150.578,-32.923],[150.582,-32.93],[150.564,-33.001],[150.582,-33.032],[150.579,-33.033],[150.584,-33.038],[150.585,-33.044],[150.582,-33.05],[150.59,-33.053],[150.598,-33.056],[150.603,-33.062],[150.611,-33.069],[150.612,-33.076],[150.609,-33.089],[150.608,-33.101],[150.618,-33.106],[150.611,-33.114],[150.601,-33.123],[150.61,-33.142],[150.588,-33.148],[150.585,-33.165],[150.571,-33.164],[150.556,-33.161],[150.555,-33.176],[150.538,-33.188],[150.526,-33.196],[150.533,-33.21],[150.542,-33.222],[150.526,-33.24],[150.542,-33.254],[150.557,-33.266],[150.575,-33.289],[150.563,-33.31],[150.58,-33.321],[150.583,-33.343],[150.567,-33.359],[150.542,-33.373],[150.527,-33.387],[150.52,-33.403],[150.5,-33.424],[150.484,-33.467],[150.456,-33.476],[150.362,-33.509],[150.397,-33.511],[150.399,-33.505],[150.406,-33.502],[150.473,-33.498],[150.444,-33.53],[150.43,-33.532],[150.428,-33.521],[150.421,-33.525],[150.413,-33.528],[150.41,-33.534],[150.407,-33.543],[150.417,-33.556],[150.486,-33.521],[150.595,-33.523],[150.609,-33.587],[150.61,-33.601],[150.623,-33.611],[150.637,-33.619],[150.654,-33.677],[150.657,-33.715],[150.645,-33.751],[150.643,-33.768],[150.612,-33.821],[150.613,-33.869],[150.568,-33.913],[150.541,-33.93],[150.536,-33.938],[150.548,-33.936],[150.552,-33.945],[150.554,-33.955],[150.55,-33.968],[150.559,-33.978],[150.541,-34.003],[150.548,-34.017],[150.529,-34.017],[150.48,-34.022],[150.474,-34.023],[150.468,-34.024],[150.463,-34.02],[150.46,-34.016],[150.46,-34.011],[150.457,-34.007],[150.451,-34.006],[150.445,-34.007],[150.44,-34.007],[150.438,-34.011],[150.434,-34.014],[150.43,-34.019],[150.428,-34.022],[150.426,-34.025],[150.428,-34.028],[150.425,-34.031],[150.423,-34.037],[150.423,-34.039],[150.422,-34.042],[150.423,-34.045],[150.425,-34.049],[150.425,-34.053],[150.425,-34.059],[150.419,-34.061],[150.42,-34.063],[150.42,-34.07],[150.424,-34.078],[150.43,-34.082],[150.435,-34.083],[150.44,-34.085],[150.443,-34.09],[150.446,-34.092],[150.449,-34.092],[150.449,-34.093],[150.447,-34.098],[150.447,-34.101],[150.447,-34.107],[150.451,-34.111],[150.453,-34.118],[150.456,-34.121],[150.458,-34.124],[150.458,-34.126],[150.45,-34.151],[150.45,-34.171],[150.455,-34.177],[150.46,-34.187],[150.471,-34.206],[150.475,-34.221],[150.472,-34.229],[150.491,-34.242],[150.504,-34.25],[150.344,-34.235],[150.271,-34.223],[150.265,-34.213],[150.259,-34.219],[150.255,-34.225],[150.226,-34.259],[150.125,-34.288],[150.06,-34.259],[150.058,-34.252],[150.06,-34.242],[150.054,-34.224],[150.064,-34.203],[150.063,-34.184],[150.059,-34.174],[150.048,-34.161],[150.044,-34.147],[150.033,-34.148],[150.024,-34.145],[150.019,-34.138],[150.03,-34.128],[150.004,-34.099],[150.002,-34.084],[149.952,-34.087],[149.934,-34.096],[149.932,-34.111],[149.942,-34.119],[149.948,-34.131],[149.944,-34.145],[149.937,-34.157],[149.937,-34.169],[149.922,-34.179],[149.903,-34.184],[149.888,-34.184],[149.865,-34.185],[149.846,-34.186],[149.828,-34.193],[149.807,-34.198],[149.781,-34.198],[149.76,-34.192],[149.744,-34.193],[149.726,-34.193],[149.718,-34.192],[149.706,-34.198],[149.69,-34.198],[149.676,-34.182],[149.668,-34.173],[149.658,-34.17],[149.649,-34.159],[149.644,-34.145],[149.639,-34.136],[149.634,-34.121],[149.627,-34.118],[149.622,-34.129],[149.619,-34.117],[149.621,-34.107],[149.602,-34.122],[149.577,-34.101],[149.561,-34.096],[149.549,-34.085],[149.537,-34.066],[149.529,-34.053],[149.516,-34.052],[149.515,-34.037],[149.504,-34.031],[149.456,-34.026],[149.401,-34.002],[149.399,-33.934],[149.479,-33.822],[149.486,-33.789],[149.506,-33.752],[149.509,-33.751],[149.511,-33.749],[149.514,-33.745],[149.518,-33.747],[149.523,-33.747],[149.526,-33.746],[149.571,-33.743],[149.572,-33.737],[149.569,-33.735],[149.573,-33.732],[149.571,-33.729],[149.573,-33.725],[149.578,-33.722],[149.576,-33.716],[149.581,-33.711],[149.586,-33.707],[149.592,-33.708],[149.598,-33.707],[149.605,-33.708],[149.611,-33.709],[149.614,-33.704],[149.63,-33.668],[149.681,-33.685],[149.7,-33.686],[149.703,-33.683],[149.708,-33.686],[149.707,-33.689],[149.712,-33.689],[149.735,-33.679],[149.734,-33.676],[149.73,-33.674],[149.733,-33.672],[149.731,-33.67],[149.729,-33.668],[149.726,-33.664],[149.726,-33.659],[149.766,-33.647],[149.76,-33.633],[149.834,-33.529],[149.849,-33.528],[149.85,-33.523],[149.852,-33.518],[149.908,-33.495],[149.905,-33.416],[149.857,-33.338],[149.819,-33.25],[149.829,-33.232],[149.77,-33.195],[149.761,-33.164],[149.763,-33.145],[149.765,-33.124],[149.794,-33.102],[149.807,-33.095],[149.834,-33.115],[149.838,-33.123],[149.854,-33.119],[149.868,-33.125],[149.877,-33.128],[149.89,-33.127],[149.903,-33.139],[149.916,-33.13],[149.922,-33.127],[149.925,-33.103],[149.949,-33.003],[149.964,-33.02],[150.019,-33.003],[150.025,-33.006],[150.029,-33.007],[150.034,-33.006],[150.037,-33.005],[150.042,-33.004],[150.013,-32.976],[150.119,-32.88],[150.163,-32.888],[150.176,-32.882],[150.191,-32.89],[150.208,-32.9],[150.228,-32.902],[150.235,-32.903],[150.275,-32.915],[150.293,-32.914],[150.321,-32.904],[150.322,-32.894],[150.337,-32.885],[150.348,-32.871],[150.362,-32.867],[150.361,-32.853],[150.372,-32.842],[150.384,-32.84],[150.388,-32.829],[150.4,-32.827],[150.412,-32.824],[150.422,-32.82],[150.43,-32.811],[150.434,-32.799],[150.444,-32.792],[150.459,-32.795],[150.466,-32.787],[150.467,-32.779],[150.477,-32.775],[150.485,-32.77],[150.491,-32.761],[150.5,-32.753],[150.517,-32.749],[150.517,-32.75]]]]}},{"type":"Feature","properties":{"state":"New South Wales","state_code":"1","region_code":117,"region":"North Coast NSW"},"geometry":{"type":"MultiPolygon","coordinates":[[[[152.224,-32.684],[152.226,-32.69],[152.222,-32.684],[152.224,-32.684]]],[[[152.317,-32.628],[152.318,-32.63],[152.316,-32.629],[152.317,-32.628]]],[[[152.333,-32.617],[152.333,-32.618],[152.334,-32.62],[152.335,-32.62],[152.336,-32.621],[152.336,-32.624],[152.334,-32.624],[152.332,-32.621],[152.332,-32.617],[152.333,-32.617]]],[[[152.307,-32.607],[152.307,-32.609],[152.309,-32.611],[152.31,-32.612],[152.315,-32.612],[152.319,-32.613],[152.321,-32.613],[152.323,-32.614],[152.324,-32.616],[152.326,-32.616],[152.328,-32.617],[152.327,-32.619],[152.326,-32.62],[152.323,-32.62],[152.322,-32.621],[152.321,-32.622],[152.319,-32.62],[152.315,-32.619],[152.315,-32.621],[152.317,-32.623],[152.318,-32.625],[152.319,-32.627],[152.319,-32.628],[152.318,-32.627],[152.316,-32.624],[152.314,-32.624],[152.314,-32.626],[152.313,-32.626],[152.312,-32.627],[152.313,-32.625],[152.313,-32.622],[152.313,-32.619],[152.309,-32.617],[152.307,-32.617],[152.308,-32.615],[152.307,-32.613],[152.306,-32.612],[152.306,-32.609],[152.306,-32.607],[152.307,-32.607]]],[[[159.065,-31.51],[159.065,-31.518],[159.073,-31.519],[159.074,-31.524],[159.079,-31.526],[159.08,-31.531],[159.082,-31.537],[159.088,-31.545],[159.095,-31.546],[159.095,-31.549],[159.097,-31.553],[159.096,-31.555],[159.098,-31.557],[159.1,-31.558],[159.103,-31.558],[159.102,-31.561],[159.104,-31.562],[159.103,-31.566],[159.099,-31.564],[159.097,-31.567],[159.097,-31.57],[159.098,-31.573],[159.094,-31.573],[159.088,-31.582],[159.078,-31.592],[159.071,-31.595],[159.07,-31.577],[159.076,-31.564],[159.075,-31.549],[159.077,-31.545],[159.059,-31.525],[159.058,-31.521],[159.048,-31.518],[159.038,-31.52],[159.043,-31.513],[159.053,-31.512],[159.061,-31.512],[159.065,-31.51]]],[[[153.268,-30.202],[153.269,-30.206],[153.265,-30.205],[153.268,-30.202]]],[[[153.228,-30.159],[153.228,-30.162],[153.225,-30.16],[153.228,-30.159]]],[[[153.272,-30.016],[153.27,-30.018],[153.271,-30.015],[153.272,-30.016]]],[[[153.578,-28.195],[153.579,-28.196],[153.578,-28.196],[153.577,-28.195],[153.578,-28.195]]],[[[153.477,-28.157],[153.552,-28.164],[153.556,-28.168],[153.552,-28.169],[153.546,-28.171],[153.548,-28.18],[153.543,-28.182],[153.543,-28.18],[153.532,-28.186],[153.526,-28.191],[153.524,-28.189],[153.518,-28.189],[153.511,-28.189],[153.51,-28.192],[153.511,-28.197],[153.508,-28.203],[153.508,-28.195],[153.502,-28.199],[153.494,-28.207],[153.5,-28.206],[153.498,-28.209],[153.501,-28.214],[153.494,-28.216],[153.499,-28.22],[153.504,-28.223],[153.517,-28.222],[153.519,-28.218],[153.514,-28.217],[153.511,-28.217],[153.51,-28.215],[153.513,-28.209],[153.515,-28.203],[153.516,-28.2],[153.517,-28.194],[153.526,-28.193],[153.534,-28.192],[153.537,-28.189],[153.538,-28.184],[153.54,-28.187],[153.543,-28.194],[153.554,-28.193],[153.556,-28.195],[153.559,-28.201],[153.562,-28.207],[153.56,-28.209],[153.557,-28.208],[153.556,-28.211],[153.557,-28.216],[153.558,-28.218],[153.554,-28.22],[153.557,-28.218],[153.553,-28.225],[153.545,-28.229],[153.542,-28.235],[153.547,-28.231],[153.545,-28.236],[153.55,-28.236],[153.547,-28.238],[153.545,-28.235],[153.541,-28.238],[153.544,-28.242],[153.555,-28.234],[153.554,-28.23],[153.554,-28.229],[153.56,-28.221],[153.565,-28.205],[153.564,-28.2],[153.551,-28.179],[153.55,-28.171],[153.553,-28.171],[153.557,-28.174],[153.561,-28.185],[153.571,-28.199],[153.57,-28.201],[153.567,-28.218],[153.568,-28.235],[153.571,-28.245],[153.586,-28.259],[153.573,-28.31],[153.577,-28.336],[153.577,-28.359],[153.574,-28.375],[153.566,-28.409],[153.554,-28.464],[153.552,-28.5],[153.553,-28.523],[153.558,-28.538],[153.562,-28.568],[153.57,-28.592],[153.586,-28.618],[153.599,-28.632],[153.617,-28.642],[153.629,-28.636],[153.637,-28.634],[153.638,-28.636],[153.638,-28.638],[153.637,-28.641],[153.637,-28.643],[153.63,-28.65],[153.624,-28.662],[153.622,-28.667],[153.62,-28.672],[153.618,-28.678],[153.616,-28.684],[153.614,-28.693],[153.614,-28.702],[153.619,-28.706],[153.618,-28.711],[153.617,-28.714],[153.616,-28.718],[153.619,-28.723],[153.616,-28.724],[153.615,-28.727],[153.608,-28.74],[153.602,-28.754],[153.599,-28.762],[153.597,-28.77],[153.596,-28.777],[153.595,-28.785],[153.595,-28.795],[153.599,-28.803],[153.605,-28.807],[153.606,-28.812],[153.605,-28.814],[153.604,-28.818],[153.607,-28.822],[153.607,-28.823],[153.607,-28.825],[153.607,-28.826],[153.607,-28.828],[153.607,-28.829],[153.606,-28.831],[153.605,-28.835],[153.605,-28.839],[153.606,-28.842],[153.609,-28.843],[153.607,-28.843],[153.603,-28.848],[153.601,-28.852],[153.599,-28.855],[153.599,-28.858],[153.597,-28.861],[153.594,-28.866],[153.593,-28.869],[153.59,-28.874],[153.591,-28.875],[153.581,-28.868],[153.577,-28.868],[153.578,-28.867],[153.578,-28.864],[153.577,-28.856],[153.575,-28.852],[153.572,-28.848],[153.571,-28.847],[153.574,-28.846],[153.574,-28.842],[153.572,-28.841],[153.567,-28.845],[153.566,-28.845],[153.565,-28.849],[153.569,-28.848],[153.571,-28.849],[153.571,-28.855],[153.57,-28.857],[153.57,-28.86],[153.571,-28.863],[153.575,-28.869],[153.572,-28.873],[153.566,-28.874],[153.56,-28.871],[153.552,-28.868],[153.546,-28.867],[153.534,-28.87],[153.532,-28.877],[153.557,-28.879],[153.573,-28.882],[153.585,-28.876],[153.584,-28.878],[153.569,-28.892],[153.556,-28.905],[153.54,-28.923],[153.528,-28.936],[153.517,-28.949],[153.505,-28.963],[153.471,-29.008],[153.458,-29.03],[153.448,-29.05],[153.443,-29.062],[153.437,-29.078],[153.433,-29.104],[153.438,-29.114],[153.451,-29.118],[153.448,-29.133],[153.455,-29.141],[153.434,-29.163],[153.409,-29.191],[153.392,-29.215],[153.376,-29.239],[153.362,-29.261],[153.347,-29.29],[153.341,-29.312],[153.341,-29.333],[153.348,-29.35],[153.362,-29.359],[153.363,-29.36],[153.375,-29.364],[153.375,-29.369],[153.37,-29.379],[153.372,-29.385],[153.369,-29.392],[153.373,-29.398],[153.365,-29.411],[153.367,-29.424],[153.366,-29.428],[153.367,-29.437],[153.372,-29.44],[153.363,-29.453],[153.358,-29.466],[153.361,-29.474],[153.365,-29.479],[153.367,-29.485],[153.36,-29.497],[153.36,-29.514],[153.361,-29.524],[153.359,-29.53],[153.346,-29.548],[153.339,-29.562],[153.336,-29.576],[153.332,-29.595],[153.342,-29.61],[153.332,-29.622],[153.324,-29.641],[153.321,-29.662],[153.331,-29.671],[153.332,-29.677],[153.331,-29.685],[153.315,-29.701],[153.303,-29.721],[153.295,-29.741],[153.295,-29.761],[153.299,-29.772],[153.301,-29.78],[153.287,-29.804],[153.293,-29.82],[153.289,-29.831],[153.27,-29.857],[153.271,-29.892],[153.272,-29.903],[153.271,-29.92],[153.259,-29.942],[153.25,-29.957],[153.221,-29.998],[153.209,-30.02],[153.198,-30.038],[153.201,-30.059],[153.207,-30.059],[153.204,-30.067],[153.205,-30.07],[153.205,-30.078],[153.201,-30.086],[153.201,-30.106],[153.207,-30.108],[153.213,-30.109],[153.213,-30.113],[153.207,-30.118],[153.203,-30.132],[153.203,-30.146],[153.203,-30.156],[153.201,-30.158],[153.19,-30.172],[153.193,-30.177],[153.181,-30.182],[153.167,-30.198],[153.164,-30.214],[153.154,-30.233],[153.148,-30.242],[153.142,-30.253],[153.139,-30.261],[153.14,-30.267],[153.148,-30.27],[153.143,-30.276],[153.145,-30.281],[153.14,-30.294],[153.144,-30.302],[153.152,-30.304],[153.15,-30.306],[153.14,-30.308],[153.15,-30.312],[153.149,-30.314],[153.144,-30.312],[153.134,-30.318],[153.116,-30.337],[153.109,-30.355],[153.108,-30.358],[153.104,-30.374],[153.099,-30.378],[153.076,-30.411],[153.072,-30.435],[153.05,-30.461],[153.032,-30.499],[153.026,-30.539],[153.03,-30.547],[153.019,-30.56],[153.014,-30.596],[153.013,-30.626],[153.017,-30.639],[153.017,-30.643],[153.019,-30.647],[153.012,-30.652],[153.005,-30.665],[152.993,-30.692],[152.988,-30.722],[152.991,-30.742],[152.999,-30.744],[153.0,-30.747],[153.001,-30.748],[153.001,-30.755],[152.999,-30.762],[153.0,-30.793],[153.003,-30.796],[153.006,-30.843],[153.022,-30.872],[153.039,-30.882],[153.064,-30.886],[153.073,-30.877],[153.077,-30.884],[153.081,-30.893],[153.083,-30.899],[153.085,-30.907],[153.089,-30.913],[153.087,-30.919],[153.089,-30.921],[153.087,-30.926],[153.072,-30.94],[153.056,-30.96],[153.045,-30.982],[153.04,-30.999],[153.047,-31.049],[153.064,-31.051],[153.056,-31.067],[153.054,-31.076],[153.05,-31.079],[152.998,-31.134],[152.976,-31.176],[152.979,-31.194],[152.962,-31.224],[152.968,-31.251],[152.967,-31.276],[152.964,-31.297],[152.974,-31.312],[152.971,-31.32],[152.946,-31.348],[152.928,-31.377],[152.915,-31.41],[152.926,-31.439],[152.932,-31.455],[152.937,-31.471],[152.918,-31.49],[152.877,-31.53],[152.848,-31.568],[152.843,-31.593],[152.848,-31.598],[152.841,-31.609],[152.834,-31.63],[152.837,-31.639],[152.844,-31.642],[152.847,-31.641],[152.849,-31.642],[152.846,-31.643],[152.845,-31.644],[152.843,-31.645],[152.842,-31.645],[152.842,-31.647],[152.84,-31.648],[152.838,-31.649],[152.835,-31.649],[152.827,-31.657],[152.819,-31.665],[152.814,-31.671],[152.809,-31.677],[152.804,-31.683],[152.799,-31.691],[152.795,-31.7],[152.793,-31.709],[152.797,-31.718],[152.799,-31.718],[152.801,-31.718],[152.8,-31.718],[152.8,-31.719],[152.801,-31.72],[152.802,-31.721],[152.802,-31.722],[152.804,-31.723],[152.804,-31.724],[152.805,-31.726],[152.804,-31.726],[152.804,-31.728],[152.804,-31.729],[152.806,-31.73],[152.804,-31.73],[152.803,-31.73],[152.802,-31.731],[152.803,-31.732],[152.802,-31.733],[152.801,-31.733],[152.794,-31.737],[152.756,-31.778],[152.734,-31.818],[152.751,-31.839],[152.739,-31.849],[152.687,-31.882],[152.627,-31.929],[152.584,-31.979],[152.566,-32.004],[152.567,-32.01],[152.553,-32.022],[152.547,-32.031],[152.543,-32.037],[152.543,-32.051],[152.548,-32.059],[152.546,-32.07],[152.546,-32.076],[152.536,-32.084],[152.521,-32.101],[152.517,-32.109],[152.514,-32.115],[152.511,-32.123],[152.508,-32.132],[152.506,-32.148],[152.507,-32.168],[152.511,-32.174],[152.518,-32.178],[152.529,-32.181],[152.538,-32.185],[152.539,-32.196],[152.543,-32.199],[152.549,-32.204],[152.556,-32.206],[152.562,-32.21],[152.568,-32.212],[152.568,-32.217],[152.566,-32.222],[152.566,-32.229],[152.562,-32.233],[152.55,-32.241],[152.546,-32.247],[152.54,-32.254],[152.536,-32.261],[152.532,-32.269],[152.528,-32.278],[152.524,-32.291],[152.523,-32.312],[152.53,-32.317],[152.534,-32.325],[152.542,-32.329],[152.55,-32.332],[152.549,-32.336],[152.542,-32.343],[152.542,-32.349],[152.535,-32.357],[152.532,-32.367],[152.532,-32.374],[152.532,-32.38],[152.525,-32.385],[152.52,-32.394],[152.518,-32.405],[152.517,-32.414],[152.518,-32.423],[152.525,-32.431],[152.531,-32.435],[152.539,-32.438],[152.532,-32.444],[152.524,-32.446],[152.52,-32.45],[152.514,-32.452],[152.506,-32.455],[152.496,-32.458],[152.481,-32.461],[152.467,-32.465],[152.454,-32.469],[152.441,-32.474],[152.43,-32.478],[152.421,-32.482],[152.407,-32.49],[152.394,-32.495],[152.384,-32.499],[152.375,-32.504],[152.364,-32.509],[152.351,-32.517],[152.334,-32.529],[152.323,-32.538],[152.313,-32.547],[152.304,-32.558],[152.298,-32.57],[152.293,-32.579],[152.289,-32.589],[152.285,-32.595],[152.277,-32.597],[152.269,-32.601],[152.27,-32.603],[152.268,-32.602],[152.247,-32.608],[152.223,-32.621],[152.198,-32.645],[152.188,-32.665],[152.192,-32.694],[152.209,-32.697],[152.202,-32.7],[152.191,-32.7],[152.18,-32.681],[152.153,-32.679],[152.139,-32.685],[152.132,-32.685],[152.135,-32.673],[152.126,-32.663],[152.117,-32.667],[152.115,-32.68],[152.099,-32.685],[152.077,-32.687],[152.059,-32.686],[152.063,-32.683],[152.054,-32.679],[152.061,-32.666],[152.06,-32.657],[152.05,-32.654],[152.044,-32.665],[152.046,-32.676],[152.035,-32.677],[152.032,-32.67],[152.025,-32.668],[152.012,-32.667],[152.002,-32.67],[151.997,-32.669],[151.993,-32.669],[151.991,-32.666],[151.991,-32.662],[151.99,-32.658],[152.001,-32.651],[151.982,-32.582],[151.943,-32.611],[151.9,-32.609],[151.911,-32.454],[151.904,-32.423],[151.895,-32.422],[151.856,-32.412],[151.842,-32.401],[151.821,-32.303],[151.798,-32.243],[151.777,-32.257],[151.761,-32.264],[151.752,-32.249],[151.737,-32.239],[151.728,-32.226],[151.706,-32.205],[151.7,-32.199],[151.695,-32.192],[151.696,-32.187],[151.696,-32.179],[151.684,-32.144],[151.65,-32.102],[151.67,-32.086],[151.708,-32.08],[151.724,-32.085],[151.734,-32.096],[151.75,-32.097],[151.767,-32.108],[151.775,-32.124],[151.787,-32.129],[151.796,-32.141],[151.799,-32.149],[151.94,-32.167],[151.955,-32.171],[151.96,-32.173],[152.03,-32.175],[152.117,-32.004],[152.145,-31.883],[152.129,-31.871],[152.109,-31.853],[152.083,-31.84],[152.066,-31.835],[152.048,-31.84],[152.026,-31.835],[152.009,-31.834],[151.993,-31.824],[151.982,-31.811],[151.965,-31.804],[151.951,-31.808],[151.945,-31.796],[151.955,-31.755],[151.959,-31.756],[151.961,-31.748],[151.975,-31.694],[151.966,-31.695],[151.96,-31.692],[151.954,-31.685],[151.945,-31.692],[151.936,-31.685],[151.926,-31.683],[151.921,-31.676],[151.914,-31.672],[151.906,-31.671],[151.9,-31.665],[151.891,-31.662],[151.88,-31.657],[151.874,-31.665],[151.866,-31.659],[151.855,-31.654],[151.852,-31.654],[151.847,-31.651],[151.846,-31.649],[151.838,-31.645],[151.827,-31.639],[151.822,-31.634],[151.822,-31.63],[151.817,-31.62],[151.815,-31.61],[151.805,-31.605],[151.796,-31.601],[151.787,-31.59],[151.771,-31.512],[151.918,-31.508],[151.913,-31.501],[151.915,-31.494],[151.911,-31.487],[151.915,-31.484],[151.912,-31.478],[152.082,-31.489],[152.079,-31.474],[152.088,-31.457],[152.073,-31.443],[152.065,-31.431],[152.081,-31.398],[152.124,-31.279],[152.152,-31.269],[152.157,-31.23],[152.147,-31.198],[152.174,-31.197],[152.209,-31.198],[152.247,-31.206],[152.338,-31.119],[152.335,-31.083],[152.336,-31.035],[152.273,-30.995],[152.287,-30.955],[152.198,-30.916],[152.179,-30.913],[152.17,-30.901],[152.157,-30.887],[152.152,-30.869],[152.147,-30.839],[152.148,-30.817],[152.15,-30.806],[152.161,-30.789],[152.179,-30.776],[152.191,-30.753],[152.188,-30.745],[152.193,-30.741],[152.19,-30.736],[152.192,-30.73],[152.191,-30.724],[152.193,-30.721],[152.196,-30.718],[152.199,-30.714],[152.201,-30.712],[152.209,-30.704],[152.211,-30.701],[152.215,-30.695],[152.219,-30.691],[152.218,-30.688],[152.217,-30.687],[152.216,-30.682],[152.223,-30.682],[152.22,-30.679],[152.219,-30.675],[152.221,-30.672],[152.224,-30.669],[152.228,-30.665],[152.222,-30.663],[152.226,-30.66],[152.226,-30.655],[152.226,-30.651],[152.224,-30.647],[152.223,-30.643],[152.228,-30.644],[152.226,-30.64],[152.229,-30.637],[152.23,-30.634],[152.231,-30.63],[152.234,-30.631],[152.239,-30.627],[152.241,-30.623],[152.245,-30.623],[152.243,-30.621],[152.244,-30.618],[152.244,-30.617],[152.239,-30.615],[152.242,-30.613],[152.246,-30.611],[152.251,-30.611],[152.258,-30.604],[152.264,-30.598],[152.272,-30.593],[152.331,-30.582],[152.341,-30.566],[152.352,-30.557],[152.362,-30.552],[152.373,-30.543],[152.386,-30.53],[152.4,-30.5],[152.402,-30.435],[152.418,-30.436],[152.423,-30.425],[152.418,-30.41],[152.417,-30.407],[152.415,-30.406],[152.396,-30.39],[152.349,-30.291],[152.345,-30.29],[152.343,-30.288],[152.341,-30.284],[152.34,-30.281],[152.342,-30.276],[152.341,-30.274],[152.342,-30.271],[152.341,-30.268],[152.34,-30.264],[152.337,-30.259],[152.339,-30.257],[152.338,-30.253],[152.341,-30.251],[152.34,-30.247],[152.343,-30.245],[152.346,-30.242],[152.348,-30.237],[152.345,-30.229],[152.343,-30.227],[152.338,-30.219],[152.334,-30.219],[152.327,-30.217],[152.323,-30.213],[152.319,-30.21],[152.316,-30.209],[152.316,-30.202],[152.312,-30.198],[152.313,-30.192],[152.314,-30.188],[152.317,-30.183],[152.312,-30.178],[152.303,-30.179],[152.31,-30.172],[152.307,-30.165],[152.315,-30.163],[152.309,-30.158],[152.305,-30.158],[152.309,-30.147],[152.3,-30.148],[152.304,-30.142],[152.298,-30.139],[152.3,-30.133],[152.3,-30.125],[152.298,-30.118],[152.293,-30.117],[152.288,-30.11],[152.285,-30.104],[152.28,-30.098],[152.28,-30.09],[152.29,-30.085],[152.294,-30.082],[152.296,-30.075],[152.296,-30.071],[152.297,-30.067],[152.294,-30.059],[152.299,-30.054],[152.294,-30.05],[152.298,-30.046],[152.295,-30.04],[152.306,-30.038],[152.315,-30.035],[152.314,-30.027],[152.315,-30.017],[152.317,-30.005],[152.309,-29.995],[152.302,-29.987],[152.308,-29.98],[152.289,-29.974],[152.287,-29.964],[152.273,-29.953],[152.269,-29.935],[152.28,-29.929],[152.276,-29.923],[152.267,-29.925],[152.276,-29.916],[152.274,-29.911],[152.284,-29.904],[152.284,-29.889],[152.285,-29.877],[152.278,-29.867],[152.282,-29.858],[152.275,-29.849],[152.271,-29.849],[152.263,-29.852],[152.254,-29.861],[152.248,-29.864],[152.24,-29.864],[152.231,-29.865],[152.224,-29.869],[152.22,-29.871],[152.214,-29.871],[152.208,-29.866],[152.199,-29.87],[152.198,-29.875],[152.193,-29.876],[152.182,-29.873],[152.17,-29.863],[152.172,-29.852],[152.175,-29.85],[152.175,-29.842],[152.174,-29.837],[152.178,-29.829],[152.176,-29.823],[152.175,-29.819],[152.179,-29.81],[152.191,-29.807],[152.187,-29.8],[152.192,-29.798],[152.191,-29.789],[152.203,-29.786],[152.206,-29.779],[152.213,-29.764],[152.227,-29.759],[152.241,-29.755],[152.255,-29.754],[152.263,-29.752],[152.259,-29.74],[152.265,-29.728],[152.263,-29.711],[152.269,-29.705],[152.262,-29.697],[152.271,-29.688],[152.284,-29.668],[152.306,-29.662],[152.326,-29.651],[152.362,-29.539],[152.375,-29.533],[152.387,-29.526],[152.396,-29.52],[152.409,-29.51],[152.408,-29.399],[152.416,-29.398],[152.421,-29.395],[152.429,-29.392],[152.432,-29.392],[152.436,-29.382],[152.436,-29.378],[152.441,-29.372],[152.449,-29.361],[152.337,-29.337],[152.325,-29.327],[152.307,-29.32],[152.31,-29.282],[152.322,-29.276],[152.331,-29.267],[152.345,-29.254],[152.357,-29.25],[152.371,-29.246],[152.387,-29.24],[152.404,-29.235],[152.412,-29.227],[152.406,-29.213],[152.41,-29.202],[152.42,-29.186],[152.419,-29.173],[152.415,-29.16],[152.43,-29.15],[152.444,-29.04],[152.456,-29.019],[152.468,-28.991],[152.462,-28.977],[152.528,-28.986],[152.534,-28.984],[152.55,-28.95],[152.566,-28.926],[152.566,-28.905],[152.558,-28.895],[152.567,-28.858],[152.549,-28.834],[152.539,-28.815],[152.542,-28.782],[152.518,-28.795],[152.502,-28.785],[152.485,-28.771],[152.484,-28.749],[152.487,-28.738],[152.475,-28.733],[152.442,-28.729],[152.416,-28.722],[152.403,-28.705],[152.375,-28.701],[152.387,-28.684],[152.403,-28.659],[152.408,-28.636],[152.413,-28.621],[152.424,-28.606],[152.44,-28.599],[152.447,-28.582],[152.458,-28.567],[152.441,-28.547],[152.455,-28.527],[152.464,-28.526],[152.483,-28.526],[152.496,-28.529],[152.5,-28.524],[152.502,-28.515],[152.509,-28.514],[152.518,-28.511],[152.528,-28.512],[152.537,-28.507],[152.527,-28.497],[152.537,-28.486],[152.543,-28.482],[152.541,-28.479],[152.549,-28.479],[152.553,-28.477],[152.551,-28.473],[152.551,-28.468],[152.555,-28.466],[152.561,-28.47],[152.561,-28.46],[152.566,-28.45],[152.566,-28.442],[152.57,-28.438],[152.576,-28.437],[152.579,-28.436],[152.58,-28.425],[152.58,-28.421],[152.582,-28.416],[152.593,-28.411],[152.594,-28.404],[152.597,-28.399],[152.597,-28.395],[152.603,-28.392],[152.606,-28.388],[152.601,-28.381],[152.605,-28.379],[152.61,-28.377],[152.611,-28.372],[152.615,-28.366],[152.613,-28.357],[152.616,-28.352],[152.622,-28.347],[152.629,-28.349],[152.627,-28.345],[152.63,-28.342],[152.629,-28.34],[152.631,-28.337],[152.63,-28.333],[152.628,-28.327],[152.624,-28.328],[152.602,-28.318],[152.601,-28.305],[152.603,-28.281],[152.615,-28.27],[152.618,-28.284],[152.624,-28.297],[152.674,-28.324],[152.712,-28.342],[152.739,-28.357],[152.748,-28.362],[152.761,-28.36],[152.761,-28.352],[152.774,-28.347],[152.786,-28.35],[152.794,-28.354],[152.805,-28.353],[152.808,-28.345],[152.815,-28.338],[152.824,-28.331],[152.831,-28.32],[152.846,-28.317],[152.859,-28.311],[152.88,-28.31],[152.891,-28.317],[152.901,-28.326],[152.921,-28.331],[152.937,-28.336],[152.956,-28.334],[152.976,-28.333],[152.995,-28.339],[153.034,-28.342],[153.06,-28.344],[153.084,-28.354],[153.11,-28.357],[153.125,-28.338],[153.127,-28.317],[153.143,-28.305],[153.163,-28.298],[153.163,-28.279],[153.172,-28.263],[153.184,-28.246],[153.204,-28.254],[153.239,-28.252],[153.278,-28.234],[153.303,-28.239],[153.377,-28.241],[153.449,-28.183],[153.477,-28.157]]]]}},{"type":"Feature","properties":{"state":"New South Wales","state_code":"1","region_code":119,"region":"Outback NSW"},"geometry":{"type":"MultiPolygon","coordinates":[[[[146.375,-28.999],[148.958,-29.005],[148.954,-29.011],[148.947,-29.013],[148.942,-29.024],[148.935,-29.023],[148.929,-29.025],[148.923,-29.024],[148.916,-29.022],[148.909,-29.023],[148.906,-29.026],[148.899,-29.02],[148.898,-29.027],[148.892,-29.029],[148.889,-29.033],[148.886,-29.036],[148.877,-29.037],[148.876,-29.044],[148.868,-29.042],[148.86,-29.045],[148.859,-29.051],[148.851,-29.053],[148.848,-29.058],[148.849,-29.064],[148.843,-29.069],[148.835,-29.067],[148.827,-29.067],[148.825,-29.072],[148.819,-29.076],[148.814,-29.082],[148.815,-29.087],[148.813,-29.094],[148.808,-29.095],[148.805,-29.103],[148.804,-29.11],[148.805,-29.116],[148.808,-29.121],[148.803,-29.123],[148.803,-29.13],[148.802,-29.136],[148.799,-29.139],[148.798,-29.144],[148.798,-29.15],[148.797,-29.157],[148.8,-29.164],[148.802,-29.167],[148.807,-29.171],[148.808,-29.178],[148.802,-29.179],[148.805,-29.182],[148.801,-29.186],[148.797,-29.188],[148.794,-29.184],[148.789,-29.185],[148.782,-29.185],[148.778,-29.19],[148.771,-29.187],[148.766,-29.193],[148.767,-29.201],[148.768,-29.207],[148.76,-29.211],[148.755,-29.218],[148.755,-29.223],[148.75,-29.229],[148.749,-29.233],[148.749,-29.238],[148.743,-29.243],[148.74,-29.249],[148.738,-29.251],[148.733,-29.253],[148.741,-29.262],[148.738,-29.268],[148.732,-29.267],[148.733,-29.276],[148.725,-29.28],[148.724,-29.289],[148.726,-29.296],[148.724,-29.297],[148.715,-29.297],[148.72,-29.304],[148.719,-29.309],[148.721,-29.317],[148.714,-29.317],[148.708,-29.322],[148.704,-29.331],[148.697,-29.334],[148.689,-29.351],[148.696,-29.358],[148.695,-29.365],[148.697,-29.375],[148.692,-29.376],[148.687,-29.383],[148.691,-29.387],[148.698,-29.393],[148.708,-29.394],[148.709,-29.406],[148.71,-29.414],[148.711,-29.417],[148.715,-29.423],[148.703,-29.429],[148.696,-29.434],[148.693,-29.443],[148.695,-29.451],[148.693,-29.453],[148.687,-29.459],[148.684,-29.473],[148.685,-29.484],[148.685,-29.495],[148.684,-29.498],[148.683,-29.501],[148.679,-29.511],[148.687,-29.506],[148.691,-29.508],[148.693,-29.509],[148.7,-29.514],[148.704,-29.514],[148.713,-29.511],[148.717,-29.508],[148.722,-29.511],[148.728,-29.514],[148.728,-29.508],[148.734,-29.505],[148.739,-29.505],[148.746,-29.506],[148.751,-29.509],[148.756,-29.504],[148.762,-29.502],[148.767,-29.503],[148.775,-29.505],[148.782,-29.506],[148.785,-29.502],[148.79,-29.506],[148.794,-29.502],[148.799,-29.505],[148.804,-29.498],[148.805,-29.496],[148.81,-29.497],[148.812,-29.494],[148.82,-29.492],[148.827,-29.494],[148.832,-29.494],[148.838,-29.497],[148.842,-29.497],[148.847,-29.495],[148.851,-29.496],[148.857,-29.494],[148.863,-29.491],[148.867,-29.491],[148.869,-29.49],[148.871,-29.487],[148.874,-29.486],[148.88,-29.483],[148.885,-29.479],[148.889,-29.482],[148.892,-29.48],[148.893,-29.478],[148.897,-29.478],[148.901,-29.475],[149.057,-30.081],[148.92,-30.338],[148.916,-30.338],[148.914,-30.342],[148.913,-30.337],[148.909,-30.334],[148.904,-30.336],[148.898,-30.337],[148.892,-30.336],[148.891,-30.334],[148.894,-30.329],[148.889,-30.328],[148.885,-30.327],[148.501,-30.521],[148.202,-30.461],[148.096,-30.472],[148.102,-30.446],[148.102,-30.426],[147.994,-30.402],[147.985,-30.403],[147.976,-30.408],[147.973,-30.412],[147.971,-30.416],[147.971,-30.42],[147.967,-30.424],[147.961,-30.426],[147.958,-30.43],[147.847,-30.517],[147.756,-30.626],[147.704,-30.633],[147.704,-30.613],[147.701,-30.601],[147.698,-30.577],[147.601,-30.553],[147.574,-30.574],[147.575,-30.593],[147.581,-30.606],[147.584,-30.619],[147.591,-30.656],[147.583,-30.666],[147.534,-30.757],[147.523,-30.765],[147.523,-30.774],[147.52,-30.782],[147.514,-30.79],[147.517,-30.798],[147.515,-30.806],[147.521,-30.813],[147.719,-31.191],[147.721,-31.41],[147.714,-31.422],[147.721,-31.439],[147.726,-31.466],[147.73,-31.484],[147.726,-31.497],[147.726,-31.503],[147.725,-31.507],[147.731,-31.51],[147.735,-31.517],[147.738,-31.525],[147.741,-31.531],[147.738,-31.535],[147.738,-31.54],[147.745,-31.541],[147.738,-31.544],[147.742,-31.552],[147.749,-31.554],[147.753,-31.558],[147.756,-31.562],[147.763,-31.564],[147.767,-31.57],[147.769,-31.574],[147.768,-31.579],[147.773,-31.586],[147.776,-31.588],[147.771,-31.59],[147.774,-31.595],[147.77,-31.597],[147.775,-31.602],[147.78,-31.608],[147.78,-31.614],[147.789,-31.62],[147.79,-31.626],[147.792,-31.63],[147.788,-31.636],[147.79,-31.639],[147.789,-31.644],[147.792,-31.649],[147.796,-31.655],[147.806,-31.662],[147.953,-31.707],[147.959,-31.712],[147.968,-31.718],[147.979,-31.722],[147.982,-31.727],[147.975,-31.727],[147.958,-31.787],[147.944,-31.793],[147.934,-31.793],[147.927,-31.788],[147.921,-31.79],[147.912,-31.789],[147.903,-31.783],[147.607,-32.115],[147.49,-32.177],[147.486,-32.162],[147.471,-32.146],[147.475,-32.126],[147.462,-32.108],[147.439,-32.09],[147.424,-32.072],[147.418,-32.054],[147.401,-32.038],[147.375,-32.017],[147.348,-31.996],[147.327,-31.994],[147.301,-31.998],[147.198,-32.109],[147.197,-32.087],[147.191,-32.071],[147.174,-32.083],[147.154,-32.096],[147.135,-32.108],[147.096,-32.175],[146.807,-32.442],[146.555,-32.368],[146.705,-33.031],[146.697,-33.026],[146.688,-33.025],[146.677,-33.026],[146.665,-33.025],[146.655,-33.032],[146.646,-33.035],[146.644,-33.038],[146.64,-33.042],[146.636,-33.053],[146.634,-33.056],[146.626,-33.067],[146.615,-33.065],[146.608,-33.07],[146.599,-33.077],[146.593,-33.086],[146.583,-33.083],[146.579,-33.079],[146.574,-33.085],[146.57,-33.084],[146.563,-33.087],[146.563,-33.094],[146.558,-33.089],[146.553,-33.085],[146.547,-33.093],[146.537,-33.092],[146.534,-33.096],[146.524,-33.098],[146.526,-33.105],[146.514,-33.107],[146.503,-33.106],[146.488,-33.107],[146.479,-33.11],[146.475,-33.111],[146.474,-33.114],[146.478,-33.119],[146.471,-33.124],[146.466,-33.123],[146.467,-33.131],[146.465,-33.149],[146.471,-33.161],[146.462,-33.17],[146.457,-33.179],[146.456,-33.194],[146.452,-33.198],[146.44,-33.203],[146.429,-33.217],[146.411,-33.224],[146.392,-33.225],[146.384,-33.234],[146.374,-33.233],[146.367,-33.214],[146.359,-33.196],[146.336,-33.191],[146.316,-33.19],[146.306,-33.197],[146.294,-33.213],[146.283,-33.224],[146.259,-33.227],[146.248,-33.228],[146.242,-33.236],[146.233,-33.234],[146.224,-33.228],[146.207,-33.232],[146.179,-33.233],[146.167,-33.231],[146.149,-33.228],[146.132,-33.239],[146.128,-33.251],[146.126,-33.259],[146.116,-33.264],[146.107,-33.261],[146.101,-33.269],[146.094,-33.274],[144.982,-33.063],[144.762,-33.163],[144.748,-33.165],[144.263,-33.273],[142.55,-32.991],[142.374,-32.992],[142.382,-33.005],[142.363,-33.026],[142.35,-33.035],[142.324,-33.05],[142.312,-33.066],[142.287,-33.085],[142.297,-33.1],[142.294,-33.112],[142.274,-33.114],[142.223,-33.128],[141.001,-32.023],[144.332,-28.999],[146.375,-28.999]]]]}},{"type":"Feature","properties":{"state":"New South Wales","state_code":"1","region_code":115,"region":"Hunter"},"geometry":{"type":"MultiPolygon","coordinates":[[[[151.591,-33.088],[151.598,-33.1],[151.589,-33.096],[151.591,-33.088]]],[[[151.639,-33.094],[151.65,-33.096],[151.649,-33.09],[151.643,-33.09],[151.658,-33.092],[151.666,-33.09],[151.661,-33.095],[151.652,-33.103],[151.647,-33.117],[151.651,-33.12],[151.647,-33.128],[151.644,-33.133],[151.644,-33.136],[151.642,-33.136],[151.643,-33.139],[151.64,-33.144],[151.638,-33.147],[151.634,-33.16],[151.635,-33.163],[151.632,-33.168],[151.636,-33.175],[151.633,-33.176],[151.597,-33.161],[151.604,-33.148],[151.604,-33.141],[151.604,-33.139],[151.602,-33.137],[151.603,-33.135],[151.603,-33.132],[151.606,-33.131],[151.614,-33.125],[151.614,-33.114],[151.62,-33.097],[151.624,-33.095],[151.628,-33.09],[151.631,-33.078],[151.638,-33.076],[151.641,-33.088],[151.639,-33.094]]],[[[152.195,-32.741],[152.203,-32.742],[152.203,-32.749],[152.195,-32.747],[152.19,-32.751],[152.189,-32.742],[152.195,-32.741]]],[[[151.999,-32.7],[151.999,-32.703],[151.998,-32.7],[151.999,-32.7]]],[[[151.972,-32.675],[151.973,-32.679],[151.965,-32.674],[151.97,-32.668],[151.972,-32.675]]],[[[151.98,-32.678],[151.975,-32.666],[151.98,-32.669],[151.98,-32.675],[151.98,-32.678]]],[[[151.392,-31.556],[151.394,-31.563],[151.402,-31.562],[151.404,-31.561],[151.41,-31.565],[151.412,-31.563],[151.421,-31.566],[151.424,-31.57],[151.427,-31.564],[151.43,-31.567],[151.43,-31.574],[151.435,-31.58],[151.435,-31.586],[151.434,-31.594],[151.442,-31.599],[151.448,-31.606],[151.479,-31.564],[151.483,-31.566],[151.49,-31.571],[151.494,-31.574],[151.497,-31.573],[151.502,-31.575],[151.504,-31.577],[151.508,-31.579],[151.511,-31.578],[151.513,-31.582],[151.513,-31.585],[151.514,-31.588],[151.522,-31.587],[151.523,-31.59],[151.526,-31.593],[151.532,-31.592],[151.532,-31.594],[151.537,-31.597],[151.537,-31.598],[151.543,-31.602],[151.55,-31.604],[151.551,-31.601],[151.554,-31.601],[151.557,-31.602],[151.56,-31.603],[151.561,-31.606],[151.565,-31.607],[151.57,-31.61],[151.573,-31.605],[151.578,-31.603],[151.58,-31.605],[151.585,-31.604],[151.59,-31.603],[151.595,-31.599],[151.598,-31.598],[151.602,-31.597],[151.604,-31.599],[151.608,-31.602],[151.61,-31.607],[151.613,-31.607],[151.616,-31.609],[151.619,-31.608],[151.625,-31.607],[151.628,-31.61],[151.631,-31.612],[151.634,-31.615],[151.638,-31.61],[151.645,-31.61],[151.641,-31.606],[151.648,-31.607],[151.65,-31.602],[151.656,-31.606],[151.659,-31.609],[151.659,-31.613],[151.666,-31.613],[151.672,-31.613],[151.68,-31.609],[151.685,-31.612],[151.692,-31.615],[151.688,-31.619],[151.694,-31.622],[151.7,-31.622],[151.704,-31.622],[151.712,-31.622],[151.716,-31.624],[151.726,-31.628],[151.738,-31.634],[151.787,-31.59],[151.796,-31.601],[151.806,-31.605],[151.815,-31.61],[151.817,-31.62],[151.822,-31.63],[151.822,-31.634],[151.828,-31.639],[151.839,-31.645],[151.846,-31.649],[151.847,-31.651],[151.852,-31.654],[151.856,-31.654],[151.867,-31.659],[151.874,-31.665],[151.88,-31.657],[151.891,-31.662],[151.9,-31.665],[151.906,-31.671],[151.914,-31.673],[151.921,-31.676],[151.926,-31.683],[151.936,-31.685],[151.945,-31.692],[151.954,-31.685],[151.96,-31.692],[151.966,-31.695],[151.975,-31.694],[151.961,-31.748],[151.959,-31.756],[151.955,-31.755],[151.945,-31.796],[151.951,-31.808],[151.965,-31.803],[151.982,-31.811],[151.993,-31.823],[152.01,-31.834],[152.026,-31.835],[152.048,-31.84],[152.066,-31.834],[152.083,-31.84],[152.109,-31.853],[152.13,-31.871],[152.146,-31.883],[152.117,-32.005],[152.028,-32.175],[151.96,-32.173],[151.955,-32.171],[151.937,-32.167],[151.799,-32.149],[151.796,-32.14],[151.787,-32.129],[151.775,-32.124],[151.767,-32.108],[151.75,-32.097],[151.733,-32.096],[151.724,-32.085],[151.707,-32.08],[151.669,-32.085],[151.65,-32.103],[151.685,-32.144],[151.696,-32.181],[151.696,-32.187],[151.695,-32.192],[151.7,-32.199],[151.706,-32.205],[151.728,-32.226],[151.737,-32.239],[151.752,-32.249],[151.761,-32.264],[151.778,-32.256],[151.799,-32.243],[151.82,-32.305],[151.842,-32.402],[151.856,-32.412],[151.896,-32.422],[151.904,-32.424],[151.909,-32.455],[151.906,-32.61],[151.943,-32.611],[151.983,-32.582],[151.995,-32.65],[151.99,-32.658],[151.99,-32.66],[151.987,-32.661],[151.984,-32.665],[151.976,-32.661],[151.971,-32.657],[151.97,-32.654],[151.966,-32.659],[151.966,-32.667],[151.962,-32.673],[151.96,-32.669],[151.958,-32.668],[151.958,-32.667],[151.959,-32.669],[151.957,-32.673],[151.953,-32.675],[151.951,-32.672],[151.949,-32.673],[151.947,-32.675],[151.945,-32.677],[151.95,-32.678],[151.951,-32.676],[151.955,-32.677],[151.953,-32.682],[151.954,-32.688],[151.959,-32.693],[151.962,-32.695],[151.96,-32.696],[151.959,-32.697],[151.961,-32.696],[151.962,-32.696],[151.963,-32.694],[151.966,-32.692],[151.973,-32.692],[151.977,-32.692],[151.978,-32.689],[151.979,-32.695],[151.978,-32.703],[151.974,-32.707],[151.969,-32.714],[151.963,-32.713],[151.949,-32.715],[151.942,-32.723],[151.946,-32.734],[151.942,-32.733],[151.936,-32.737],[151.943,-32.739],[151.95,-32.736],[151.953,-32.734],[151.96,-32.734],[151.967,-32.732],[151.974,-32.727],[151.981,-32.727],[151.988,-32.723],[151.988,-32.719],[151.992,-32.72],[151.996,-32.721],[151.994,-32.723],[152.0,-32.727],[152.011,-32.726],[152.019,-32.721],[152.037,-32.728],[152.055,-32.722],[152.061,-32.725],[152.065,-32.736],[152.067,-32.721],[152.063,-32.714],[152.06,-32.71],[152.061,-32.701],[152.068,-32.705],[152.073,-32.711],[152.082,-32.723],[152.095,-32.728],[152.104,-32.723],[152.105,-32.718],[152.116,-32.717],[152.138,-32.718],[152.159,-32.711],[152.174,-32.72],[152.186,-32.711],[152.188,-32.718],[152.183,-32.731],[152.176,-32.74],[152.173,-32.753],[152.17,-32.757],[152.166,-32.76],[152.16,-32.763],[152.156,-32.765],[152.15,-32.764],[152.146,-32.765],[152.144,-32.766],[152.134,-32.766],[152.118,-32.78],[152.121,-32.781],[152.122,-32.784],[152.121,-32.786],[152.121,-32.788],[152.117,-32.788],[152.114,-32.788],[152.114,-32.79],[152.11,-32.792],[152.106,-32.789],[152.099,-32.789],[152.091,-32.791],[152.086,-32.789],[152.078,-32.788],[152.059,-32.785],[151.976,-32.805],[151.947,-32.815],[151.889,-32.837],[151.839,-32.861],[151.806,-32.882],[151.791,-32.915],[151.778,-32.913],[151.785,-32.901],[151.793,-32.886],[151.782,-32.895],[151.774,-32.89],[151.751,-32.88],[151.745,-32.881],[151.77,-32.902],[151.767,-32.922],[151.761,-32.913],[151.76,-32.912],[151.779,-32.925],[151.794,-32.921],[151.8,-32.917],[151.798,-32.92],[151.793,-32.923],[151.793,-32.926],[151.793,-32.928],[151.791,-32.93],[151.786,-32.93],[151.783,-32.933],[151.78,-32.936],[151.779,-32.937],[151.776,-32.939],[151.77,-32.941],[151.765,-32.943],[151.761,-32.946],[151.757,-32.949],[151.754,-32.953],[151.752,-32.954],[151.749,-32.956],[151.743,-32.959],[151.737,-32.965],[151.73,-32.974],[151.729,-32.983],[151.731,-33.0],[151.73,-33.006],[151.728,-33.012],[151.699,-33.028],[151.663,-33.06],[151.655,-33.083],[151.642,-33.078],[151.643,-33.074],[151.641,-33.065],[151.649,-33.063],[151.643,-33.056],[151.644,-33.054],[151.653,-33.052],[151.653,-33.05],[151.655,-33.043],[151.655,-33.039],[151.657,-33.035],[151.65,-33.03],[151.649,-33.03],[151.648,-33.031],[151.647,-33.031],[151.645,-33.031],[151.644,-33.031],[151.643,-33.031],[151.633,-33.028],[151.629,-33.017],[151.636,-33.007],[151.634,-32.997],[151.634,-32.991],[151.644,-32.977],[151.631,-32.974],[151.627,-32.968],[151.622,-32.965],[151.611,-32.965],[151.608,-32.969],[151.611,-32.969],[151.615,-32.973],[151.618,-32.977],[151.618,-32.978],[151.621,-32.976],[151.62,-32.98],[151.619,-32.986],[151.615,-32.99],[151.615,-32.995],[151.617,-33.005],[151.608,-33.003],[151.606,-32.996],[151.603,-32.995],[151.598,-32.996],[151.587,-32.99],[151.592,-32.998],[151.593,-33.002],[151.597,-33.001],[151.599,-33.005],[151.597,-33.007],[151.599,-33.014],[151.607,-33.024],[151.614,-33.034],[151.616,-33.042],[151.616,-33.049],[151.608,-33.04],[151.604,-33.032],[151.594,-33.027],[151.584,-33.03],[151.579,-33.033],[151.592,-33.034],[151.6,-33.041],[151.597,-33.05],[151.597,-33.058],[151.588,-33.05],[151.586,-33.055],[151.587,-33.062],[151.58,-33.066],[151.593,-33.068],[151.605,-33.072],[151.612,-33.076],[151.613,-33.082],[151.607,-33.082],[151.594,-33.072],[151.579,-33.074],[151.568,-33.069],[151.548,-33.063],[151.55,-33.074],[151.535,-33.083],[151.516,-33.093],[151.511,-33.092],[151.511,-33.1],[151.513,-33.105],[151.517,-33.1],[151.52,-33.105],[151.527,-33.107],[151.538,-33.104],[151.544,-33.095],[151.548,-33.089],[151.555,-33.094],[151.562,-33.101],[151.564,-33.109],[151.566,-33.115],[151.559,-33.118],[151.549,-33.116],[151.549,-33.12],[151.544,-33.116],[151.537,-33.117],[151.538,-33.123],[151.535,-33.127],[151.524,-33.125],[151.516,-33.137],[151.514,-33.14],[151.525,-33.143],[151.527,-33.156],[151.527,-33.173],[151.51,-33.194],[151.475,-33.19],[151.444,-33.199],[151.394,-33.17],[151.397,-33.167],[151.392,-33.157],[151.389,-33.15],[151.387,-33.143],[151.383,-33.135],[151.38,-33.119],[151.377,-33.098],[151.366,-33.094],[151.353,-33.079],[151.331,-33.062],[151.316,-33.049],[151.301,-33.048],[151.287,-33.056],[151.267,-33.059],[151.264,-33.08],[151.219,-33.124],[151.215,-33.129],[151.199,-33.137],[151.135,-33.106],[151.103,-33.077],[151.086,-33.077],[151.05,-33.083],[151.046,-33.089],[151.042,-33.095],[151.038,-33.101],[151.039,-33.108],[151.037,-33.115],[151.036,-33.122],[151.03,-33.124],[151.022,-33.124],[151.015,-33.122],[151.009,-33.124],[151.001,-33.124],[150.994,-33.122],[150.981,-33.126],[150.935,-33.119],[150.874,-33.114],[150.871,-33.104],[150.858,-33.094],[150.847,-33.097],[150.849,-33.088],[150.849,-33.076],[150.851,-33.066],[150.858,-33.06],[150.853,-33.052],[150.853,-33.049],[150.85,-33.045],[150.858,-33.043],[150.855,-33.034],[150.85,-33.033],[150.837,-33.033],[150.83,-33.032],[150.823,-33.025],[150.818,-33.018],[150.816,-33.016],[150.806,-33.011],[150.753,-33.017],[150.746,-33.022],[150.74,-33.019],[150.732,-33.017],[150.72,-33.013],[150.71,-33.013],[150.702,-33.009],[150.701,-33.0],[150.679,-33.029],[150.694,-33.043],[150.705,-33.054],[150.719,-33.069],[150.606,-33.067],[150.597,-33.059],[150.593,-33.057],[150.583,-33.054],[150.586,-33.047],[150.585,-33.04],[150.577,-33.036],[150.585,-33.033],[150.578,-33.027],[150.589,-32.934],[150.579,-32.926],[150.577,-32.919],[150.571,-32.911],[150.564,-32.909],[150.566,-32.901],[150.561,-32.895],[150.555,-32.888],[150.558,-32.881],[150.566,-32.878],[150.571,-32.87],[150.569,-32.86],[150.567,-32.848],[150.566,-32.837],[150.569,-32.829],[150.569,-32.82],[150.572,-32.81],[150.573,-32.803],[150.574,-32.793],[150.562,-32.788],[150.555,-32.78],[150.55,-32.77],[150.558,-32.759],[150.548,-32.761],[150.539,-32.755],[150.527,-32.76],[150.521,-32.752],[150.511,-32.751],[150.494,-32.754],[150.492,-32.766],[150.482,-32.773],[150.472,-32.773],[150.463,-32.782],[150.463,-32.791],[150.453,-32.795],[150.439,-32.795],[150.432,-32.804],[150.424,-32.814],[150.418,-32.821],[150.408,-32.825],[150.393,-32.826],[150.387,-32.835],[150.378,-32.839],[150.363,-32.846],[150.351,-32.826],[150.344,-32.816],[150.338,-32.806],[150.339,-32.8],[150.341,-32.794],[150.336,-32.789],[150.33,-32.786],[150.324,-32.785],[150.317,-32.784],[150.309,-32.777],[150.3,-32.771],[150.295,-32.765],[150.286,-32.761],[150.279,-32.753],[150.275,-32.748],[150.277,-32.743],[150.277,-32.738],[150.284,-32.727],[150.291,-32.721],[150.234,-32.609],[150.262,-32.59],[150.237,-32.569],[150.244,-32.555],[150.243,-32.545],[150.243,-32.535],[150.248,-32.521],[150.24,-32.495],[150.247,-32.485],[150.238,-32.479],[150.233,-32.467],[150.227,-32.458],[150.238,-32.458],[150.25,-32.459],[150.263,-32.452],[150.271,-32.44],[150.276,-32.434],[150.28,-32.424],[150.288,-32.422],[150.301,-32.417],[150.319,-32.409],[150.315,-32.395],[150.319,-32.391],[150.315,-32.385],[150.306,-32.381],[150.304,-32.373],[150.299,-32.38],[150.294,-32.385],[150.285,-32.386],[150.284,-32.382],[150.285,-32.375],[150.277,-32.38],[150.27,-32.378],[150.268,-32.372],[150.263,-32.361],[150.264,-32.355],[150.261,-32.346],[150.264,-32.331],[150.268,-32.321],[150.256,-32.327],[150.258,-32.318],[150.257,-32.315],[150.255,-32.303],[150.244,-32.313],[150.233,-32.313],[150.218,-32.321],[150.208,-32.319],[150.214,-32.328],[150.213,-32.339],[150.204,-32.333],[150.194,-32.341],[150.187,-32.348],[150.182,-32.334],[150.17,-32.324],[150.165,-32.327],[150.16,-32.329],[150.15,-32.335],[150.131,-32.337],[150.117,-32.34],[150.083,-32.343],[150.065,-32.346],[150.057,-32.352],[150.045,-32.335],[150.03,-32.334],[150.032,-32.316],[150.023,-32.302],[150.031,-32.292],[150.035,-32.291],[150.036,-32.286],[150.044,-32.278],[150.043,-32.261],[150.05,-32.253],[150.044,-32.245],[150.059,-32.251],[150.059,-32.242],[150.063,-32.237],[150.074,-32.231],[150.06,-32.227],[150.07,-32.195],[150.067,-32.187],[150.059,-32.193],[150.045,-32.194],[150.032,-32.188],[150.022,-32.183],[150.016,-32.175],[150.014,-32.165],[150.008,-32.153],[150.012,-32.146],[150.012,-32.139],[150.009,-32.133],[150.002,-32.129],[149.803,-32.089],[149.839,-31.987],[149.842,-31.984],[149.846,-31.981],[149.846,-31.977],[149.848,-31.976],[149.85,-31.972],[149.852,-31.971],[149.856,-31.968],[149.861,-31.965],[149.866,-31.96],[149.869,-31.953],[149.873,-31.948],[149.877,-31.941],[149.883,-31.936],[149.887,-31.931],[149.89,-31.926],[149.896,-31.922],[149.897,-31.914],[149.903,-31.905],[149.911,-31.9],[149.919,-31.892],[149.926,-31.885],[149.941,-31.879],[149.949,-31.869],[149.959,-31.863],[149.973,-31.859],[149.981,-31.851],[149.988,-31.848],[149.999,-31.841],[150.013,-31.835],[150.025,-31.826],[150.035,-31.816],[150.041,-31.799],[150.05,-31.786],[150.059,-31.779],[150.07,-31.771],[150.083,-31.759],[150.105,-31.748],[150.208,-31.823],[150.312,-31.834],[150.399,-31.838],[150.506,-31.836],[150.606,-31.844],[150.668,-31.843],[150.728,-31.823],[150.785,-31.752],[150.904,-31.682],[150.992,-31.619],[151.07,-31.596],[151.151,-31.626],[151.262,-31.618],[151.266,-31.613],[151.273,-31.61],[151.277,-31.605],[151.284,-31.601],[151.289,-31.596],[151.295,-31.586],[151.301,-31.588],[151.305,-31.589],[151.306,-31.583],[151.308,-31.579],[151.312,-31.58],[151.318,-31.581],[151.32,-31.576],[151.326,-31.575],[151.323,-31.57],[151.328,-31.568],[151.327,-31.561],[151.336,-31.564],[151.336,-31.56],[151.344,-31.558],[151.35,-31.564],[151.356,-31.56],[151.363,-31.559],[151.376,-31.562],[151.385,-31.555],[151.389,-31.556],[151.392,-31.556]],[[151.797,-32.819],[151.768,-32.846],[151.768,-32.852],[151.734,-32.843],[151.721,-32.834],[151.701,-32.831],[151.693,-32.827],[151.691,-32.83],[151.697,-32.849],[151.706,-32.859],[151.708,-32.866],[151.733,-32.88],[151.71,-32.856],[151.697,-32.848],[151.701,-32.834],[151.716,-32.836],[151.73,-32.844],[151.727,-32.845],[151.732,-32.848],[151.752,-32.855],[151.779,-32.875],[151.794,-32.881],[151.807,-32.847],[151.797,-32.819]]]]}},{"type":"Feature","properties":{"state":"New South Wales","state_code":"1","region_code":123,"region":"The Murray"},"geometry":{"type":"MultiPolygon","coordinates":[[[[143.423,-32.867],[144.527,-33.64],[144.689,-34.052],[144.683,-34.059],[144.688,-34.069],[144.681,-34.075],[144.677,-34.079],[144.67,-34.085],[144.661,-34.083],[144.653,-34.083],[144.645,-34.082],[144.634,-34.086],[144.626,-34.089],[144.62,-34.1],[144.61,-34.105],[144.608,-34.113],[144.601,-34.117],[144.591,-34.116],[144.585,-34.124],[144.582,-34.128],[144.574,-34.13],[144.568,-34.132],[144.558,-34.135],[144.554,-34.143],[144.555,-34.151],[144.549,-34.158],[144.553,-34.163],[144.548,-34.172],[144.545,-34.174],[144.539,-34.179],[144.532,-34.184],[144.523,-34.185],[144.513,-34.193],[144.507,-34.201],[144.503,-34.21],[144.493,-34.214],[144.484,-34.215],[144.475,-34.221],[144.461,-34.22],[144.453,-34.224],[144.444,-34.219],[144.433,-34.222],[144.422,-34.226],[144.412,-34.222],[144.404,-34.224],[144.391,-34.218],[144.384,-34.229],[144.377,-34.232],[144.372,-34.238],[144.362,-34.241],[144.35,-34.24],[144.344,-34.243],[144.336,-34.242],[144.321,-34.242],[144.31,-34.24],[144.3,-34.244],[144.294,-34.237],[144.284,-34.231],[144.283,-34.24],[144.271,-34.239],[144.265,-34.238],[144.251,-34.231],[144.24,-34.237],[144.235,-34.242],[144.229,-34.245],[144.226,-34.248],[144.221,-34.251],[144.213,-34.252],[144.202,-34.248],[144.192,-34.246],[144.182,-34.24],[144.177,-34.231],[144.169,-34.224],[144.158,-34.222],[144.16,-34.213],[144.154,-34.206],[144.143,-34.205],[144.134,-34.199],[144.127,-34.196],[144.117,-34.192],[144.108,-34.201],[144.105,-34.212],[144.095,-34.215],[144.088,-34.214],[144.08,-34.219],[144.076,-34.224],[144.076,-34.233],[144.074,-34.242],[144.07,-34.248],[144.07,-34.253],[144.069,-34.266],[144.061,-34.274],[144.055,-34.273],[144.044,-34.274],[143.963,-34.342],[143.948,-34.358],[144.409,-34.819],[145.163,-34.851],[145.824,-34.938],[146.015,-35.129],[146.012,-35.153],[146.056,-35.197],[146.063,-35.188],[146.077,-35.177],[146.1,-35.174],[146.114,-35.167],[146.13,-35.156],[146.165,-35.157],[146.406,-35.293],[146.391,-35.43],[146.405,-35.443],[146.681,-35.556],[146.993,-35.508],[147.123,-35.459],[147.215,-35.472],[147.223,-35.472],[147.231,-35.471],[147.238,-35.472],[147.266,-35.491],[147.275,-35.494],[147.285,-35.5],[147.296,-35.497],[147.31,-35.499],[147.32,-35.502],[147.329,-35.505],[147.335,-35.51],[147.382,-35.53],[147.387,-35.534],[147.388,-35.539],[147.384,-35.546],[147.385,-35.553],[147.395,-35.559],[147.405,-35.544],[147.42,-35.533],[147.431,-35.537],[147.439,-35.535],[147.536,-35.492],[147.559,-35.507],[147.586,-35.521],[147.663,-35.545],[147.724,-35.539],[147.761,-35.551],[147.81,-35.67],[147.817,-35.76],[147.792,-35.802],[147.702,-35.834],[147.642,-35.886],[147.595,-35.919],[147.61,-35.974],[147.574,-35.97],[147.552,-35.971],[147.564,-35.977],[147.569,-35.992],[147.54,-35.995],[147.515,-35.977],[147.514,-35.961],[147.491,-35.945],[147.475,-35.944],[147.453,-35.96],[147.424,-35.95],[147.397,-35.947],[147.392,-35.962],[147.379,-35.975],[147.364,-35.988],[147.356,-36.007],[147.346,-36.019],[147.353,-36.031],[147.34,-36.044],[147.328,-36.055],[147.321,-36.06],[147.318,-36.055],[147.312,-36.055],[147.314,-36.061],[147.307,-36.057],[147.302,-36.05],[147.297,-36.046],[147.285,-36.039],[147.27,-36.041],[147.252,-36.041],[147.236,-36.043],[147.217,-36.047],[147.199,-36.046],[147.188,-36.039],[147.17,-36.033],[147.155,-36.036],[147.143,-36.037],[147.134,-36.026],[147.127,-36.013],[147.124,-35.998],[147.115,-36.003],[147.106,-36.006],[147.103,-36.011],[147.106,-36.016],[147.098,-36.018],[147.094,-36.026],[147.102,-36.035],[147.099,-36.044],[147.094,-36.048],[147.085,-36.053],[147.065,-36.069],[147.052,-36.094],[147.052,-36.108],[147.043,-36.107],[147.027,-36.106],[147.014,-36.093],[146.998,-36.087],[146.977,-36.087],[146.96,-36.081],[146.956,-36.093],[146.952,-36.109],[146.929,-36.106],[146.922,-36.109],[146.91,-36.106],[146.905,-36.089],[146.888,-36.088],[146.866,-36.077],[146.836,-36.083],[146.826,-36.072],[146.804,-36.058],[146.787,-36.062],[146.765,-36.058],[146.755,-36.059],[146.749,-36.043],[146.734,-36.035],[146.715,-36.027],[146.698,-36.033],[146.69,-36.04],[146.676,-36.029],[146.67,-36.025],[146.667,-36.029],[146.651,-36.02],[146.651,-36.008],[146.641,-36.006],[146.64,-36.009],[146.635,-36.005],[146.632,-36.001],[146.63,-36.0],[146.624,-35.998],[146.622,-35.995],[146.617,-35.994],[146.613,-35.992],[146.609,-35.989],[146.609,-35.985],[146.613,-35.984],[146.616,-35.981],[146.611,-35.979],[146.617,-35.976],[146.617,-35.974],[146.608,-35.974],[146.604,-35.973],[146.601,-35.976],[146.574,-35.979],[146.552,-35.979],[146.536,-35.983],[146.522,-35.963],[146.502,-35.958],[146.502,-35.984],[146.465,-35.98],[146.424,-35.965],[146.402,-35.99],[146.399,-35.995],[146.398,-35.999],[146.4,-36.003],[146.399,-36.007],[146.394,-36.007],[146.39,-36.007],[146.385,-36.009],[146.381,-36.012],[146.38,-36.016],[146.379,-36.02],[146.379,-36.024],[146.38,-36.029],[146.383,-36.031],[146.387,-36.034],[146.386,-36.038],[146.379,-36.039],[146.38,-36.043],[146.364,-36.047],[146.347,-36.039],[146.347,-36.034],[146.346,-36.03],[146.341,-36.027],[146.336,-36.027],[146.325,-36.042],[146.307,-36.04],[146.298,-36.048],[146.288,-36.034],[146.286,-36.021],[146.279,-36.012],[146.27,-36.026],[146.258,-36.012],[146.248,-36.024],[146.232,-36.033],[146.211,-36.039],[146.208,-36.036],[146.197,-36.032],[146.184,-36.041],[146.18,-36.033],[146.172,-36.021],[146.154,-36.025],[146.141,-36.018],[146.132,-36.01],[146.131,-36.006],[146.114,-36.016],[146.105,-36.009],[146.095,-36.015],[146.081,-36.018],[146.072,-36.015],[146.057,-36.004],[146.042,-36.0],[146.032,-35.995],[146.022,-36.0],[146.011,-36.005],[146.002,-36.008],[145.983,-36.012],[145.974,-36.016],[145.969,-36.005],[145.959,-36.004],[145.946,-35.983],[145.953,-35.965],[145.942,-35.965],[145.928,-35.967],[145.905,-35.964],[145.91,-35.956],[145.883,-35.957],[145.853,-35.962],[145.845,-35.974],[145.835,-35.977],[145.819,-35.983],[145.801,-35.984],[145.78,-35.973],[145.769,-35.963],[145.764,-35.965],[145.755,-35.961],[145.744,-35.959],[145.732,-35.96],[145.732,-35.956],[145.737,-35.954],[145.733,-35.951],[145.728,-35.953],[145.725,-35.954],[145.721,-35.951],[145.716,-35.949],[145.717,-35.946],[145.721,-35.944],[145.725,-35.946],[145.727,-35.944],[145.723,-35.939],[145.719,-35.935],[145.713,-35.937],[145.709,-35.933],[145.701,-35.937],[145.696,-35.925],[145.693,-35.922],[145.688,-35.929],[145.674,-35.926],[145.677,-35.917],[145.67,-35.92],[145.669,-35.915],[145.667,-35.913],[145.661,-35.909],[145.656,-35.9],[145.649,-35.897],[145.639,-35.894],[145.636,-35.889],[145.626,-35.881],[145.627,-35.877],[145.625,-35.873],[145.617,-35.876],[145.618,-35.87],[145.627,-35.868],[145.612,-35.868],[145.603,-35.872],[145.597,-35.871],[145.595,-35.861],[145.587,-35.86],[145.59,-35.857],[145.592,-35.849],[145.582,-35.848],[145.574,-35.838],[145.569,-35.835],[145.557,-35.826],[145.561,-35.813],[145.54,-35.822],[145.538,-35.808],[145.534,-35.807],[145.536,-35.803],[145.534,-35.803],[145.527,-35.809],[145.523,-35.815],[145.522,-35.819],[145.516,-35.817],[145.512,-35.814],[145.505,-35.811],[145.494,-35.811],[145.486,-35.813],[145.475,-35.812],[145.468,-35.814],[145.464,-35.824],[145.455,-35.824],[145.448,-35.828],[145.442,-35.836],[145.433,-35.831],[145.425,-35.829],[145.414,-35.831],[145.411,-35.84],[145.411,-35.848],[145.398,-35.85],[145.382,-35.854],[145.371,-35.859],[145.356,-35.867],[145.347,-35.861],[145.337,-35.859],[145.327,-35.853],[145.318,-35.855],[145.309,-35.861],[145.293,-35.854],[145.283,-35.854],[145.278,-35.853],[145.27,-35.847],[145.258,-35.851],[145.263,-35.841],[145.256,-35.836],[145.244,-35.831],[145.235,-35.83],[145.224,-35.833],[145.224,-35.842],[145.217,-35.838],[145.206,-35.838],[145.195,-35.837],[145.184,-35.835],[145.178,-35.841],[145.167,-35.843],[145.154,-35.843],[145.158,-35.834],[145.151,-35.833],[145.139,-35.831],[145.134,-35.828],[145.128,-35.822],[145.127,-35.83],[145.122,-35.821],[145.115,-35.823],[145.107,-35.826],[145.099,-35.828],[145.091,-35.835],[145.092,-35.826],[145.078,-35.828],[145.075,-35.827],[145.069,-35.835],[145.057,-35.836],[145.051,-35.839],[145.047,-35.837],[145.039,-35.838],[145.034,-35.848],[145.024,-35.85],[145.015,-35.857],[145.005,-35.853],[144.995,-35.852],[144.991,-35.859],[144.973,-35.861],[144.972,-35.873],[144.971,-35.88],[144.974,-35.885],[144.969,-35.891],[144.965,-35.897],[144.967,-35.904],[144.962,-35.91],[144.956,-35.914],[144.953,-35.92],[144.95,-35.927],[144.951,-35.934],[144.95,-35.942],[144.955,-35.947],[144.955,-35.954],[144.955,-35.962],[144.945,-35.963],[144.938,-35.966],[144.93,-35.97],[144.925,-35.977],[144.924,-35.984],[144.927,-35.989],[144.932,-35.995],[144.94,-36.001],[144.948,-36.014],[144.962,-36.018],[144.966,-36.029],[144.968,-36.042],[144.981,-36.048],[144.986,-36.061],[144.979,-36.074],[144.964,-36.079],[144.95,-36.083],[144.936,-36.076],[144.931,-36.067],[144.914,-36.063],[144.903,-36.063],[144.89,-36.063],[144.878,-36.059],[144.863,-36.061],[144.859,-36.071],[144.854,-36.071],[144.847,-36.074],[144.843,-36.083],[144.84,-36.094],[144.824,-36.103],[144.811,-36.102],[144.811,-36.109],[144.812,-36.113],[144.801,-36.12],[144.788,-36.121],[144.771,-36.118],[144.759,-36.119],[144.747,-36.119],[144.741,-36.108],[144.735,-36.115],[144.725,-36.113],[144.719,-36.107],[144.725,-36.099],[144.722,-36.091],[144.714,-36.089],[144.7,-36.088],[144.694,-36.092],[144.684,-36.094],[144.685,-36.082],[144.692,-36.071],[144.689,-36.061],[144.679,-36.067],[144.669,-36.071],[144.666,-36.076],[144.657,-36.071],[144.654,-36.067],[144.653,-36.053],[144.641,-36.056],[144.631,-36.049],[144.627,-36.06],[144.628,-36.067],[144.622,-36.076],[144.611,-36.07],[144.609,-36.063],[144.615,-36.05],[144.615,-36.041],[144.613,-36.032],[144.61,-36.041],[144.597,-36.039],[144.586,-36.039],[144.582,-36.029],[144.581,-36.022],[144.571,-36.018],[144.565,-36.013],[144.561,-36.013],[144.555,-36.007],[144.547,-36.003],[144.536,-35.999],[144.514,-35.988],[144.51,-35.971],[144.5,-35.967],[144.498,-35.968],[144.488,-35.965],[144.483,-35.96],[144.486,-35.951],[144.479,-35.953],[144.476,-35.946],[144.472,-35.946],[144.471,-35.94],[144.466,-35.933],[144.458,-35.936],[144.446,-35.932],[144.44,-35.925],[144.427,-35.919],[144.423,-35.906],[144.417,-35.906],[144.421,-35.9],[144.407,-35.902],[144.416,-35.896],[144.411,-35.886],[144.406,-35.882],[144.404,-35.876],[144.405,-35.871],[144.405,-35.86],[144.401,-35.86],[144.389,-35.859],[144.385,-35.855],[144.381,-35.843],[144.373,-35.837],[144.377,-35.833],[144.376,-35.828],[144.383,-35.819],[144.372,-35.822],[144.368,-35.814],[144.373,-35.812],[144.375,-35.804],[144.377,-35.793],[144.361,-35.792],[144.354,-35.787],[144.35,-35.776],[144.344,-35.771],[144.334,-35.769],[144.319,-35.766],[144.328,-35.756],[144.316,-35.757],[144.308,-35.756],[144.294,-35.753],[144.297,-35.739],[144.282,-35.74],[144.272,-35.749],[144.261,-35.749],[144.254,-35.736],[144.248,-35.729],[144.238,-35.719],[144.223,-35.71],[144.219,-35.698],[144.216,-35.693],[144.205,-35.687],[144.194,-35.683],[144.186,-35.675],[144.181,-35.673],[144.167,-35.671],[144.158,-35.659],[144.156,-35.651],[144.153,-35.643],[144.142,-35.647],[144.132,-35.639],[144.123,-35.63],[144.116,-35.62],[144.111,-35.607],[144.111,-35.599],[144.106,-35.593],[144.095,-35.587],[144.076,-35.581],[144.066,-35.578],[144.059,-35.568],[144.047,-35.559],[144.039,-35.554],[144.032,-35.555],[144.018,-35.553],[144.012,-35.563],[143.991,-35.552],[143.974,-35.532],[143.971,-35.508],[143.956,-35.504],[143.934,-35.499],[143.908,-35.499],[143.884,-35.486],[143.859,-35.48],[143.838,-35.458],[143.819,-35.438],[143.785,-35.423],[143.759,-35.414],[143.765,-35.393],[143.743,-35.391],[143.713,-35.393],[143.704,-35.39],[143.692,-35.381],[143.675,-35.371],[143.664,-35.386],[143.648,-35.396],[143.631,-35.39],[143.625,-35.387],[143.616,-35.371],[143.602,-35.36],[143.583,-35.344],[143.567,-35.344],[143.564,-35.322],[143.576,-35.303],[143.582,-35.288],[143.59,-35.274],[143.578,-35.267],[143.572,-35.255],[143.57,-35.235],[143.574,-35.211],[143.55,-35.212],[143.516,-35.213],[143.473,-35.219],[143.455,-35.196],[143.427,-35.191],[143.395,-35.192],[143.392,-35.175],[143.386,-35.163],[143.39,-35.144],[143.365,-35.12],[143.353,-35.1],[143.345,-35.1],[143.345,-35.087],[143.343,-35.076],[143.346,-35.065],[143.341,-35.059],[143.336,-35.048],[143.334,-35.045],[143.325,-35.04],[143.336,-35.036],[143.335,-35.021],[143.332,-34.999],[143.322,-34.952],[143.341,-34.935],[143.323,-34.892],[143.342,-34.88],[143.348,-34.865],[143.354,-34.846],[143.345,-34.844],[143.359,-34.818],[143.344,-34.791],[143.313,-34.782],[143.285,-34.787],[143.272,-34.779],[143.253,-34.768],[143.274,-34.752],[143.245,-34.756],[143.232,-34.747],[143.224,-34.758],[143.221,-34.745],[143.219,-34.734],[143.205,-34.734],[143.199,-34.718],[143.179,-34.717],[143.175,-34.715],[143.164,-34.712],[143.157,-34.699],[143.148,-34.712],[143.134,-34.704],[143.118,-34.703],[143.128,-34.694],[143.108,-34.702],[143.114,-34.686],[143.112,-34.681],[143.099,-34.695],[143.078,-34.697],[143.069,-34.678],[143.055,-34.699],[143.043,-34.686],[143.044,-34.7],[143.03,-34.693],[143.023,-34.687],[143.008,-34.689],[143.017,-34.673],[142.998,-34.672],[142.991,-34.668],[142.988,-34.664],[142.979,-34.67],[142.98,-34.676],[142.982,-34.685],[142.978,-34.693],[142.964,-34.678],[142.959,-34.665],[142.933,-34.656],[142.923,-34.648],[142.899,-34.663],[142.894,-34.672],[142.886,-34.678],[142.872,-34.668],[142.87,-34.657],[142.86,-34.64],[142.866,-34.63],[142.847,-34.621],[142.83,-34.61],[142.819,-34.602],[142.808,-34.61],[142.802,-34.591],[142.794,-34.581],[142.802,-34.566],[142.802,-34.553],[142.789,-34.554],[142.774,-34.567],[142.778,-34.574],[142.762,-34.579],[142.747,-34.58],[142.762,-34.589],[142.756,-34.601],[142.732,-34.6],[142.717,-34.599],[142.702,-34.607],[142.691,-34.619],[142.702,-34.623],[142.697,-34.642],[142.695,-34.659],[142.71,-34.666],[142.704,-34.679],[142.681,-34.672],[142.682,-34.689],[142.691,-34.704],[142.689,-34.718],[142.69,-34.726],[142.676,-34.728],[142.682,-34.738],[142.663,-34.722],[142.649,-34.73],[142.626,-34.73],[142.618,-34.741],[142.619,-34.752],[142.621,-34.758],[142.628,-34.76],[142.64,-34.758],[142.646,-34.766],[142.643,-34.777],[142.631,-34.785],[142.617,-34.786],[142.605,-34.78],[142.597,-34.774],[142.589,-34.771],[142.551,-34.769],[142.537,-34.761],[142.533,-34.754],[142.527,-34.76],[142.518,-34.756],[142.51,-34.751],[142.506,-34.741],[142.512,-34.718],[142.501,-34.698],[142.497,-34.677],[142.494,-34.671],[142.477,-34.673],[142.471,-34.664],[142.472,-34.65],[142.48,-34.64],[142.472,-34.64],[142.459,-34.635],[142.454,-34.63],[142.462,-34.622],[142.461,-34.615],[142.464,-34.61],[142.468,-34.602],[142.471,-34.593],[142.459,-34.589],[142.466,-34.583],[142.472,-34.574],[142.467,-34.563],[142.454,-34.557],[142.45,-34.566],[142.454,-34.576],[142.453,-34.584],[142.446,-34.577],[142.434,-34.576],[142.429,-34.571],[142.427,-34.563],[142.416,-34.568],[142.406,-34.565],[142.41,-34.556],[142.406,-34.547],[142.401,-34.546],[142.388,-34.548],[142.381,-34.543],[142.376,-34.537],[142.372,-34.535],[142.369,-34.527],[142.379,-34.525],[142.377,-34.518],[142.378,-34.511],[142.386,-34.501],[142.371,-34.5],[142.364,-34.501],[142.369,-34.482],[142.378,-34.467],[142.361,-34.459],[142.365,-34.434],[142.355,-34.417],[142.352,-34.395],[142.368,-34.371],[142.375,-34.359],[142.395,-34.344],[142.355,-34.332],[142.298,-34.326],[142.284,-34.311],[142.271,-34.302],[142.236,-34.307],[142.247,-34.281],[142.234,-34.257],[142.245,-34.24],[142.237,-34.222],[142.241,-34.208],[142.235,-34.208],[142.229,-34.206],[142.226,-34.192],[142.209,-34.183],[142.188,-34.179],[142.178,-34.184],[142.167,-34.172],[142.163,-34.161],[142.154,-34.15],[142.137,-34.16],[142.119,-34.162],[142.109,-34.176],[142.086,-34.174],[142.077,-34.157],[142.069,-34.143],[142.074,-34.13],[142.053,-34.126],[142.034,-34.111],[142.017,-34.118],[141.993,-34.121],[141.969,-34.127],[141.955,-34.13],[141.939,-34.134],[141.93,-34.126],[141.906,-34.113],[141.885,-34.118],[141.875,-34.136],[141.853,-34.131],[141.841,-34.132],[141.803,-34.116],[141.779,-34.117],[141.776,-34.102],[141.753,-34.11],[141.745,-34.103],[141.727,-34.1],[141.714,-34.113],[141.678,-34.101],[141.645,-34.119],[141.628,-34.145],[141.618,-34.146],[141.609,-34.152],[141.585,-34.151],[141.6,-34.157],[141.59,-34.179],[141.596,-34.192],[141.581,-34.198],[141.553,-34.199],[141.534,-34.2],[141.513,-34.217],[141.518,-34.201],[141.515,-34.184],[141.503,-34.165],[141.477,-34.162],[141.449,-34.162],[141.434,-34.147],[141.408,-34.147],[141.403,-34.127],[141.385,-34.125],[141.371,-34.124],[141.359,-34.111],[141.332,-34.132],[141.326,-34.126],[141.319,-34.116],[141.302,-34.114],[141.283,-34.103],[141.266,-34.088],[141.248,-34.087],[141.246,-34.071],[141.237,-34.067],[141.223,-34.063],[141.207,-34.061],[141.189,-34.081],[141.176,-34.083],[141.159,-34.085],[141.145,-34.069],[141.152,-34.057],[141.139,-34.063],[141.12,-34.065],[141.092,-34.052],[141.089,-34.077],[141.074,-34.064],[141.053,-34.057],[141.044,-34.044],[141.031,-34.048],[141.018,-34.054],[141.003,-34.035],[141.009,-34.024],[142.225,-33.12],[142.276,-33.117],[142.294,-33.115],[142.296,-33.103],[142.29,-33.089],[142.309,-33.069],[142.32,-33.049],[142.347,-33.037],[142.365,-33.029],[142.378,-33.009],[142.373,-32.995],[142.376,-32.974],[143.423,-32.867]]]]}},{"type":"Feature","properties":{"state":"New South Wales","state_code":"1","region_code":120,"region":"Riverina"},"geometry":{"type":"MultiPolygon","coordinates":[[[[145.344,-32.682],[146.094,-33.278],[146.09,-33.288],[146.083,-33.297],[146.084,-33.306],[146.09,-33.317],[146.083,-33.334],[146.076,-33.342],[146.068,-33.356],[146.168,-33.667],[146.463,-34.107],[146.725,-34.26],[146.994,-34.304],[147.269,-34.235],[147.418,-34.205],[147.537,-34.113],[147.673,-34.141],[147.696,-34.149],[147.71,-34.159],[147.712,-34.176],[147.727,-34.185],[147.743,-34.18],[147.754,-34.19],[147.761,-34.204],[147.781,-34.214],[147.787,-34.248],[147.789,-34.257],[147.796,-34.262],[147.798,-34.271],[147.794,-34.286],[147.805,-34.299],[147.817,-34.316],[147.824,-34.336],[148.102,-34.459],[148.222,-34.532],[148.221,-34.56],[148.202,-34.615],[148.225,-34.736],[148.269,-34.743],[148.26,-34.766],[148.274,-34.795],[148.298,-34.839],[148.314,-34.864],[148.388,-34.889],[148.504,-34.903],[148.547,-34.908],[148.54,-34.96],[148.553,-34.989],[148.568,-35.004],[148.567,-35.072],[148.525,-35.124],[148.515,-35.086],[148.412,-35.156],[148.253,-35.119],[148.205,-35.122],[148.211,-35.141],[148.217,-35.156],[148.216,-35.167],[148.198,-35.174],[148.184,-35.189],[148.038,-35.194],[147.914,-35.232],[147.898,-35.241],[147.898,-35.245],[147.845,-35.302],[147.898,-35.388],[147.912,-35.556],[147.755,-35.536],[147.675,-35.552],[147.655,-35.54],[147.568,-35.513],[147.558,-35.507],[147.528,-35.487],[147.438,-35.537],[147.429,-35.538],[147.415,-35.535],[147.403,-35.547],[147.385,-35.559],[147.384,-35.552],[147.384,-35.545],[147.388,-35.538],[147.388,-35.533],[147.38,-35.53],[147.333,-35.509],[147.327,-35.504],[147.318,-35.502],[147.307,-35.499],[147.295,-35.501],[147.283,-35.499],[147.274,-35.492],[147.264,-35.489],[147.238,-35.471],[147.23,-35.472],[147.221,-35.471],[147.213,-35.472],[147.11,-35.456],[146.956,-35.525],[146.67,-35.52],[146.404,-35.44],[146.354,-35.388],[146.414,-35.215],[146.157,-35.157],[146.127,-35.16],[146.114,-35.17],[146.095,-35.177],[146.075,-35.181],[146.058,-35.184],[146.047,-35.194],[146.009,-35.141],[146.018,-35.124],[145.755,-34.923],[145.011,-34.85],[144.274,-34.777],[143.952,-34.358],[144.036,-34.275],[144.045,-34.273],[144.054,-34.275],[144.064,-34.273],[144.07,-34.263],[144.07,-34.252],[144.071,-34.247],[144.076,-34.24],[144.076,-34.232],[144.077,-34.222],[144.081,-34.217],[144.089,-34.214],[144.097,-34.215],[144.104,-34.211],[144.109,-34.199],[144.119,-34.189],[144.128,-34.197],[144.134,-34.2],[144.146,-34.205],[144.155,-34.209],[144.158,-34.216],[144.161,-34.223],[144.171,-34.228],[144.177,-34.233],[144.185,-34.239],[144.195,-34.246],[144.203,-34.248],[144.215,-34.252],[144.222,-34.25],[144.226,-34.247],[144.23,-34.244],[144.236,-34.241],[144.238,-34.233],[144.255,-34.233],[144.264,-34.235],[144.272,-34.241],[144.283,-34.239],[144.286,-34.234],[144.295,-34.24],[144.302,-34.243],[144.312,-34.242],[144.323,-34.24],[144.337,-34.244],[144.346,-34.243],[144.352,-34.239],[144.367,-34.239],[144.374,-34.239],[144.374,-34.23],[144.387,-34.228],[144.393,-34.22],[144.407,-34.223],[144.415,-34.222],[144.425,-34.228],[144.433,-34.219],[144.446,-34.218],[144.458,-34.224],[144.464,-34.219],[144.475,-34.22],[144.486,-34.214],[144.494,-34.212],[144.501,-34.209],[144.508,-34.203],[144.517,-34.192],[144.525,-34.182],[144.534,-34.184],[144.54,-34.177],[144.548,-34.176],[144.55,-34.169],[144.551,-34.162],[144.549,-34.156],[144.554,-34.15],[144.557,-34.143],[144.56,-34.13],[144.57,-34.132],[144.576,-34.133],[144.585,-34.13],[144.587,-34.123],[144.592,-34.119],[144.602,-34.117],[144.606,-34.111],[144.611,-34.103],[144.622,-34.097],[144.629,-34.089],[144.638,-34.086],[144.648,-34.082],[144.655,-34.083],[144.663,-34.084],[144.672,-34.084],[144.674,-34.077],[144.681,-34.075],[144.689,-34.067],[144.683,-34.057],[144.687,-34.051],[144.395,-33.363],[144.749,-33.166],[144.761,-33.161],[144.981,-33.073],[145.344,-32.682]]]]}},{"type":"Feature","properties":{"state":"New South Wales","state_code":"1","region_code":116,"region":"New England North West"},"geometry":{"type":"MultiPolygon","coordinates":[[[[152.514,-28.252],[152.531,-28.263],[152.535,-28.269],[152.531,-28.283],[152.527,-28.3],[152.535,-28.31],[152.546,-28.32],[152.555,-28.317],[152.565,-28.323],[152.574,-28.333],[152.583,-28.335],[152.589,-28.326],[152.598,-28.315],[152.622,-28.328],[152.627,-28.326],[152.629,-28.332],[152.63,-28.337],[152.63,-28.339],[152.63,-28.341],[152.627,-28.345],[152.628,-28.348],[152.623,-28.348],[152.618,-28.351],[152.616,-28.356],[152.615,-28.364],[152.611,-28.371],[152.61,-28.375],[152.607,-28.378],[152.601,-28.38],[152.605,-28.386],[152.605,-28.392],[152.599,-28.394],[152.599,-28.399],[152.593,-28.403],[152.594,-28.41],[152.584,-28.417],[152.58,-28.419],[152.58,-28.424],[152.58,-28.435],[152.577,-28.438],[152.572,-28.437],[152.566,-28.44],[152.564,-28.447],[152.561,-28.457],[152.56,-28.468],[152.556,-28.468],[152.551,-28.467],[152.55,-28.472],[152.553,-28.476],[152.551,-28.479],[152.543,-28.479],[152.544,-28.481],[152.54,-28.483],[152.528,-28.496],[152.537,-28.502],[152.529,-28.512],[152.521,-28.51],[152.512,-28.513],[152.502,-28.513],[152.5,-28.523],[152.497,-28.528],[152.483,-28.53],[152.468,-28.524],[152.458,-28.529],[152.446,-28.539],[152.454,-28.564],[152.447,-28.577],[152.44,-28.596],[152.429,-28.604],[152.42,-28.621],[152.414,-28.632],[152.403,-28.653],[152.389,-28.681],[152.376,-28.694],[152.398,-28.707],[152.411,-28.724],[152.436,-28.726],[152.47,-28.733],[152.48,-28.742],[152.49,-28.75],[152.491,-28.766],[152.496,-28.785],[152.514,-28.79],[152.535,-28.781],[152.538,-28.811],[152.556,-28.826],[152.56,-28.858],[152.562,-28.89],[152.56,-28.911],[152.574,-28.931],[152.547,-28.944],[152.551,-28.989],[152.53,-28.988],[152.467,-28.974],[152.475,-28.992],[152.462,-29.012],[152.431,-29.032],[152.435,-29.145],[152.416,-29.156],[152.417,-29.172],[152.422,-29.182],[152.411,-29.199],[152.405,-29.211],[152.411,-29.224],[152.407,-29.233],[152.39,-29.24],[152.375,-29.244],[152.359,-29.25],[152.347,-29.253],[152.335,-29.264],[152.321,-29.273],[152.313,-29.282],[152.303,-29.318],[152.322,-29.326],[152.335,-29.333],[152.452,-29.36],[152.444,-29.371],[152.439,-29.377],[152.436,-29.381],[152.434,-29.39],[152.43,-29.393],[152.423,-29.395],[152.417,-29.398],[152.409,-29.398],[152.41,-29.508],[152.4,-29.52],[152.387,-29.525],[152.378,-29.531],[152.365,-29.538],[152.331,-29.645],[152.311,-29.665],[152.289,-29.676],[152.271,-29.686],[152.263,-29.696],[152.266,-29.703],[152.264,-29.71],[152.265,-29.723],[152.256,-29.736],[152.264,-29.75],[152.255,-29.757],[152.245,-29.756],[152.228,-29.756],[152.217,-29.761],[152.207,-29.776],[152.202,-29.784],[152.192,-29.788],[152.19,-29.797],[152.189,-29.799],[152.193,-29.806],[152.179,-29.809],[152.177,-29.817],[152.175,-29.822],[152.178,-29.827],[152.176,-29.836],[152.172,-29.842],[152.177,-29.849],[152.173,-29.85],[152.169,-29.86],[152.177,-29.872],[152.191,-29.876],[152.198,-29.876],[152.198,-29.872],[152.207,-29.867],[152.213,-29.869],[152.22,-29.871],[152.224,-29.87],[152.229,-29.866],[152.238,-29.865],[152.246,-29.864],[152.253,-29.864],[152.261,-29.855],[152.27,-29.849],[152.275,-29.848],[152.282,-29.856],[152.277,-29.865],[152.287,-29.876],[152.285,-29.886],[152.282,-29.902],[152.278,-29.912],[152.273,-29.916],[152.268,-29.923],[152.274,-29.927],[152.283,-29.925],[152.27,-29.932],[152.273,-29.95],[152.285,-29.964],[152.288,-29.973],[152.304,-29.979],[152.301,-29.985],[152.308,-29.992],[152.317,-30.002],[152.313,-30.015],[152.314,-30.025],[152.315,-30.033],[152.307,-30.036],[152.296,-30.039],[152.296,-30.045],[152.296,-30.049],[152.297,-30.053],[152.296,-30.059],[152.295,-30.066],[152.298,-30.072],[152.294,-30.073],[152.293,-30.08],[152.292,-30.085],[152.28,-30.088],[152.282,-30.096],[152.284,-30.102],[152.287,-30.108],[152.292,-30.115],[152.298,-30.116],[152.3,-30.123],[152.302,-30.133],[152.297,-30.137],[152.305,-30.141],[152.298,-30.148],[152.306,-30.145],[152.306,-30.155],[152.308,-30.159],[152.316,-30.163],[152.309,-30.162],[152.31,-30.169],[152.304,-30.177],[152.31,-30.181],[152.317,-30.182],[152.315,-30.187],[152.313,-30.191],[152.311,-30.197],[152.314,-30.201],[152.315,-30.207],[152.319,-30.209],[152.324,-30.211],[152.326,-30.217],[152.333,-30.22],[152.337,-30.218],[152.342,-30.227],[152.345,-30.23],[152.35,-30.236],[152.347,-30.241],[152.344,-30.245],[152.341,-30.247],[152.34,-30.25],[152.338,-30.252],[152.34,-30.256],[152.338,-30.258],[152.339,-30.264],[152.34,-30.267],[152.342,-30.271],[152.341,-30.273],[152.342,-30.276],[152.339,-30.28],[152.341,-30.283],[152.342,-30.287],[152.345,-30.29],[152.348,-30.291],[152.39,-30.375],[152.415,-30.406],[152.416,-30.407],[152.418,-30.409],[152.425,-30.424],[152.418,-30.432],[152.406,-30.435],[152.407,-30.492],[152.388,-30.526],[152.376,-30.54],[152.363,-30.55],[152.354,-30.556],[152.345,-30.565],[152.33,-30.58],[152.299,-30.593],[152.266,-30.598],[152.261,-30.603],[152.255,-30.609],[152.247,-30.611],[152.243,-30.613],[152.24,-30.615],[152.244,-30.616],[152.243,-30.618],[152.244,-30.62],[152.245,-30.623],[152.242,-30.624],[152.239,-30.625],[152.235,-30.631],[152.231,-30.629],[152.232,-30.634],[152.226,-30.634],[152.226,-30.638],[152.228,-30.643],[152.224,-30.642],[152.225,-30.646],[152.225,-30.65],[152.228,-30.655],[152.226,-30.659],[152.222,-30.663],[152.228,-30.664],[152.225,-30.668],[152.221,-30.671],[152.219,-30.674],[152.219,-30.678],[152.224,-30.682],[152.217,-30.681],[152.216,-30.687],[152.219,-30.688],[152.22,-30.691],[152.215,-30.693],[152.212,-30.699],[152.21,-30.703],[152.204,-30.711],[152.199,-30.712],[152.195,-30.716],[152.193,-30.719],[152.194,-30.727],[152.191,-30.729],[152.191,-30.732],[152.191,-30.741],[152.189,-30.743],[152.187,-30.75],[152.184,-30.772],[152.164,-30.787],[152.152,-30.805],[152.146,-30.813],[152.141,-30.84],[152.15,-30.863],[152.157,-30.882],[152.166,-30.898],[152.176,-30.911],[152.192,-30.918],[152.284,-30.949],[152.279,-30.989],[152.326,-31.03],[152.337,-31.071],[152.344,-31.116],[152.254,-31.204],[152.229,-31.206],[152.179,-31.2],[152.151,-31.19],[152.15,-31.224],[152.156,-31.258],[152.133,-31.279],[152.087,-31.393],[152.067,-31.402],[152.07,-31.441],[152.087,-31.453],[152.08,-31.47],[152.082,-31.486],[151.976,-31.486],[151.914,-31.482],[151.91,-31.488],[151.915,-31.494],[151.911,-31.501],[151.918,-31.506],[151.792,-31.512],[151.756,-31.622],[151.729,-31.628],[151.72,-31.627],[151.713,-31.62],[151.708,-31.623],[151.701,-31.62],[151.696,-31.622],[151.69,-31.621],[151.69,-31.616],[151.688,-31.613],[151.683,-31.609],[151.675,-31.613],[151.667,-31.611],[151.661,-31.612],[151.657,-31.611],[151.656,-31.608],[151.654,-31.603],[151.649,-31.605],[151.643,-31.606],[151.643,-31.609],[151.64,-31.611],[151.636,-31.613],[151.632,-31.613],[151.629,-31.612],[151.627,-31.608],[151.621,-31.608],[151.618,-31.608],[151.615,-31.607],[151.61,-31.608],[151.609,-31.603],[151.605,-31.599],[151.602,-31.598],[151.599,-31.597],[151.596,-31.6],[151.592,-31.601],[151.586,-31.602],[151.583,-31.604],[151.58,-31.603],[151.576,-31.604],[151.57,-31.608],[151.566,-31.608],[151.563,-31.606],[151.56,-31.605],[151.558,-31.603],[151.555,-31.601],[151.553,-31.6],[151.552,-31.604],[151.547,-31.602],[151.538,-31.599],[151.536,-31.598],[151.534,-31.595],[151.531,-31.593],[151.528,-31.593],[151.524,-31.591],[151.521,-31.589],[151.517,-31.587],[151.513,-31.586],[151.512,-31.585],[151.512,-31.58],[151.509,-31.579],[151.505,-31.578],[151.503,-31.576],[151.498,-31.575],[151.495,-31.572],[151.489,-31.573],[151.486,-31.567],[151.481,-31.566],[151.453,-31.609],[151.447,-31.601],[151.437,-31.595],[151.437,-31.587],[151.438,-31.579],[151.435,-31.575],[151.433,-31.567],[151.428,-31.562],[151.425,-31.567],[151.419,-31.567],[151.415,-31.564],[151.409,-31.563],[151.405,-31.565],[151.4,-31.559],[151.395,-31.56],[151.389,-31.56],[151.389,-31.556],[151.386,-31.555],[151.378,-31.561],[151.367,-31.56],[151.357,-31.561],[151.352,-31.564],[151.346,-31.56],[151.337,-31.558],[151.337,-31.563],[151.329,-31.563],[151.328,-31.566],[151.323,-31.569],[151.327,-31.573],[151.321,-31.576],[151.318,-31.58],[151.312,-31.579],[151.308,-31.579],[151.308,-31.582],[151.305,-31.588],[151.301,-31.587],[151.296,-31.585],[151.29,-31.596],[151.285,-31.601],[151.279,-31.604],[151.274,-31.609],[151.268,-31.613],[151.263,-31.618],[151.182,-31.632],[151.078,-31.608],[150.999,-31.603],[150.897,-31.663],[150.794,-31.741],[150.73,-31.821],[150.679,-31.842],[150.611,-31.848],[150.525,-31.844],[150.415,-31.838],[150.323,-31.829],[150.227,-31.826],[150.125,-31.754],[150.034,-31.693],[149.992,-31.718],[149.914,-31.707],[149.857,-31.618],[149.898,-31.616],[149.897,-31.603],[149.894,-31.591],[149.902,-31.584],[149.908,-31.577],[149.913,-31.573],[149.913,-31.565],[149.913,-31.558],[149.904,-31.546],[149.89,-31.535],[149.912,-31.445],[149.908,-31.436],[149.906,-31.429],[149.897,-31.42],[149.893,-31.406],[149.889,-31.4],[149.887,-31.392],[149.882,-31.384],[149.884,-31.375],[149.885,-31.371],[149.878,-31.375],[149.815,-31.375],[149.881,-31.201],[149.876,-31.195],[149.88,-31.193],[149.882,-31.189],[149.884,-31.186],[149.888,-31.179],[149.888,-31.173],[149.893,-31.165],[149.889,-31.158],[149.893,-31.153],[149.894,-31.146],[149.891,-31.141],[149.892,-31.135],[149.889,-31.128],[149.894,-31.122],[149.889,-31.119],[149.892,-31.113],[149.891,-31.107],[149.899,-31.1],[149.905,-31.097],[149.755,-30.932],[149.519,-30.863],[149.111,-30.752],[148.854,-30.517],[148.888,-30.326],[148.892,-30.33],[148.894,-30.332],[148.893,-30.334],[148.896,-30.335],[148.903,-30.335],[148.908,-30.334],[148.91,-30.337],[148.912,-30.34],[148.917,-30.34],[148.918,-30.339],[148.975,-30.156],[149.089,-29.712],[148.898,-29.478],[148.894,-29.477],[148.891,-29.478],[148.89,-29.481],[148.886,-29.48],[148.882,-29.483],[148.875,-29.485],[148.872,-29.487],[148.868,-29.487],[148.87,-29.493],[148.865,-29.492],[148.86,-29.493],[148.852,-29.494],[148.85,-29.492],[148.845,-29.497],[148.84,-29.498],[148.833,-29.494],[148.829,-29.492],[148.823,-29.494],[148.814,-29.491],[148.81,-29.495],[148.807,-29.497],[148.805,-29.499],[148.801,-29.503],[148.796,-29.502],[148.792,-29.505],[148.788,-29.503],[148.784,-29.504],[148.778,-29.505],[148.769,-29.503],[148.762,-29.5],[148.758,-29.506],[148.755,-29.506],[148.749,-29.508],[148.742,-29.506],[148.736,-29.506],[148.731,-29.507],[148.729,-29.513],[148.723,-29.513],[148.718,-29.51],[148.715,-29.511],[148.707,-29.516],[148.703,-29.516],[148.696,-29.512],[148.689,-29.51],[148.69,-29.508],[148.682,-29.51],[148.679,-29.505],[148.685,-29.499],[148.682,-29.496],[148.686,-29.489],[148.68,-29.474],[148.684,-29.463],[148.69,-29.455],[148.691,-29.451],[148.693,-29.447],[148.697,-29.439],[148.7,-29.433],[148.711,-29.425],[148.715,-29.417],[148.708,-29.414],[148.714,-29.41],[148.708,-29.398],[148.7,-29.388],[148.694,-29.389],[148.684,-29.389],[148.691,-29.378],[148.695,-29.376],[148.694,-29.367],[148.703,-29.36],[148.691,-29.352],[148.698,-29.344],[148.698,-29.326],[148.709,-29.325],[148.712,-29.322],[148.718,-29.316],[148.719,-29.311],[148.72,-29.308],[148.717,-29.298],[148.721,-29.295],[148.728,-29.3],[148.724,-29.292],[148.721,-29.282],[148.73,-29.276],[148.733,-29.268],[148.737,-29.267],[148.738,-29.263],[148.735,-29.258],[148.737,-29.253],[148.738,-29.248],[148.742,-29.247],[148.747,-29.238],[148.75,-29.235],[148.752,-29.231],[148.753,-29.224],[148.756,-29.221],[148.762,-29.213],[148.764,-29.209],[148.764,-29.203],[148.763,-29.198],[148.769,-29.192],[148.776,-29.19],[148.781,-29.187],[148.787,-29.186],[148.792,-29.184],[148.797,-29.184],[148.799,-29.188],[148.806,-29.183],[148.804,-29.179],[148.804,-29.177],[148.808,-29.172],[148.805,-29.168],[148.798,-29.165],[148.802,-29.157],[148.799,-29.152],[148.799,-29.145],[148.797,-29.139],[148.804,-29.137],[148.803,-29.132],[148.802,-29.126],[148.806,-29.121],[148.808,-29.118],[148.807,-29.111],[148.807,-29.105],[148.807,-29.097],[148.812,-29.092],[148.816,-29.091],[148.813,-29.084],[148.817,-29.078],[148.822,-29.074],[148.826,-29.067],[148.833,-29.066],[148.84,-29.07],[148.845,-29.065],[148.85,-29.061],[148.852,-29.055],[148.854,-29.05],[148.86,-29.047],[148.864,-29.043],[148.875,-29.042],[148.879,-29.04],[148.882,-29.032],[148.888,-29.035],[148.892,-29.032],[148.895,-29.027],[148.896,-29.023],[148.903,-29.024],[148.907,-29.022],[148.913,-29.022],[148.919,-29.021],[148.926,-29.026],[148.932,-29.025],[148.939,-29.024],[148.946,-29.016],[148.951,-29.01],[148.957,-29.008],[148.958,-28.999],[148.966,-28.993],[148.968,-28.989],[148.971,-28.986],[148.976,-28.978],[148.98,-28.976],[148.99,-28.974],[149.005,-28.966],[149.012,-28.959],[149.013,-28.956],[149.02,-28.959],[149.03,-28.956],[149.034,-28.952],[149.036,-28.945],[149.04,-28.939],[149.045,-28.935],[149.043,-28.927],[149.047,-28.92],[149.053,-28.915],[149.057,-28.906],[149.06,-28.895],[149.064,-28.89],[149.056,-28.887],[149.062,-28.879],[149.07,-28.872],[149.074,-28.861],[149.08,-28.856],[149.081,-28.842],[149.087,-28.839],[149.095,-28.834],[149.099,-28.834],[149.103,-28.838],[149.111,-28.833],[149.112,-28.831],[149.118,-28.83],[149.12,-28.833],[149.123,-28.835],[149.128,-28.832],[149.131,-28.829],[149.137,-28.828],[149.143,-28.823],[149.143,-28.821],[149.143,-28.817],[149.141,-28.815],[149.138,-28.812],[149.14,-28.807],[149.143,-28.808],[149.147,-28.808],[149.149,-28.809],[149.157,-28.809],[149.161,-28.807],[149.165,-28.808],[149.17,-28.808],[149.176,-28.803],[149.18,-28.799],[149.185,-28.794],[149.187,-28.787],[149.189,-28.782],[149.19,-28.778],[149.194,-28.772],[149.2,-28.77],[149.208,-28.769],[149.21,-28.768],[149.214,-28.765],[149.22,-28.764],[149.225,-28.764],[149.227,-28.761],[149.229,-28.759],[149.231,-28.756],[149.231,-28.751],[149.235,-28.75],[149.239,-28.748],[149.241,-28.746],[149.247,-28.739],[149.251,-28.74],[149.256,-28.739],[149.261,-28.735],[149.264,-28.737],[149.266,-28.742],[149.274,-28.738],[149.275,-28.734],[149.28,-28.731],[149.283,-28.729],[149.287,-28.723],[149.291,-28.717],[149.298,-28.71],[149.307,-28.711],[149.312,-28.711],[149.317,-28.712],[149.322,-28.709],[149.325,-28.707],[149.332,-28.701],[149.34,-28.695],[149.346,-28.695],[149.352,-28.691],[149.359,-28.684],[149.368,-28.692],[149.375,-28.691],[149.381,-28.691],[149.387,-28.696],[149.393,-28.682],[149.399,-28.675],[149.404,-28.674],[149.414,-28.665],[149.412,-28.663],[149.417,-28.657],[149.42,-28.654],[149.424,-28.65],[149.428,-28.644],[149.43,-28.637],[149.432,-28.634],[149.43,-28.627],[149.435,-28.625],[149.443,-28.62],[149.44,-28.614],[149.444,-28.607],[149.452,-28.6],[149.456,-28.596],[149.461,-28.592],[149.468,-28.596],[149.471,-28.594],[149.477,-28.591],[149.482,-28.588],[149.485,-28.583],[149.492,-28.581],[149.498,-28.579],[149.503,-28.58],[149.502,-28.577],[149.505,-28.576],[149.51,-28.577],[149.513,-28.577],[149.513,-28.581],[149.516,-28.579],[149.526,-28.578],[149.536,-28.574],[149.546,-28.576],[149.558,-28.579],[149.567,-28.573],[149.578,-28.573],[149.595,-28.577],[149.598,-28.588],[149.604,-28.59],[149.611,-28.598],[149.621,-28.596],[149.632,-28.597],[149.641,-28.599],[149.648,-28.611],[149.659,-28.61],[149.666,-28.618],[149.673,-28.625],[149.669,-28.633],[149.675,-28.632],[149.684,-28.632],[149.691,-28.634],[149.701,-28.632],[149.705,-28.625],[149.704,-28.62],[149.713,-28.612],[149.721,-28.611],[149.726,-28.614],[149.737,-28.616],[149.745,-28.618],[149.752,-28.612],[149.764,-28.614],[149.772,-28.612],[149.782,-28.612],[149.795,-28.61],[149.812,-28.606],[149.822,-28.609],[149.841,-28.605],[149.856,-28.605],[149.867,-28.606],[149.878,-28.609],[149.887,-28.614],[149.895,-28.617],[149.904,-28.615],[149.918,-28.608],[149.93,-28.612],[149.943,-28.615],[149.959,-28.61],[149.97,-28.609],[149.986,-28.605],[149.999,-28.592],[150.013,-28.583],[150.034,-28.584],[150.056,-28.585],[150.075,-28.581],[150.091,-28.576],[150.108,-28.569],[150.131,-28.563],[150.145,-28.558],[150.168,-28.551],[150.178,-28.564],[150.206,-28.573],[150.238,-28.56],[150.286,-28.539],[150.329,-28.572],[150.359,-28.59],[150.363,-28.596],[150.367,-28.598],[150.369,-28.599],[150.368,-28.603],[150.365,-28.606],[150.364,-28.609],[150.368,-28.61],[150.37,-28.613],[150.369,-28.617],[150.37,-28.621],[150.406,-28.632],[150.438,-28.662],[150.493,-28.659],[150.535,-28.663],[150.526,-28.666],[150.585,-28.657],[150.627,-28.673],[150.69,-28.656],[150.757,-28.639],[150.817,-28.662],[150.855,-28.682],[150.906,-28.688],[150.95,-28.735],[151.009,-28.74],[151.025,-28.753],[151.019,-28.772],[151.025,-28.793],[151.042,-28.805],[151.038,-28.828],[151.039,-28.838],[151.053,-28.846],[151.074,-28.84],[151.102,-28.836],[151.115,-28.849],[151.134,-28.861],[151.162,-28.866],[151.191,-28.881],[151.207,-28.898],[151.229,-28.909],[151.241,-28.916],[151.263,-28.933],[151.281,-28.947],[151.274,-28.969],[151.28,-28.984],[151.284,-29.006],[151.271,-29.03],[151.286,-29.044],[151.28,-29.071],[151.278,-29.096],[151.3,-29.114],[151.316,-29.135],[151.314,-29.165],[151.349,-29.177],[151.378,-29.177],[151.404,-29.165],[151.423,-29.149],[151.453,-29.126],[151.466,-29.097],[151.488,-29.085],[151.502,-29.071],[151.492,-29.055],[151.497,-29.04],[151.498,-29.023],[151.503,-29.014],[151.525,-28.989],[151.544,-28.957],[151.615,-28.925],[151.732,-28.881],[151.81,-28.95],[151.925,-28.927],[152.019,-28.892],[152.03,-28.83],[152.07,-28.716],[151.99,-28.605],[151.953,-28.54],[151.995,-28.527],[152.07,-28.468],[152.186,-28.438],[152.29,-28.388],[152.365,-28.366],[152.396,-28.355],[152.403,-28.346],[152.413,-28.338],[152.415,-28.325],[152.411,-28.314],[152.413,-28.303],[152.42,-28.299],[152.437,-28.299],[152.443,-28.291],[152.45,-28.28],[152.462,-28.27],[152.469,-28.258],[152.488,-28.254],[152.502,-28.252],[152.514,-28.252]]]]}},{"type":"Feature","properties":{"state":"New South Wales","state_code":"1","region_code":110,"region":"Sydney"},"geometry":{"type":"MultiPolygon","coordinates":[[[[151.293,-33.636],[151.295,-33.639],[151.296,-33.641],[151.294,-33.644],[151.291,-33.643],[151.287,-33.642],[151.286,-33.639],[151.289,-33.636],[151.292,-33.636],[151.293,-33.636]]],[[[151.242,-33.537],[151.243,-33.539],[151.239,-33.54],[151.235,-33.542],[151.238,-33.537],[151.242,-33.537]]],[[[151.18,-33.51],[151.179,-33.514],[151.177,-33.507],[151.18,-33.51]]],[[[150.698,-32.999],[150.703,-33.008],[150.709,-33.011],[150.717,-33.012],[150.73,-33.017],[150.737,-33.018],[150.745,-33.021],[150.752,-33.018],[150.805,-33.009],[150.814,-33.015],[150.82,-33.017],[150.819,-33.024],[150.83,-33.03],[150.836,-33.031],[150.847,-33.035],[150.855,-33.033],[150.858,-33.04],[150.851,-33.043],[150.857,-33.05],[150.851,-33.053],[150.854,-33.06],[150.852,-33.065],[150.849,-33.074],[150.851,-33.086],[150.848,-33.094],[150.854,-33.094],[150.867,-33.103],[150.872,-33.109],[150.922,-33.112],[150.978,-33.127],[150.993,-33.123],[150.999,-33.124],[151.007,-33.124],[151.014,-33.122],[151.021,-33.123],[151.029,-33.124],[151.037,-33.123],[151.036,-33.117],[151.039,-33.11],[151.039,-33.102],[151.04,-33.096],[151.044,-33.09],[151.05,-33.084],[151.081,-33.076],[151.092,-33.077],[151.133,-33.102],[151.102,-33.135],[151.106,-33.151],[151.103,-33.159],[151.101,-33.166],[151.101,-33.173],[151.104,-33.181],[151.099,-33.187],[151.097,-33.193],[151.1,-33.196],[151.099,-33.201],[151.099,-33.211],[151.099,-33.219],[151.102,-33.223],[151.107,-33.23],[151.103,-33.239],[151.101,-33.249],[151.097,-33.26],[151.092,-33.266],[151.091,-33.276],[151.094,-33.286],[151.095,-33.297],[151.094,-33.308],[151.087,-33.318],[151.079,-33.335],[151.066,-33.338],[151.052,-33.341],[151.041,-33.345],[151.031,-33.351],[151.015,-33.353],[151.003,-33.351],[150.993,-33.364],[150.986,-33.369],[150.992,-33.383],[150.995,-33.399],[151.008,-33.401],[151.019,-33.4],[151.029,-33.403],[151.034,-33.411],[151.031,-33.42],[151.034,-33.429],[151.046,-33.431],[151.049,-33.439],[151.06,-33.442],[151.064,-33.448],[151.066,-33.458],[151.078,-33.456],[151.083,-33.466],[151.097,-33.483],[151.114,-33.472],[151.124,-33.467],[151.14,-33.475],[151.153,-33.474],[151.139,-33.491],[151.144,-33.496],[151.154,-33.502],[151.153,-33.515],[151.153,-33.522],[151.151,-33.521],[151.143,-33.524],[151.129,-33.514],[151.121,-33.511],[151.121,-33.505],[151.117,-33.511],[151.125,-33.521],[151.128,-33.527],[151.136,-33.522],[151.143,-33.531],[151.141,-33.536],[151.131,-33.54],[151.122,-33.541],[151.118,-33.546],[151.125,-33.543],[151.134,-33.545],[151.134,-33.548],[151.136,-33.55],[151.141,-33.547],[151.146,-33.543],[151.148,-33.558],[151.148,-33.566],[151.143,-33.565],[151.141,-33.566],[151.13,-33.573],[151.131,-33.578],[151.124,-33.583],[151.113,-33.586],[151.103,-33.588],[151.115,-33.587],[151.118,-33.593],[151.122,-33.596],[151.122,-33.6],[151.12,-33.592],[151.126,-33.585],[151.142,-33.584],[151.144,-33.584],[151.139,-33.582],[151.137,-33.579],[151.135,-33.571],[151.141,-33.572],[151.149,-33.569],[151.156,-33.573],[151.162,-33.575],[151.155,-33.57],[151.156,-33.565],[151.156,-33.56],[151.151,-33.554],[151.165,-33.555],[151.168,-33.557],[151.164,-33.551],[151.155,-33.544],[151.149,-33.539],[151.155,-33.534],[151.16,-33.534],[151.168,-33.539],[151.165,-33.534],[151.168,-33.528],[151.175,-33.514],[151.182,-33.528],[151.191,-33.539],[151.199,-33.548],[151.201,-33.549],[151.203,-33.549],[151.217,-33.546],[151.222,-33.547],[151.226,-33.547],[151.227,-33.542],[151.209,-33.545],[151.207,-33.542],[151.218,-33.542],[151.227,-33.538],[151.23,-33.538],[151.23,-33.541],[151.23,-33.546],[151.23,-33.549],[151.23,-33.551],[151.229,-33.554],[151.224,-33.556],[151.226,-33.559],[151.223,-33.562],[151.219,-33.566],[151.222,-33.569],[151.219,-33.569],[151.216,-33.568],[151.213,-33.567],[151.213,-33.572],[151.22,-33.573],[151.223,-33.575],[151.227,-33.566],[151.232,-33.562],[151.235,-33.566],[151.24,-33.569],[151.24,-33.571],[151.242,-33.573],[151.243,-33.574],[151.245,-33.577],[151.245,-33.58],[151.242,-33.585],[151.237,-33.588],[151.233,-33.591],[151.228,-33.593],[151.224,-33.593],[151.22,-33.593],[151.212,-33.59],[151.201,-33.59],[151.192,-33.59],[151.19,-33.593],[151.198,-33.592],[151.202,-33.596],[151.209,-33.594],[151.214,-33.597],[151.209,-33.599],[151.213,-33.602],[151.213,-33.607],[151.207,-33.61],[151.202,-33.612],[151.196,-33.613],[151.196,-33.616],[151.189,-33.618],[151.179,-33.622],[151.176,-33.622],[151.17,-33.625],[151.164,-33.626],[151.17,-33.628],[151.167,-33.633],[151.162,-33.636],[151.16,-33.641],[151.162,-33.644],[151.162,-33.647],[151.154,-33.652],[151.156,-33.652],[151.16,-33.656],[151.164,-33.657],[151.161,-33.65],[151.165,-33.649],[151.165,-33.641],[151.171,-33.64],[151.17,-33.636],[151.173,-33.629],[151.177,-33.627],[151.182,-33.628],[151.185,-33.623],[151.197,-33.621],[151.201,-33.618],[151.205,-33.616],[151.216,-33.612],[151.221,-33.611],[151.227,-33.617],[151.222,-33.607],[151.222,-33.601],[151.227,-33.599],[151.232,-33.604],[151.238,-33.601],[151.243,-33.598],[151.246,-33.599],[151.25,-33.603],[151.253,-33.6],[151.261,-33.597],[151.253,-33.594],[151.249,-33.59],[151.253,-33.589],[151.261,-33.59],[151.267,-33.587],[151.271,-33.588],[151.272,-33.586],[151.283,-33.574],[151.286,-33.573],[151.29,-33.573],[151.295,-33.573],[151.299,-33.573],[151.305,-33.575],[151.309,-33.577],[151.309,-33.581],[151.307,-33.584],[151.306,-33.587],[151.302,-33.588],[151.303,-33.595],[151.3,-33.596],[151.296,-33.601],[151.293,-33.605],[151.302,-33.603],[151.304,-33.606],[151.302,-33.61],[151.303,-33.613],[151.3,-33.616],[151.299,-33.621],[151.294,-33.623],[151.288,-33.622],[151.283,-33.624],[151.285,-33.625],[151.288,-33.627],[151.29,-33.629],[151.288,-33.63],[151.284,-33.63],[151.282,-33.632],[151.28,-33.633],[151.276,-33.633],[151.271,-33.632],[151.274,-33.635],[151.277,-33.636],[151.279,-33.637],[151.282,-33.637],[151.28,-33.638],[151.277,-33.638],[151.279,-33.64],[151.28,-33.642],[151.276,-33.645],[151.275,-33.647],[151.274,-33.651],[151.274,-33.654],[151.271,-33.656],[151.273,-33.657],[151.273,-33.658],[151.274,-33.657],[151.275,-33.655],[151.276,-33.654],[151.277,-33.652],[151.28,-33.653],[151.278,-33.651],[151.28,-33.646],[151.284,-33.645],[151.286,-33.646],[151.288,-33.651],[151.291,-33.654],[151.294,-33.655],[151.296,-33.657],[151.297,-33.659],[151.3,-33.659],[151.303,-33.661],[151.304,-33.661],[151.303,-33.664],[151.303,-33.665],[151.301,-33.667],[151.303,-33.666],[151.305,-33.664],[151.307,-33.663],[151.309,-33.665],[151.31,-33.667],[151.312,-33.666],[151.31,-33.665],[151.311,-33.663],[151.31,-33.662],[151.308,-33.661],[151.308,-33.659],[151.309,-33.657],[151.308,-33.656],[151.304,-33.654],[151.303,-33.652],[151.305,-33.648],[151.307,-33.646],[151.306,-33.643],[151.309,-33.64],[151.305,-33.638],[151.308,-33.635],[151.314,-33.632],[151.315,-33.627],[151.317,-33.623],[151.316,-33.619],[151.317,-33.614],[151.319,-33.617],[151.321,-33.621],[151.332,-33.622],[151.328,-33.619],[151.327,-33.614],[151.324,-33.609],[151.322,-33.606],[151.317,-33.603],[151.319,-33.599],[151.319,-33.594],[151.325,-33.586],[151.324,-33.581],[151.333,-33.581],[151.334,-33.582],[151.326,-33.59],[151.329,-33.599],[151.332,-33.602],[151.336,-33.604],[151.336,-33.607],[151.332,-33.609],[151.333,-33.615],[151.337,-33.617],[151.339,-33.618],[151.34,-33.619],[151.34,-33.621],[151.343,-33.624],[151.342,-33.626],[151.34,-33.627],[151.34,-33.628],[151.34,-33.63],[151.34,-33.631],[151.34,-33.633],[151.339,-33.634],[151.336,-33.634],[151.333,-33.635],[151.332,-33.637],[151.333,-33.64],[151.333,-33.642],[151.334,-33.644],[151.331,-33.644],[151.328,-33.648],[151.327,-33.649],[151.323,-33.656],[151.325,-33.659],[151.325,-33.664],[151.318,-33.67],[151.32,-33.673],[151.32,-33.676],[151.317,-33.676],[151.317,-33.678],[151.316,-33.679],[151.312,-33.682],[151.31,-33.688],[151.309,-33.69],[151.312,-33.694],[151.313,-33.695],[151.315,-33.696],[151.314,-33.697],[151.311,-33.698],[151.31,-33.7],[151.309,-33.701],[151.31,-33.704],[151.308,-33.703],[151.305,-33.704],[151.303,-33.703],[151.3,-33.703],[151.298,-33.704],[151.298,-33.706],[151.297,-33.708],[151.297,-33.711],[151.295,-33.712],[151.294,-33.714],[151.292,-33.714],[151.293,-33.712],[151.29,-33.712],[151.287,-33.711],[151.285,-33.71],[151.282,-33.709],[151.279,-33.709],[151.276,-33.712],[151.273,-33.712],[151.27,-33.715],[151.272,-33.718],[151.273,-33.719],[151.273,-33.722],[151.275,-33.724],[151.276,-33.722],[151.278,-33.719],[151.279,-33.718],[151.281,-33.716],[151.282,-33.714],[151.284,-33.716],[151.285,-33.717],[151.287,-33.718],[151.289,-33.719],[151.291,-33.72],[151.293,-33.721],[151.295,-33.72],[151.295,-33.718],[151.296,-33.716],[151.296,-33.714],[151.297,-33.712],[151.299,-33.711],[151.299,-33.708],[151.3,-33.705],[151.303,-33.704],[151.305,-33.704],[151.306,-33.705],[151.301,-33.716],[151.3,-33.727],[151.304,-33.734],[151.306,-33.735],[151.307,-33.738],[151.311,-33.739],[151.314,-33.74],[151.317,-33.742],[151.312,-33.743],[151.308,-33.744],[151.305,-33.746],[151.301,-33.746],[151.298,-33.745],[151.295,-33.746],[151.292,-33.747],[151.293,-33.749],[151.3,-33.747],[151.303,-33.747],[151.3,-33.749],[151.299,-33.755],[151.3,-33.758],[151.302,-33.761],[151.303,-33.766],[151.301,-33.767],[151.293,-33.774],[151.296,-33.781],[151.292,-33.781],[151.291,-33.786],[151.29,-33.798],[151.297,-33.801],[151.3,-33.801],[151.303,-33.805],[151.304,-33.806],[151.307,-33.809],[151.303,-33.813],[151.302,-33.821],[151.292,-33.821],[151.286,-33.818],[151.285,-33.816],[151.289,-33.812],[151.291,-33.808],[151.287,-33.808],[151.285,-33.808],[151.282,-33.809],[151.283,-33.807],[151.286,-33.8],[151.281,-33.799],[151.277,-33.8],[151.273,-33.801],[151.27,-33.798],[151.266,-33.798],[151.269,-33.8],[151.272,-33.804],[151.274,-33.808],[151.275,-33.81],[151.273,-33.812],[151.263,-33.817],[151.26,-33.813],[151.254,-33.81],[151.253,-33.805],[151.252,-33.803],[151.25,-33.8],[151.245,-33.802],[151.238,-33.804],[151.239,-33.799],[151.237,-33.796],[151.236,-33.793],[151.233,-33.783],[151.232,-33.778],[151.231,-33.774],[151.229,-33.775],[151.23,-33.782],[151.226,-33.783],[151.221,-33.783],[151.214,-33.782],[151.212,-33.777],[151.208,-33.776],[151.205,-33.775],[151.207,-33.778],[151.212,-33.781],[151.216,-33.784],[151.22,-33.785],[151.227,-33.786],[151.232,-33.787],[151.231,-33.791],[151.228,-33.791],[151.226,-33.792],[151.223,-33.792],[151.219,-33.791],[151.215,-33.791],[151.22,-33.792],[151.219,-33.797],[151.226,-33.797],[151.23,-33.797],[151.231,-33.802],[151.226,-33.803],[151.223,-33.803],[151.221,-33.805],[151.217,-33.806],[151.22,-33.807],[151.223,-33.807],[151.225,-33.806],[151.227,-33.805],[151.229,-33.806],[151.232,-33.808],[151.231,-33.81],[151.23,-33.811],[151.232,-33.813],[151.229,-33.814],[151.224,-33.814],[151.223,-33.817],[151.219,-33.819],[151.221,-33.819],[151.222,-33.819],[151.225,-33.819],[151.225,-33.821],[151.227,-33.82],[151.234,-33.816],[151.237,-33.816],[151.239,-33.817],[151.236,-33.813],[151.238,-33.808],[151.245,-33.809],[151.247,-33.806],[151.247,-33.811],[151.253,-33.817],[151.252,-33.823],[151.253,-33.827],[151.259,-33.827],[151.265,-33.824],[151.269,-33.828],[151.264,-33.83],[151.261,-33.835],[151.254,-33.839],[151.253,-33.842],[151.251,-33.844],[151.246,-33.844],[151.247,-33.85],[151.245,-33.853],[151.244,-33.847],[151.238,-33.844],[151.238,-33.841],[151.236,-33.841],[151.232,-33.841],[151.232,-33.836],[151.229,-33.839],[151.23,-33.841],[151.231,-33.845],[151.231,-33.848],[151.227,-33.844],[151.226,-33.842],[151.226,-33.84],[151.225,-33.84],[151.224,-33.841],[151.224,-33.843],[151.225,-33.846],[151.222,-33.844],[151.219,-33.842],[151.216,-33.84],[151.218,-33.844],[151.22,-33.848],[151.22,-33.849],[151.22,-33.851],[151.218,-33.852],[151.211,-33.85],[151.207,-33.844],[151.204,-33.85],[151.2,-33.842],[151.198,-33.843],[151.196,-33.846],[151.193,-33.848],[151.194,-33.841],[151.192,-33.839],[151.189,-33.839],[151.188,-33.839],[151.189,-33.835],[151.185,-33.839],[151.184,-33.842],[151.181,-33.842],[151.183,-33.837],[151.182,-33.833],[151.18,-33.831],[151.178,-33.832],[151.174,-33.828],[151.172,-33.832],[151.17,-33.836],[151.165,-33.834],[151.161,-33.831],[151.166,-33.828],[151.161,-33.827],[151.159,-33.83],[151.153,-33.826],[151.151,-33.823],[151.152,-33.828],[151.146,-33.828],[151.149,-33.824],[151.145,-33.816],[151.143,-33.81],[151.143,-33.803],[151.141,-33.81],[151.141,-33.815],[151.14,-33.817],[151.139,-33.819],[151.147,-33.822],[151.144,-33.825],[151.146,-33.83],[151.153,-33.831],[151.157,-33.833],[151.161,-33.834],[151.161,-33.837],[151.172,-33.838],[151.179,-33.836],[151.176,-33.839],[151.169,-33.843],[151.162,-33.842],[151.158,-33.842],[151.156,-33.839],[151.149,-33.837],[151.143,-33.836],[151.136,-33.837],[151.143,-33.838],[151.148,-33.84],[151.142,-33.842],[151.138,-33.844],[151.134,-33.845],[151.132,-33.841],[151.127,-33.84],[151.125,-33.842],[151.12,-33.838],[151.119,-33.833],[151.116,-33.834],[151.112,-33.832],[151.108,-33.834],[151.102,-33.83],[151.099,-33.824],[151.094,-33.822],[151.087,-33.82],[151.076,-33.82],[151.066,-33.824],[151.054,-33.825],[151.073,-33.821],[151.076,-33.834],[151.078,-33.834],[151.08,-33.835],[151.092,-33.824],[151.092,-33.829],[151.093,-33.835],[151.099,-33.833],[151.094,-33.84],[151.102,-33.838],[151.103,-33.844],[151.105,-33.836],[151.113,-33.84],[151.119,-33.842],[151.118,-33.847],[151.116,-33.851],[151.12,-33.853],[151.115,-33.856],[151.121,-33.857],[151.116,-33.861],[151.126,-33.862],[151.126,-33.855],[151.123,-33.85],[151.127,-33.844],[151.131,-33.845],[151.133,-33.849],[151.138,-33.847],[151.143,-33.846],[151.141,-33.851],[151.148,-33.85],[151.146,-33.846],[151.147,-33.844],[151.154,-33.842],[151.157,-33.847],[151.161,-33.852],[151.164,-33.857],[151.159,-33.858],[151.155,-33.86],[151.148,-33.862],[151.148,-33.865],[151.145,-33.867],[151.146,-33.87],[151.152,-33.868],[151.159,-33.864],[151.164,-33.86],[151.169,-33.857],[151.173,-33.854],[151.179,-33.85],[151.187,-33.847],[151.183,-33.848],[151.188,-33.852],[151.186,-33.853],[151.189,-33.855],[151.194,-33.854],[151.192,-33.859],[151.185,-33.867],[151.182,-33.872],[151.19,-33.875],[151.187,-33.868],[151.198,-33.864],[151.204,-33.855],[151.21,-33.856],[151.213,-33.859],[151.216,-33.859],[151.222,-33.859],[151.221,-33.864],[151.226,-33.862],[151.228,-33.869],[151.231,-33.871],[151.232,-33.875],[151.24,-33.867],[151.241,-33.87],[151.246,-33.873],[151.249,-33.868],[151.249,-33.865],[151.253,-33.864],[151.255,-33.864],[151.256,-33.865],[151.254,-33.867],[151.255,-33.871],[151.262,-33.871],[151.27,-33.864],[151.269,-33.859],[151.266,-33.855],[151.265,-33.851],[151.27,-33.848],[151.271,-33.851],[151.274,-33.851],[151.276,-33.85],[151.277,-33.849],[151.28,-33.847],[151.281,-33.842],[151.276,-33.841],[151.278,-33.836],[151.28,-33.834],[151.282,-33.834],[151.282,-33.837],[151.285,-33.844],[151.287,-33.849],[151.287,-33.852],[151.286,-33.858],[151.283,-33.862],[151.284,-33.864],[151.284,-33.868],[151.284,-33.871],[151.284,-33.875],[151.284,-33.883],[151.286,-33.889],[151.286,-33.892],[151.283,-33.894],[151.275,-33.893],[151.275,-33.896],[151.276,-33.898],[151.274,-33.9],[151.27,-33.903],[151.27,-33.907],[151.27,-33.91],[151.268,-33.914],[151.265,-33.915],[151.262,-33.918],[151.26,-33.926],[151.262,-33.934],[151.263,-33.94],[151.261,-33.945],[151.265,-33.958],[151.266,-33.966],[151.258,-33.966],[151.256,-33.97],[151.257,-33.977],[151.254,-33.981],[151.253,-33.99],[151.25,-33.999],[151.246,-33.998],[151.241,-33.998],[151.238,-33.998],[151.237,-33.993],[151.237,-33.99],[151.232,-33.992],[151.232,-33.99],[151.229,-33.988],[151.229,-33.983],[151.225,-33.977],[151.213,-33.985],[151.206,-33.966],[151.211,-33.962],[151.203,-33.959],[151.194,-33.969],[151.182,-33.953],[151.178,-33.965],[151.155,-33.965],[151.15,-33.977],[151.149,-33.983],[151.148,-33.988],[151.149,-33.994],[151.145,-33.997],[151.141,-33.998],[151.137,-34.004],[151.131,-34.005],[151.127,-34.005],[151.123,-33.999],[151.126,-33.994],[151.129,-33.99],[151.131,-33.987],[151.13,-33.984],[151.125,-33.987],[151.118,-33.992],[151.117,-33.997],[151.115,-34.001],[151.116,-34.008],[151.117,-34.013],[151.114,-34.013],[151.114,-34.014],[151.113,-34.013],[151.11,-34.015],[151.11,-34.016],[151.11,-34.017],[151.112,-34.017],[151.113,-34.018],[151.11,-34.019],[151.109,-34.022],[151.111,-34.023],[151.112,-34.021],[151.115,-34.022],[151.115,-34.017],[151.114,-34.017],[151.116,-34.017],[151.119,-34.014],[151.122,-34.013],[151.125,-34.01],[151.127,-34.011],[151.127,-34.013],[151.126,-34.017],[151.127,-34.019],[151.128,-34.02],[151.13,-34.022],[151.133,-34.023],[151.133,-34.024],[151.132,-34.027],[151.133,-34.032],[151.137,-34.037],[151.143,-34.038],[151.148,-34.038],[151.153,-34.034],[151.154,-34.023],[151.142,-34.015],[151.149,-34.014],[151.151,-34.014],[151.158,-34.011],[151.165,-34.004],[151.163,-34.004],[151.158,-34.005],[151.156,-34.005],[151.162,-34.0],[151.171,-34.005],[151.178,-34.013],[151.164,-34.013],[151.156,-34.016],[151.16,-34.023],[151.164,-34.023],[151.174,-34.023],[151.183,-34.023],[151.186,-34.02],[151.189,-34.019],[151.19,-34.02],[151.192,-34.02],[151.194,-34.021],[151.198,-34.02],[151.202,-34.017],[151.206,-34.016],[151.206,-34.014],[151.201,-34.014],[151.201,-34.015],[151.198,-34.013],[151.198,-34.01],[151.193,-34.009],[151.188,-34.009],[151.189,-34.007],[151.193,-34.007],[151.197,-34.008],[151.203,-34.008],[151.21,-34.008],[151.216,-34.006],[151.219,-34.003],[151.222,-34.001],[151.226,-34.003],[151.231,-34.011],[151.231,-34.018],[151.23,-34.02],[151.228,-34.029],[151.223,-34.036],[151.22,-34.039],[151.216,-34.041],[151.21,-34.041],[151.206,-34.04],[151.204,-34.04],[151.192,-34.036],[151.173,-34.037],[151.162,-34.043],[151.157,-34.05],[151.155,-34.055],[151.157,-34.057],[151.156,-34.062],[151.158,-34.067],[151.155,-34.073],[151.151,-34.073],[151.148,-34.074],[151.147,-34.071],[151.147,-34.066],[151.147,-34.062],[151.149,-34.059],[151.15,-34.057],[151.148,-34.055],[151.146,-34.055],[151.144,-34.057],[151.143,-34.059],[151.142,-34.062],[151.139,-34.065],[151.141,-34.067],[151.141,-34.07],[151.141,-34.073],[151.136,-34.073],[151.135,-34.068],[151.136,-34.064],[151.137,-34.06],[151.138,-34.057],[151.136,-34.056],[151.134,-34.057],[151.133,-34.059],[151.133,-34.061],[151.131,-34.064],[151.128,-34.062],[151.126,-34.064],[151.129,-34.066],[151.13,-34.069],[151.121,-34.069],[151.119,-34.068],[151.119,-34.071],[151.112,-34.072],[151.111,-34.069],[151.112,-34.068],[151.115,-34.066],[151.114,-34.063],[151.114,-34.059],[151.111,-34.062],[151.107,-34.062],[151.107,-34.059],[151.109,-34.056],[151.112,-34.053],[151.109,-34.052],[151.11,-34.049],[151.111,-34.046],[151.112,-34.043],[151.11,-34.044],[151.107,-34.044],[151.106,-34.043],[151.108,-34.045],[151.108,-34.048],[151.107,-34.051],[151.107,-34.054],[151.103,-34.057],[151.1,-34.057],[151.1,-34.055],[151.101,-34.052],[151.098,-34.048],[151.098,-34.049],[151.093,-34.049],[151.093,-34.051],[151.091,-34.057],[151.085,-34.054],[151.081,-34.055],[151.077,-34.054],[151.08,-34.056],[151.084,-34.057],[151.086,-34.056],[151.089,-34.058],[151.09,-34.061],[151.087,-34.062],[151.089,-34.064],[151.085,-34.064],[151.082,-34.061],[151.082,-34.062],[151.074,-34.063],[151.061,-34.064],[151.061,-34.071],[151.06,-34.072],[151.06,-34.069],[151.063,-34.065],[151.077,-34.063],[151.09,-34.068],[151.093,-34.064],[151.099,-34.062],[151.102,-34.066],[151.101,-34.069],[151.105,-34.074],[151.104,-34.076],[151.105,-34.079],[151.099,-34.082],[151.088,-34.087],[151.084,-34.087],[151.081,-34.088],[151.081,-34.089],[151.086,-34.089],[151.089,-34.087],[151.094,-34.087],[151.099,-34.09],[151.1,-34.086],[151.103,-34.083],[151.107,-34.083],[151.109,-34.081],[151.112,-34.078],[151.115,-34.079],[151.117,-34.079],[151.118,-34.077],[151.121,-34.078],[151.124,-34.076],[151.125,-34.079],[151.126,-34.08],[151.128,-34.078],[151.132,-34.076],[151.133,-34.079],[151.133,-34.082],[151.129,-34.086],[151.125,-34.089],[151.125,-34.091],[151.129,-34.09],[151.131,-34.086],[151.134,-34.083],[151.133,-34.083],[151.133,-34.078],[151.133,-34.074],[151.137,-34.082],[151.144,-34.08],[151.147,-34.082],[151.151,-34.083],[151.155,-34.082],[151.157,-34.08],[151.16,-34.081],[151.165,-34.079],[151.169,-34.075],[151.171,-34.08],[151.171,-34.088],[151.165,-34.096],[151.163,-34.098],[151.161,-34.099],[151.159,-34.1],[151.159,-34.102],[151.157,-34.104],[151.156,-34.106],[151.154,-34.108],[151.152,-34.11],[151.152,-34.113],[151.152,-34.115],[151.15,-34.115],[151.149,-34.116],[151.147,-34.116],[151.145,-34.117],[151.143,-34.117],[151.139,-34.118],[151.138,-34.12],[151.136,-34.12],[151.137,-34.123],[151.135,-34.125],[151.129,-34.135],[151.12,-34.139],[151.112,-34.145],[151.108,-34.149],[151.098,-34.154],[151.088,-34.163],[151.076,-34.168],[151.014,-34.164],[150.954,-34.134],[150.907,-34.139],[150.888,-34.174],[150.893,-34.184],[150.899,-34.189],[150.879,-34.187],[150.873,-34.185],[150.866,-34.182],[150.86,-34.181],[150.862,-34.192],[150.879,-34.204],[150.893,-34.224],[150.884,-34.249],[150.876,-34.26],[150.824,-34.25],[150.797,-34.232],[150.792,-34.23],[150.785,-34.228],[150.777,-34.231],[150.774,-34.229],[150.765,-34.231],[150.761,-34.229],[150.756,-34.228],[150.75,-34.23],[150.739,-34.233],[150.735,-34.24],[150.732,-34.244],[150.729,-34.249],[150.667,-34.246],[150.649,-34.266],[150.628,-34.291],[150.565,-34.311],[150.54,-34.292],[150.545,-34.284],[150.549,-34.276],[150.512,-34.262],[150.502,-34.255],[150.497,-34.242],[150.475,-34.231],[150.473,-34.222],[150.471,-34.212],[150.466,-34.19],[150.456,-34.178],[150.45,-34.173],[150.445,-34.155],[150.457,-34.126],[150.458,-34.125],[150.454,-34.121],[150.453,-34.118],[150.451,-34.112],[150.448,-34.108],[150.447,-34.103],[150.448,-34.098],[150.448,-34.093],[150.449,-34.092],[150.447,-34.092],[150.444,-34.091],[150.44,-34.086],[150.436,-34.083],[150.431,-34.082],[150.425,-34.079],[150.421,-34.071],[150.419,-34.065],[150.421,-34.062],[150.425,-34.06],[150.425,-34.054],[150.425,-34.05],[150.423,-34.047],[150.423,-34.042],[150.423,-34.04],[150.422,-34.038],[150.425,-34.032],[150.427,-34.027],[150.428,-34.025],[150.428,-34.023],[150.43,-34.02],[150.434,-34.015],[150.437,-34.011],[150.44,-34.008],[150.445,-34.008],[150.448,-34.006],[150.456,-34.006],[150.46,-34.009],[150.46,-34.015],[150.462,-34.019],[150.467,-34.025],[150.473,-34.021],[150.479,-34.023],[150.506,-34.009],[150.542,-34.018],[150.539,-34.006],[150.553,-33.986],[150.555,-33.971],[150.55,-33.955],[150.554,-33.947],[150.548,-33.939],[150.539,-33.938],[150.539,-33.932],[150.57,-33.919],[150.609,-33.874],[150.59,-33.852],[150.642,-33.771],[150.644,-33.754],[150.644,-33.721],[150.659,-33.697],[150.641,-33.62],[150.629,-33.611],[150.615,-33.603],[150.608,-33.59],[150.618,-33.539],[150.497,-33.52],[150.438,-33.552],[150.409,-33.544],[150.407,-33.537],[150.411,-33.529],[150.419,-33.526],[150.426,-33.521],[150.432,-33.53],[150.442,-33.537],[150.465,-33.501],[150.407,-33.503],[150.4,-33.504],[150.398,-33.51],[150.362,-33.517],[150.447,-33.49],[150.484,-33.477],[150.495,-33.434],[150.518,-33.409],[150.529,-33.389],[150.542,-33.376],[150.56,-33.362],[150.578,-33.352],[150.585,-33.326],[150.551,-33.312],[150.565,-33.291],[150.553,-33.271],[150.549,-33.257],[150.531,-33.24],[150.536,-33.223],[150.536,-33.212],[150.531,-33.199],[150.537,-33.192],[150.553,-33.182],[150.555,-33.165],[150.573,-33.158],[150.584,-33.168],[150.586,-33.152],[150.606,-33.147],[150.599,-33.126],[150.613,-33.118],[150.618,-33.11],[150.603,-33.1],[150.607,-33.09],[150.611,-33.08],[150.61,-33.071],[150.719,-33.069],[150.705,-33.055],[150.695,-33.042],[150.68,-33.03],[150.698,-32.999]],[[151.042,-33.951],[151.04,-33.961],[151.041,-33.973],[151.024,-33.977],[151.024,-33.965],[151.019,-33.974],[151.023,-33.977],[151.032,-33.983],[151.033,-33.99],[151.047,-33.994],[151.062,-33.991],[151.057,-33.997],[151.051,-34.0],[151.055,-33.999],[151.05,-34.003],[151.045,-34.006],[151.044,-34.009],[151.045,-34.013],[151.046,-34.013],[151.048,-34.02],[151.047,-34.024],[151.043,-34.028],[151.046,-34.027],[151.049,-34.023],[151.05,-34.02],[151.05,-34.015],[151.052,-34.015],[151.049,-34.013],[151.046,-34.01],[151.048,-34.007],[151.05,-34.008],[151.057,-34.008],[151.057,-34.005],[151.057,-34.0],[151.069,-33.996],[151.07,-34.001],[151.073,-33.999],[151.077,-34.0],[151.079,-33.999],[151.083,-33.996],[151.089,-33.998],[151.091,-34.001],[151.089,-34.004],[151.088,-34.005],[151.085,-34.003],[151.084,-34.005],[151.087,-34.007],[151.085,-34.009],[151.082,-34.008],[151.079,-34.011],[151.081,-34.01],[151.085,-34.011],[151.088,-34.01],[151.091,-34.012],[151.092,-34.006],[151.096,-34.003],[151.095,-34.0],[151.098,-33.999],[151.098,-34.002],[151.097,-34.005],[151.101,-34.006],[151.108,-34.005],[151.109,-34.007],[151.114,-34.001],[151.114,-33.996],[151.111,-33.997],[151.111,-33.999],[151.108,-34.0],[151.102,-34.001],[151.105,-33.996],[151.102,-33.993],[151.104,-33.989],[151.101,-33.989],[151.1,-33.991],[151.098,-33.993],[151.096,-33.991],[151.094,-33.991],[151.092,-33.992],[151.089,-33.992],[151.087,-33.991],[151.088,-33.989],[151.089,-33.986],[151.093,-33.986],[151.093,-33.984],[151.09,-33.983],[151.088,-33.983],[151.089,-33.985],[151.085,-33.987],[151.083,-33.988],[151.083,-33.99],[151.085,-33.992],[151.079,-33.993],[151.07,-33.989],[151.071,-33.984],[151.065,-33.984],[151.054,-33.984],[151.061,-33.976],[151.049,-33.98],[151.055,-33.989],[151.04,-33.991],[151.034,-33.986],[151.037,-33.978],[151.044,-33.965],[151.042,-33.952],[151.042,-33.951]]]]}},{"type":"Feature","properties":{"state":"Victoria","state_code":"2","region_code":211,"region":"Ballarat"},"geometry":{"type":"MultiPolygon","coordinates":[[[[143.214,-36.901],[143.377,-36.934],[143.543,-36.944],[143.561,-37.097],[143.562,-37.1],[143.561,-37.107],[143.562,-37.113],[143.564,-37.117],[143.566,-37.114],[143.57,-37.116],[143.573,-37.114],[143.578,-37.116],[143.579,-37.12],[143.579,-37.124],[143.581,-37.128],[143.583,-37.132],[143.581,-37.137],[143.575,-37.142],[143.57,-37.15],[143.565,-37.152],[143.56,-37.155],[143.554,-37.159],[143.553,-37.162],[143.552,-37.166],[143.553,-37.17],[143.551,-37.175],[143.551,-37.18],[143.65,-37.314],[143.688,-37.51],[143.756,-37.471],[143.853,-37.482],[143.939,-37.536],[143.95,-37.55],[143.939,-37.648],[143.853,-37.683],[143.869,-37.691],[143.882,-37.714],[143.903,-37.752],[143.897,-37.764],[143.892,-37.774],[143.893,-37.786],[143.721,-37.792],[143.698,-37.795],[143.689,-37.806],[143.685,-37.817],[143.661,-37.828],[143.66,-37.858],[143.663,-37.866],[143.659,-37.873],[143.658,-37.883],[143.651,-37.89],[143.644,-37.899],[143.647,-37.909],[143.64,-37.92],[143.624,-37.978],[143.62,-37.968],[143.614,-37.963],[143.48,-37.93],[143.452,-37.908],[143.446,-37.892],[143.446,-37.864],[143.442,-37.843],[143.447,-37.822],[143.451,-37.73],[143.452,-37.661],[143.441,-37.67],[143.421,-37.67],[143.404,-37.669],[143.379,-37.669],[143.343,-37.694],[143.34,-37.702],[143.334,-37.709],[143.324,-37.713],[143.322,-37.729],[143.322,-37.737],[143.322,-37.744],[143.306,-37.75],[143.292,-37.755],[143.272,-37.753],[143.264,-37.738],[143.256,-37.733],[143.249,-37.743],[143.235,-37.742],[143.223,-37.737],[143.193,-37.734],[143.119,-37.725],[143.161,-37.566],[143.199,-37.427],[143.213,-37.422],[143.253,-37.364],[143.254,-37.345],[143.241,-37.315],[143.257,-37.281],[143.163,-37.205],[143.105,-36.978],[143.101,-36.973],[143.095,-36.97],[143.093,-36.967],[143.096,-36.962],[143.214,-36.901]]]]}},{"type":"Feature","properties":{"state":"Victoria","state_code":"2","region_code":220,"region":"Macedon"},"geometry":{"type":"MultiPolygon","coordinates":[[[[144.574,-37.099],[144.734,-37.134],[144.786,-37.213],[144.865,-37.326],[144.886,-37.336],[144.917,-37.374],[144.913,-37.381],[144.902,-37.424],[144.897,-37.463],[144.894,-37.492],[144.882,-37.502],[144.877,-37.505],[144.871,-37.506],[144.872,-37.514],[144.749,-37.496],[144.716,-37.487],[144.698,-37.489],[144.678,-37.496],[144.666,-37.501],[144.651,-37.496],[144.597,-37.556],[144.548,-37.567],[144.538,-37.581],[144.531,-37.596],[144.523,-37.603],[144.525,-37.61],[144.527,-37.614],[144.526,-37.617],[144.524,-37.622],[144.523,-37.623],[144.52,-37.628],[144.52,-37.631],[144.519,-37.637],[144.521,-37.64],[144.519,-37.641],[144.517,-37.643],[144.517,-37.646],[144.519,-37.648],[144.519,-37.65],[144.518,-37.652],[144.519,-37.66],[144.519,-37.665],[144.52,-37.666],[144.52,-37.668],[144.519,-37.667],[144.515,-37.668],[144.517,-37.669],[144.518,-37.671],[144.517,-37.672],[144.517,-37.674],[144.516,-37.673],[144.513,-37.675],[144.512,-37.676],[144.513,-37.678],[144.513,-37.679],[144.514,-37.684],[144.516,-37.685],[144.515,-37.687],[144.517,-37.689],[144.518,-37.693],[144.516,-37.696],[144.443,-37.864],[144.43,-37.858],[144.423,-37.841],[144.42,-37.83],[144.416,-37.818],[144.411,-37.81],[144.406,-37.802],[144.345,-37.844],[144.335,-37.844],[144.324,-37.844],[144.307,-37.837],[144.129,-37.797],[143.919,-37.81],[143.916,-37.792],[143.9,-37.792],[143.883,-37.774],[143.9,-37.766],[143.897,-37.752],[143.896,-37.722],[143.871,-37.704],[143.855,-37.686],[143.932,-37.654],[143.942,-37.573],[143.937,-37.537],[143.963,-37.492],[144.072,-37.464],[144.079,-37.462],[144.086,-37.451],[144.127,-37.457],[144.128,-37.462],[144.128,-37.47],[144.128,-37.474],[144.29,-37.436],[144.369,-37.32],[144.327,-37.257],[144.352,-37.219],[144.379,-37.176],[144.477,-37.158],[144.527,-37.157],[144.542,-37.116],[144.574,-37.099]]]]}},{"type":"Feature","properties":{"state":"Victoria","state_code":"2","region_code":226,"region":"Spa Country"},"geometry":{"type":"MultiPolygon","coordinates":[[[[144.077,-37.148],[144.188,-37.178],[144.332,-37.169],[144.378,-37.176],[144.352,-37.218],[144.327,-37.256],[144.364,-37.319],[144.29,-37.435],[144.129,-37.474],[144.128,-37.47],[144.128,-37.462],[144.127,-37.458],[144.087,-37.452],[144.079,-37.462],[144.072,-37.464],[143.977,-37.479],[143.764,-37.468],[143.749,-37.483],[143.687,-37.462],[143.673,-37.234],[143.681,-37.234],[143.687,-37.23],[143.694,-37.232],[143.703,-37.23],[143.712,-37.23],[143.715,-37.228],[143.716,-37.225],[143.724,-37.221],[143.725,-37.215],[143.777,-37.23],[143.948,-37.196],[143.951,-37.203],[143.954,-37.209],[143.957,-37.216],[143.962,-37.222],[143.969,-37.227],[143.977,-37.23],[143.98,-37.231],[143.987,-37.232],[143.993,-37.236],[144.0,-37.242],[143.995,-37.245],[144.002,-37.252],[144.004,-37.257],[144.008,-37.259],[144.015,-37.261],[144.018,-37.263],[144.02,-37.263],[144.024,-37.26],[144.027,-37.262],[144.035,-37.264],[144.037,-37.27],[144.038,-37.268],[144.038,-37.263],[144.04,-37.26],[144.046,-37.254],[144.053,-37.25],[144.064,-37.244],[144.077,-37.148]]]]}},{"type":"Feature","properties":{"state":"Victoria","state_code":"2","region_code":212,"region":"Bendigo Loddon"},"geometry":{"type":"MultiPolygon","coordinates":[[[[143.778,-35.906],[143.871,-35.919],[143.871,-35.922],[143.874,-35.925],[143.871,-35.927],[143.868,-35.93],[143.864,-35.933],[143.862,-35.935],[144.185,-35.942],[144.187,-35.937],[144.186,-35.934],[144.188,-35.931],[144.188,-35.908],[144.228,-35.921],[144.26,-35.928],[144.286,-35.988],[144.277,-36.001],[144.292,-36.02],[144.308,-36.036],[144.312,-36.053],[144.307,-36.072],[144.318,-36.101],[144.296,-36.123],[144.286,-36.155],[144.282,-36.181],[144.271,-36.212],[144.272,-36.228],[144.273,-36.245],[144.53,-36.407],[144.666,-36.428],[144.665,-36.442],[144.67,-36.453],[144.659,-36.464],[144.645,-36.473],[144.627,-36.479],[144.623,-36.495],[144.613,-36.5],[144.613,-36.502],[144.616,-36.504],[144.618,-36.502],[144.622,-36.502],[144.621,-36.521],[144.617,-36.536],[144.595,-36.556],[144.584,-36.586],[144.564,-36.613],[144.56,-36.624],[144.561,-36.626],[144.555,-36.629],[144.548,-36.633],[144.544,-36.642],[144.545,-36.647],[144.539,-36.65],[144.539,-36.653],[144.534,-36.657],[144.526,-36.66],[144.527,-36.665],[144.529,-36.669],[144.531,-36.672],[144.53,-36.679],[144.532,-36.686],[144.534,-36.689],[144.531,-36.692],[144.53,-36.69],[144.526,-36.689],[144.524,-36.692],[144.524,-36.696],[144.527,-36.702],[144.52,-36.712],[144.52,-36.715],[144.52,-36.719],[144.519,-36.723],[144.52,-36.725],[144.772,-36.749],[144.771,-36.751],[144.848,-36.874],[144.717,-36.976],[144.56,-37.01],[144.541,-37.024],[144.547,-37.036],[144.548,-37.04],[144.546,-37.042],[144.543,-37.044],[144.55,-37.055],[144.546,-37.057],[144.54,-37.067],[144.543,-37.088],[144.535,-37.099],[144.541,-37.114],[144.527,-37.157],[144.478,-37.162],[144.342,-37.167],[144.282,-37.208],[144.157,-37.161],[144.066,-37.219],[144.055,-37.25],[144.048,-37.252],[144.042,-37.257],[144.039,-37.262],[144.038,-37.267],[144.039,-37.27],[144.035,-37.266],[144.031,-37.262],[144.025,-37.262],[144.022,-37.262],[144.019,-37.261],[144.017,-37.261],[144.011,-37.258],[144.006,-37.256],[144.002,-37.254],[143.998,-37.247],[143.998,-37.244],[143.995,-37.236],[143.99,-37.233],[143.983,-37.232],[143.979,-37.229],[143.971,-37.228],[143.964,-37.223],[143.958,-37.219],[143.955,-37.212],[143.952,-37.205],[143.949,-37.198],[143.85,-37.234],[143.73,-37.219],[143.724,-37.219],[143.72,-37.224],[143.717,-37.227],[143.714,-37.23],[143.707,-37.23],[143.698,-37.23],[143.69,-37.229],[143.682,-37.233],[143.677,-37.234],[143.668,-37.236],[143.55,-37.177],[143.553,-37.172],[143.551,-37.169],[143.553,-37.164],[143.552,-37.159],[143.556,-37.158],[143.562,-37.153],[143.567,-37.152],[143.573,-37.146],[143.581,-37.139],[143.582,-37.133],[143.583,-37.13],[143.581,-37.125],[143.579,-37.122],[143.578,-37.118],[143.575,-37.114],[143.572,-37.116],[143.569,-37.113],[143.565,-37.116],[143.563,-37.116],[143.561,-37.11],[143.561,-37.104],[143.561,-37.099],[143.564,-37.096],[143.467,-36.931],[143.467,-36.912],[143.481,-36.903],[143.486,-36.894],[143.496,-36.89],[143.502,-36.886],[143.504,-36.882],[143.505,-36.88],[143.508,-36.879],[143.508,-36.876],[143.507,-36.874],[143.509,-36.871],[143.511,-36.856],[143.51,-36.849],[143.501,-36.835],[143.499,-36.822],[143.507,-36.811],[143.506,-36.806],[143.501,-36.801],[143.487,-36.78],[143.472,-36.763],[143.46,-36.746],[143.462,-36.732],[143.476,-36.714],[143.491,-36.691],[143.501,-36.675],[143.5,-36.66],[143.493,-36.646],[143.485,-36.63],[143.468,-36.62],[143.446,-36.618],[143.44,-36.606],[143.439,-36.592],[143.429,-36.57],[143.403,-36.552],[143.373,-36.533],[143.353,-36.514],[143.326,-36.499],[143.317,-36.481],[143.441,-36.422],[143.513,-36.265],[143.554,-36.232],[143.5,-36.101],[143.778,-35.906]]]]}},{"type":"Feature","properties":{"state":"Victoria","state_code":"2","region_code":215,"region":"Geelong and the Bellarine"},"geometry":{"type":"MultiPolygon","coordinates":[[[[144.679,-38.25],[144.69,-38.245],[144.699,-38.247],[144.687,-38.252],[144.677,-38.254],[144.672,-38.256],[144.668,-38.258],[144.668,-38.262],[144.671,-38.261],[144.669,-38.263],[144.667,-38.255],[144.664,-38.25],[144.672,-38.244],[144.681,-38.239],[144.679,-38.247],[144.679,-38.25]]],[[[143.755,-37.786],[143.899,-37.784],[143.915,-37.801],[144.048,-37.826],[144.247,-37.813],[144.317,-37.84],[144.33,-37.846],[144.342,-37.845],[144.349,-37.843],[144.405,-37.806],[144.416,-37.811],[144.421,-37.821],[144.423,-37.834],[144.423,-37.848],[144.435,-37.856],[144.447,-37.868],[144.459,-37.874],[144.466,-37.88],[144.471,-37.886],[144.481,-37.897],[144.484,-37.905],[144.48,-37.91],[144.477,-37.917],[144.477,-37.922],[144.482,-37.923],[144.479,-37.928],[144.477,-37.931],[144.474,-37.935],[144.478,-37.938],[144.477,-37.941],[144.48,-37.945],[144.48,-37.949],[144.485,-37.954],[144.489,-37.961],[144.494,-37.963],[144.495,-37.971],[144.503,-37.975],[144.511,-37.978],[144.518,-37.981],[144.523,-37.976],[144.529,-37.972],[144.541,-37.971],[144.55,-37.976],[144.554,-37.983],[144.557,-37.985],[144.563,-37.986],[144.566,-37.986],[144.568,-37.986],[144.57,-37.99],[144.572,-37.993],[144.572,-37.997],[144.575,-38.0],[144.579,-38.002],[144.584,-38.009],[144.575,-38.021],[144.563,-38.029],[144.557,-38.037],[144.538,-38.041],[144.517,-38.049],[144.529,-38.046],[144.537,-38.041],[144.519,-38.044],[144.512,-38.057],[144.518,-38.053],[144.516,-38.064],[144.511,-38.075],[144.51,-38.087],[144.505,-38.09],[144.485,-38.08],[144.47,-38.082],[144.457,-38.082],[144.444,-38.092],[144.41,-38.083],[144.382,-38.088],[144.359,-38.119],[144.357,-38.139],[144.385,-38.143],[144.397,-38.152],[144.418,-38.151],[144.429,-38.132],[144.466,-38.162],[144.512,-38.161],[144.532,-38.158],[144.553,-38.156],[144.57,-38.147],[144.588,-38.134],[144.63,-38.108],[144.659,-38.113],[144.669,-38.113],[144.683,-38.117],[144.71,-38.135],[144.716,-38.156],[144.715,-38.181],[144.707,-38.208],[144.7,-38.217],[144.695,-38.218],[144.702,-38.209],[144.699,-38.2],[144.69,-38.196],[144.679,-38.202],[144.67,-38.208],[144.663,-38.216],[144.655,-38.224],[144.647,-38.233],[144.639,-38.24],[144.632,-38.249],[144.625,-38.25],[144.625,-38.255],[144.63,-38.26],[144.636,-38.267],[144.638,-38.27],[144.648,-38.267],[144.659,-38.263],[144.671,-38.265],[144.662,-38.27],[144.654,-38.273],[144.642,-38.272],[144.63,-38.273],[144.615,-38.291],[144.572,-38.278],[144.508,-38.275],[144.49,-38.289],[144.423,-38.285],[144.375,-38.301],[144.259,-38.138],[144.236,-38.137],[144.224,-38.146],[144.21,-38.14],[144.19,-38.145],[144.182,-38.135],[144.158,-38.123],[144.117,-38.114],[144.104,-38.105],[144.045,-38.114],[144.014,-38.122],[143.997,-38.117],[143.981,-38.129],[143.963,-38.12],[143.945,-38.115],[143.928,-38.115],[143.913,-38.109],[143.826,-38.13],[143.633,-38.016],[143.656,-38.011],[143.647,-37.992],[143.635,-37.985],[143.638,-37.926],[143.644,-37.912],[143.644,-37.903],[143.649,-37.895],[143.657,-37.886],[143.659,-37.875],[143.662,-37.867],[143.662,-37.86],[143.652,-37.854],[143.689,-37.82],[143.688,-37.809],[143.695,-37.8],[143.713,-37.795],[143.755,-37.786]]]]}},{"type":"Feature","properties":{"state":"Victoria","state_code":"2","region_code":228,"region":"Great Ocean Road"},"geometry":{"type":"MultiPolygon","coordinates":[[[[142.014,-38.412],[142.002,-38.423],[141.996,-38.419],[142.006,-38.413],[142.014,-38.412]]],[[[141.229,-37.35],[141.542,-37.42],[141.544,-37.421],[141.547,-37.423],[141.548,-37.422],[141.549,-37.42],[141.551,-37.423],[141.558,-37.425],[141.567,-37.428],[141.569,-37.426],[141.572,-37.427],[141.573,-37.426],[141.575,-37.425],[141.576,-37.426],[141.577,-37.426],[141.507,-37.52],[141.519,-37.604],[141.534,-37.604],[141.543,-37.612],[141.558,-37.616],[141.574,-37.613],[141.583,-37.62],[141.583,-37.629],[141.588,-37.644],[141.6,-37.646],[141.61,-37.642],[141.623,-37.64],[141.631,-37.647],[141.643,-37.645],[141.646,-37.652],[141.652,-37.661],[141.667,-37.677],[141.683,-37.686],[141.691,-37.7],[141.708,-37.703],[141.718,-37.714],[141.73,-37.711],[141.736,-37.713],[141.743,-37.72],[141.754,-37.72],[141.759,-37.726],[141.767,-37.726],[141.772,-37.728],[141.778,-37.725],[141.786,-37.725],[141.77,-37.779],[141.782,-37.912],[141.985,-37.981],[142.222,-37.975],[142.53,-37.798],[142.951,-37.789],[143.101,-37.824],[143.109,-37.793],[143.133,-37.778],[143.152,-37.762],[143.168,-37.745],[143.191,-37.735],[143.217,-37.738],[143.232,-37.742],[143.247,-37.743],[143.256,-37.734],[143.266,-37.735],[143.273,-37.751],[143.288,-37.756],[143.304,-37.753],[143.316,-37.745],[143.318,-37.736],[143.319,-37.727],[143.326,-37.715],[143.332,-37.709],[143.34,-37.705],[143.34,-37.695],[143.376,-37.67],[143.401,-37.669],[143.418,-37.671],[143.438,-37.67],[143.452,-37.663],[143.464,-37.66],[143.448,-37.819],[143.442,-37.841],[143.441,-37.86],[143.445,-37.889],[143.448,-37.91],[143.478,-37.926],[143.613,-37.961],[143.619,-37.968],[143.623,-37.976],[143.631,-37.982],[143.646,-37.987],[143.651,-38.006],[143.636,-38.012],[143.767,-38.02],[143.91,-38.109],[143.923,-38.115],[143.94,-38.115],[143.959,-38.124],[143.974,-38.127],[143.995,-38.122],[144.013,-38.119],[144.034,-38.117],[144.098,-38.105],[144.115,-38.123],[144.144,-38.114],[144.174,-38.135],[144.187,-38.143],[144.204,-38.143],[144.219,-38.143],[144.233,-38.141],[144.256,-38.138],[144.341,-38.25],[144.347,-38.319],[144.324,-38.341],[144.301,-38.35],[144.289,-38.361],[144.257,-38.383],[144.25,-38.396],[144.227,-38.399],[144.21,-38.404],[144.191,-38.415],[144.18,-38.427],[144.156,-38.43],[144.132,-38.436],[144.121,-38.448],[144.111,-38.461],[144.102,-38.469],[144.077,-38.469],[144.052,-38.471],[144.033,-38.48],[144.03,-38.487],[144.017,-38.494],[143.987,-38.523],[143.981,-38.544],[143.983,-38.554],[143.976,-38.559],[143.96,-38.576],[143.946,-38.579],[143.933,-38.589],[143.921,-38.601],[143.914,-38.616],[143.903,-38.63],[143.892,-38.635],[143.885,-38.645],[143.873,-38.652],[143.866,-38.66],[143.864,-38.67],[143.858,-38.674],[143.848,-38.677],[143.841,-38.682],[143.841,-38.689],[143.835,-38.693],[143.826,-38.693],[143.82,-38.692],[143.811,-38.693],[143.803,-38.697],[143.788,-38.699],[143.779,-38.702],[143.772,-38.705],[143.762,-38.706],[143.753,-38.711],[143.727,-38.721],[143.697,-38.731],[143.674,-38.758],[143.669,-38.766],[143.659,-38.784],[143.639,-38.791],[143.619,-38.794],[143.597,-38.813],[143.584,-38.83],[143.561,-38.846],[143.544,-38.853],[143.531,-38.855],[143.513,-38.857],[143.5,-38.849],[143.493,-38.839],[143.469,-38.816],[143.456,-38.805],[143.438,-38.792],[143.423,-38.782],[143.411,-38.783],[143.402,-38.779],[143.394,-38.771],[143.374,-38.76],[143.359,-38.755],[143.348,-38.756],[143.336,-38.755],[143.322,-38.755],[143.302,-38.75],[143.291,-38.757],[143.279,-38.763],[143.266,-38.765],[143.26,-38.773],[143.24,-38.767],[143.219,-38.759],[143.195,-38.741],[143.179,-38.727],[143.151,-38.701],[143.126,-38.68],[143.103,-38.663],[143.081,-38.654],[143.072,-38.649],[143.065,-38.648],[143.056,-38.646],[143.042,-38.639],[143.03,-38.631],[143.001,-38.623],[142.981,-38.624],[142.956,-38.622],[142.939,-38.622],[142.931,-38.624],[142.923,-38.62],[142.916,-38.619],[142.908,-38.615],[142.904,-38.612],[142.897,-38.611],[142.873,-38.61],[142.866,-38.604],[142.858,-38.605],[142.857,-38.596],[142.846,-38.592],[142.827,-38.584],[142.823,-38.577],[142.815,-38.576],[142.8,-38.574],[142.789,-38.569],[142.777,-38.561],[142.757,-38.549],[142.733,-38.531],[142.701,-38.512],[142.691,-38.504],[142.677,-38.495],[142.673,-38.49],[142.656,-38.479],[142.632,-38.464],[142.622,-38.459],[142.616,-38.455],[142.604,-38.448],[142.594,-38.441],[142.582,-38.434],[142.576,-38.43],[142.564,-38.423],[142.556,-38.419],[142.546,-38.414],[142.515,-38.404],[142.494,-38.394],[142.476,-38.403],[142.472,-38.404],[142.464,-38.399],[142.456,-38.395],[142.45,-38.391],[142.441,-38.384],[142.426,-38.374],[142.403,-38.362],[142.376,-38.351],[142.345,-38.351],[142.33,-38.357],[142.302,-38.359],[142.286,-38.367],[142.257,-38.367],[142.244,-38.387],[142.252,-38.39],[142.252,-38.393],[142.243,-38.396],[142.241,-38.394],[142.235,-38.394],[142.223,-38.393],[142.216,-38.395],[142.208,-38.393],[142.199,-38.395],[142.189,-38.394],[142.18,-38.392],[142.161,-38.392],[142.146,-38.392],[142.127,-38.377],[142.118,-38.374],[142.102,-38.368],[142.067,-38.352],[142.042,-38.336],[142.011,-38.315],[141.977,-38.298],[141.936,-38.281],[141.903,-38.27],[141.87,-38.264],[141.833,-38.261],[141.785,-38.255],[141.75,-38.253],[141.703,-38.259],[141.676,-38.27],[141.642,-38.29],[141.618,-38.302],[141.601,-38.314],[141.606,-38.329],[141.609,-38.339],[141.622,-38.35],[141.626,-38.362],[141.631,-38.37],[141.637,-38.377],[141.644,-38.385],[141.65,-38.393],[141.643,-38.392],[141.638,-38.392],[141.627,-38.394],[141.627,-38.406],[141.62,-38.402],[141.614,-38.393],[141.608,-38.393],[141.603,-38.393],[141.584,-38.388],[141.572,-38.39],[141.568,-38.398],[141.563,-38.404],[141.557,-38.409],[141.556,-38.417],[141.556,-38.425],[141.553,-38.427],[141.549,-38.432],[141.543,-38.433],[141.539,-38.431],[141.534,-38.427],[141.527,-38.423],[141.525,-38.417],[141.522,-38.412],[141.526,-38.4],[141.519,-38.391],[141.489,-38.374],[141.46,-38.362],[141.446,-38.36],[141.416,-38.364],[141.407,-38.376],[141.41,-38.386],[141.414,-38.395],[141.399,-38.394],[141.386,-38.387],[141.373,-38.384],[141.365,-38.377],[141.365,-38.37],[141.367,-38.364],[141.375,-38.356],[141.386,-38.348],[141.398,-38.336],[141.381,-38.303],[141.362,-38.28],[141.347,-38.265],[141.33,-38.249],[141.306,-38.23],[141.281,-38.209],[141.254,-38.189],[141.181,-38.144],[141.139,-38.122],[141.117,-38.112],[141.09,-38.099],[141.057,-38.084],[141.026,-38.071],[140.973,-38.057],[141.261,-37.43],[141.264,-37.423],[141.272,-37.411],[141.274,-37.393],[141.26,-37.376],[141.237,-37.366],[141.218,-37.353],[141.229,-37.35]]]]}},{"type":"Feature","properties":{"state":"Victoria","state_code":"2","region_code":218,"region":"High Country"},"geometry":{"type":"MultiPolygon","coordinates":[[[[147.718,-35.944],[147.759,-35.955],[147.776,-35.968],[147.811,-35.968],[147.826,-35.98],[147.845,-35.986],[147.864,-35.991],[147.883,-36.002],[147.896,-35.994],[147.911,-36.002],[147.913,-36.017],[147.916,-36.028],[147.924,-36.037],[147.937,-36.044],[147.955,-36.042],[147.966,-36.043],[147.974,-36.039],[147.982,-36.041],[147.987,-36.048],[147.994,-36.049],[147.997,-36.061],[147.989,-36.07],[147.991,-36.081],[147.982,-36.088],[147.991,-36.096],[147.997,-36.104],[147.996,-36.111],[147.995,-36.119],[148.003,-36.131],[148.004,-36.138],[148.005,-36.14],[148.01,-36.136],[148.014,-36.137],[148.02,-36.142],[148.03,-36.14],[148.037,-36.141],[148.035,-36.147],[148.034,-36.152],[148.029,-36.154],[148.023,-36.153],[148.026,-36.16],[148.035,-36.163],[148.03,-36.167],[148.024,-36.171],[148.024,-36.175],[148.023,-36.18],[148.025,-36.185],[148.028,-36.188],[148.032,-36.193],[148.035,-36.196],[148.038,-36.201],[148.04,-36.209],[148.037,-36.214],[148.033,-36.216],[148.029,-36.223],[148.029,-36.226],[148.032,-36.233],[148.034,-36.239],[148.029,-36.244],[148.032,-36.249],[148.034,-36.255],[148.039,-36.261],[148.033,-36.266],[148.035,-36.273],[148.036,-36.279],[148.035,-36.284],[148.039,-36.286],[148.04,-36.293],[148.037,-36.295],[148.043,-36.299],[148.043,-36.304],[148.036,-36.307],[148.038,-36.314],[148.047,-36.315],[148.052,-36.319],[148.059,-36.319],[148.052,-36.324],[148.054,-36.332],[148.052,-36.338],[148.051,-36.343],[148.047,-36.35],[148.049,-36.355],[148.043,-36.356],[148.04,-36.363],[148.042,-36.367],[148.043,-36.368],[148.043,-36.374],[148.039,-36.379],[148.044,-36.383],[148.037,-36.39],[148.046,-36.391],[148.049,-36.398],[148.058,-36.401],[148.056,-36.408],[148.059,-36.414],[148.068,-36.417],[148.077,-36.419],[148.08,-36.426],[148.085,-36.431],[148.087,-36.438],[148.087,-36.447],[148.091,-36.453],[148.101,-36.456],[148.111,-36.457],[148.12,-36.461],[148.124,-36.467],[148.123,-36.475],[148.122,-36.481],[148.125,-36.484],[148.121,-36.491],[148.119,-36.496],[148.128,-36.504],[148.136,-36.521],[148.137,-36.533],[148.129,-36.545],[148.131,-36.561],[148.142,-36.565],[148.154,-36.562],[148.161,-36.572],[148.166,-36.577],[148.177,-36.578],[148.191,-36.578],[148.197,-36.586],[148.204,-36.589],[148.212,-36.594],[148.214,-36.6],[148.208,-36.609],[148.216,-36.616],[148.216,-36.629],[148.213,-36.64],[148.203,-36.654],[148.197,-36.669],[148.184,-36.684],[148.182,-36.693],[148.169,-36.714],[148.155,-36.719],[148.14,-36.73],[148.137,-36.739],[147.539,-36.746],[147.527,-36.756],[147.524,-36.772],[147.494,-36.781],[147.465,-36.794],[147.458,-36.803],[147.448,-36.8],[147.436,-36.798],[147.424,-36.789],[147.418,-36.783],[147.406,-36.777],[147.407,-36.765],[147.39,-36.758],[147.376,-36.751],[147.347,-36.75],[147.309,-36.732],[147.298,-36.734],[147.288,-36.749],[147.292,-36.756],[147.268,-36.778],[147.289,-36.807],[147.304,-36.831],[147.337,-36.835],[147.339,-36.864],[147.317,-36.876],[147.307,-36.89],[147.289,-36.907],[147.27,-37.009],[147.293,-37.007],[147.313,-37.02],[147.337,-37.03],[147.353,-37.035],[147.376,-37.031],[147.389,-37.037],[147.387,-37.05],[147.377,-37.1],[147.365,-37.102],[147.362,-37.111],[147.325,-37.124],[147.328,-37.143],[147.345,-37.161],[147.362,-37.188],[147.384,-37.205],[146.825,-37.2],[146.817,-37.19],[146.804,-37.184],[146.789,-37.178],[146.78,-37.165],[146.772,-37.153],[146.758,-37.148],[146.743,-37.156],[146.709,-37.155],[146.682,-37.143],[146.674,-37.133],[146.662,-37.123],[146.639,-37.133],[146.646,-37.161],[146.38,-37.624],[146.341,-37.617],[146.301,-37.592],[146.242,-37.607],[146.192,-37.582],[146.185,-37.546],[145.831,-37.531],[145.821,-37.537],[145.819,-37.547],[145.791,-37.562],[145.731,-37.584],[145.643,-37.592],[145.602,-37.568],[145.554,-37.584],[145.537,-37.563],[145.525,-37.564],[145.52,-37.561],[145.398,-37.538],[145.306,-37.521],[145.234,-37.447],[145.266,-37.373],[145.25,-37.355],[145.249,-37.35],[145.246,-37.347],[145.241,-37.344],[145.237,-37.344],[145.237,-37.341],[145.235,-37.338],[145.166,-37.253],[145.235,-37.157],[145.23,-37.133],[145.255,-37.139],[145.267,-37.136],[145.273,-37.142],[145.288,-37.119],[145.341,-37.1],[145.422,-37.005],[145.428,-37.006],[145.433,-37.007],[145.435,-37.008],[145.437,-37.011],[145.446,-37.013],[145.449,-37.017],[145.456,-37.014],[145.464,-37.019],[145.472,-37.022],[145.481,-37.023],[145.488,-37.023],[145.49,-37.021],[145.493,-37.017],[145.491,-37.013],[145.492,-37.007],[145.49,-37.003],[145.492,-37.0],[145.495,-36.998],[145.499,-36.993],[145.508,-36.991],[145.514,-36.989],[145.519,-36.993],[145.524,-36.994],[145.529,-36.993],[145.596,-36.955],[145.861,-36.905],[145.817,-36.724],[145.822,-36.455],[145.797,-36.456],[145.778,-36.446],[145.752,-36.427],[146.223,-36.186],[146.244,-36.182],[146.229,-36.169],[146.237,-36.146],[146.229,-36.131],[146.214,-36.108],[146.21,-36.097],[146.196,-36.084],[146.179,-36.051],[146.179,-36.039],[146.197,-36.034],[146.206,-36.039],[146.216,-36.033],[146.224,-36.03],[146.244,-36.028],[146.251,-36.02],[146.264,-36.022],[146.275,-36.019],[146.288,-36.015],[146.293,-36.029],[146.292,-36.039],[146.302,-36.037],[146.319,-36.042],[146.327,-36.032],[146.339,-36.026],[146.345,-36.029],[146.346,-36.032],[146.347,-36.037],[146.359,-36.041],[146.374,-36.047],[146.377,-36.038],[146.385,-36.038],[146.388,-36.035],[146.385,-36.032],[146.381,-36.03],[146.379,-36.026],[146.379,-36.022],[146.379,-36.017],[146.38,-36.013],[146.384,-36.01],[146.388,-36.007],[146.392,-36.007],[146.397,-36.008],[146.4,-36.005],[146.398,-36.0],[146.398,-35.996],[146.401,-35.992],[146.42,-35.978],[146.454,-35.964],[146.502,-35.989],[146.501,-35.963],[146.518,-35.96],[146.531,-35.975],[146.551,-35.988],[146.562,-35.975],[146.592,-35.974],[146.603,-35.973],[146.607,-35.974],[146.614,-35.973],[146.618,-35.976],[146.613,-35.978],[146.614,-35.981],[146.615,-35.983],[146.61,-35.985],[146.608,-35.988],[146.613,-35.99],[146.613,-35.995],[146.621,-35.994],[146.623,-35.999],[146.627,-35.999],[146.634,-36.0],[146.632,-36.004],[146.638,-36.007],[146.642,-36.007],[146.643,-36.005],[146.656,-36.018],[146.658,-36.026],[146.668,-36.018],[146.682,-36.025],[146.681,-36.037],[146.69,-36.03],[146.707,-36.031],[146.729,-36.028],[146.783,-36.173],[146.838,-36.256],[146.889,-36.236],[146.927,-36.228],[146.998,-36.22],[147.04,-36.111],[147.045,-36.104],[147.053,-36.099],[147.061,-36.084],[147.08,-36.056],[147.092,-36.052],[147.094,-36.045],[147.099,-36.039],[147.096,-36.031],[147.099,-36.024],[147.101,-36.02],[147.099,-36.012],[147.111,-36.01],[147.114,-36.008],[147.119,-36.0],[147.125,-36.008],[147.131,-36.02],[147.144,-36.031],[147.149,-36.032],[147.163,-36.031],[147.181,-36.038],[147.193,-36.045],[147.209,-36.049],[147.229,-36.045],[147.243,-36.039],[147.264,-36.039],[147.28,-36.043],[147.291,-36.043],[147.303,-36.048],[147.307,-36.054],[147.31,-36.06],[147.315,-36.057],[147.314,-36.053],[147.318,-36.06],[147.325,-36.057],[147.332,-36.047],[147.348,-36.036],[147.347,-36.025],[147.351,-36.012],[147.354,-35.999],[147.373,-35.98],[147.392,-35.972],[147.393,-35.953],[147.412,-35.948],[147.441,-35.956],[147.463,-35.945],[147.482,-35.948],[147.507,-35.957],[147.52,-35.969],[147.524,-35.987],[147.557,-36.002],[147.581,-35.978],[147.549,-35.978],[147.557,-35.968],[147.594,-35.972],[147.634,-35.963],[147.669,-35.943],[147.714,-35.935],[147.718,-35.944]]]]}},{"type":"Feature","properties":{"state":"Victoria","state_code":"2","region_code":217,"region":"Goulburn"},"geometry":{"type":"MultiPolygon","coordinates":[[[[145.139,-36.157],[145.17,-36.167],[145.188,-36.175],[145.209,-36.166],[145.229,-36.165],[145.242,-36.18],[145.257,-36.196],[145.632,-36.248],[145.765,-36.439],[145.78,-36.447],[145.804,-36.456],[145.819,-36.627],[145.836,-36.786],[145.704,-36.924],[145.531,-36.99],[145.528,-36.994],[145.523,-36.995],[145.518,-36.991],[145.512,-36.99],[145.505,-36.99],[145.498,-36.996],[145.494,-36.999],[145.49,-37.001],[145.489,-37.004],[145.492,-37.008],[145.491,-37.014],[145.493,-37.018],[145.49,-37.022],[145.485,-37.023],[145.476,-37.023],[145.469,-37.021],[145.461,-37.017],[145.455,-37.015],[145.447,-37.017],[145.444,-37.013],[145.436,-37.01],[145.433,-37.008],[145.431,-37.005],[145.425,-37.005],[145.361,-37.027],[145.29,-37.111],[145.287,-37.124],[145.273,-37.141],[145.26,-37.135],[145.252,-37.141],[145.23,-37.141],[145.208,-37.187],[145.169,-37.266],[145.236,-37.339],[145.237,-37.342],[145.238,-37.345],[145.242,-37.345],[145.247,-37.349],[145.249,-37.351],[145.254,-37.362],[145.255,-37.426],[145.225,-37.458],[145.195,-37.445],[145.187,-37.441],[145.188,-37.43],[145.183,-37.422],[145.171,-37.419],[145.162,-37.415],[145.15,-37.417],[145.146,-37.428],[145.134,-37.422],[145.067,-37.441],[145.004,-37.505],[144.999,-37.509],[144.995,-37.513],[144.887,-37.505],[144.888,-37.496],[144.898,-37.476],[144.901,-37.436],[144.904,-37.407],[144.916,-37.377],[144.892,-37.342],[144.874,-37.332],[144.849,-37.322],[144.712,-37.21],[144.596,-37.106],[144.55,-37.11],[144.53,-37.101],[144.538,-37.088],[144.538,-37.072],[144.545,-37.057],[144.55,-37.056],[144.545,-37.047],[144.545,-37.042],[144.549,-37.041],[144.547,-37.037],[144.54,-37.024],[144.543,-37.015],[144.696,-36.994],[144.829,-36.896],[145.042,-36.672],[145.105,-36.343],[145.131,-36.173],[145.137,-36.154],[145.139,-36.157]]]]}},{"type":"Feature","properties":{"state":"Victoria","state_code":"2","region_code":222,"region":"Yarra Valley and the Dandenong Ranges"},"geometry":{"type":"MultiPolygon","coordinates":[[[[145.257,-37.492],[145.38,-37.543],[145.47,-37.558],[145.524,-37.562],[145.53,-37.557],[145.547,-37.574],[145.573,-37.581],[145.602,-37.573],[145.666,-37.62],[145.745,-37.572],[145.817,-37.552],[145.822,-37.541],[145.824,-37.533],[145.883,-37.527],[146.187,-37.565],[146.186,-37.581],[146.172,-37.599],[146.151,-37.625],[146.14,-37.682],[146.145,-37.71],[146.163,-37.745],[146.137,-37.779],[146.115,-37.777],[146.087,-37.757],[146.015,-37.771],[145.929,-37.798],[145.896,-37.825],[145.856,-37.801],[145.816,-37.808],[145.796,-37.821],[145.794,-37.826],[145.804,-37.826],[145.806,-37.83],[145.809,-37.833],[145.811,-37.839],[145.809,-37.843],[145.804,-37.849],[145.804,-37.861],[145.751,-37.917],[145.734,-37.964],[145.762,-37.989],[145.762,-38.0],[145.765,-38.019],[145.756,-38.049],[145.752,-38.071],[145.747,-38.092],[145.715,-38.227],[145.638,-38.285],[145.565,-38.303],[145.516,-38.29],[145.496,-38.263],[145.491,-38.24],[145.465,-38.229],[145.44,-38.216],[145.427,-38.212],[145.4,-38.115],[145.398,-38.104],[145.389,-38.094],[145.385,-38.093],[145.383,-38.092],[145.383,-38.089],[145.382,-38.086],[145.377,-38.077],[145.377,-38.076],[145.378,-38.073],[145.378,-38.071],[145.38,-38.07],[145.381,-38.069],[145.377,-38.064],[145.375,-38.062],[145.376,-38.061],[145.374,-38.059],[145.371,-38.058],[145.37,-38.056],[145.368,-38.055],[145.368,-38.054],[145.367,-38.053],[145.366,-38.052],[145.364,-38.052],[145.364,-38.049],[145.366,-38.049],[145.367,-38.047],[145.366,-38.046],[145.365,-38.045],[145.365,-38.044],[145.367,-38.042],[145.367,-38.041],[145.366,-38.039],[145.367,-38.038],[145.368,-38.037],[145.369,-38.035],[145.371,-38.034],[145.374,-38.031],[145.374,-38.029],[145.377,-38.027],[145.377,-38.025],[145.378,-38.022],[145.379,-38.02],[145.379,-38.017],[145.382,-38.016],[145.384,-38.008],[145.383,-38.006],[145.382,-38.005],[145.38,-38.003],[145.379,-38.002],[145.378,-38.0],[145.38,-37.998],[145.379,-37.996],[145.378,-37.995],[145.377,-37.992],[145.376,-37.989],[145.379,-37.988],[145.381,-37.987],[145.382,-37.985],[145.382,-37.984],[145.382,-37.982],[145.382,-37.98],[145.381,-37.979],[145.38,-37.977],[145.38,-37.976],[145.295,-37.954],[145.307,-37.908],[145.324,-37.9],[145.304,-37.886],[145.309,-37.864],[145.339,-37.857],[145.306,-37.81],[145.307,-37.783],[145.306,-37.782],[145.306,-37.781],[145.308,-37.778],[145.307,-37.777],[145.306,-37.776],[145.304,-37.776],[145.303,-37.775],[145.3,-37.773],[145.294,-37.756],[145.29,-37.71],[145.284,-37.711],[145.282,-37.715],[145.273,-37.709],[145.269,-37.706],[145.256,-37.71],[145.25,-37.72],[145.238,-37.721],[145.242,-37.729],[145.238,-37.733],[145.23,-37.739],[145.217,-37.738],[145.203,-37.741],[145.208,-37.731],[145.192,-37.738],[145.182,-37.73],[145.176,-37.735],[145.163,-37.737],[145.15,-37.738],[145.135,-37.74],[145.141,-37.7],[145.092,-37.695],[145.102,-37.682],[145.085,-37.681],[145.087,-37.672],[145.091,-37.667],[145.096,-37.663],[145.103,-37.658],[145.105,-37.654],[145.104,-37.647],[145.102,-37.639],[145.11,-37.635],[145.113,-37.629],[145.123,-37.623],[145.22,-37.52],[145.235,-37.512],[145.235,-37.502],[145.235,-37.499],[145.238,-37.496],[145.257,-37.492]]]]}},{"type":"Feature","properties":{"state":"Victoria","state_code":"2","region_code":223,"region":"Murray East"},"geometry":{"type":"MultiPolygon","coordinates":[[[[146.731,-36.031],[146.743,-36.047],[146.747,-36.059],[146.761,-36.059],[146.783,-36.06],[146.802,-36.057],[146.819,-36.074],[146.829,-36.086],[146.864,-36.08],[146.882,-36.087],[146.906,-36.086],[146.911,-36.104],[146.918,-36.108],[146.929,-36.1],[146.95,-36.113],[146.95,-36.094],[146.957,-36.078],[146.975,-36.084],[146.99,-36.087],[147.012,-36.088],[147.019,-36.099],[146.999,-36.218],[146.947,-36.229],[146.891,-36.234],[146.862,-36.25],[146.785,-36.186],[146.728,-36.03],[146.731,-36.031]]]]}},{"type":"Feature","properties":{"state":"Victoria","state_code":"2","region_code":216,"region":"Gippsland"},"geometry":{"type":"MultiPolygon","coordinates":[[[[146.314,-39.136],[146.33,-39.141],[146.32,-39.144],[146.312,-39.135],[146.314,-39.136]]],[[[146.224,-39.071],[146.237,-39.086],[146.234,-39.096],[146.226,-39.087],[146.221,-39.073],[146.224,-39.071]]],[[[146.241,-39.017],[146.239,-39.029],[146.238,-39.023],[146.241,-39.017]]],[[[146.642,-38.747],[146.637,-38.749],[146.629,-38.748],[146.622,-38.749],[146.63,-38.748],[146.637,-38.746],[146.642,-38.747]]],[[[146.549,-38.74],[146.548,-38.742],[146.552,-38.742],[146.548,-38.746],[146.544,-38.742],[146.549,-38.74]]],[[[146.516,-38.721],[146.51,-38.724],[146.514,-38.721],[146.516,-38.721]]],[[[146.51,-38.719],[146.506,-38.723],[146.504,-38.727],[146.511,-38.726],[146.515,-38.73],[146.51,-38.734],[146.508,-38.736],[146.514,-38.737],[146.521,-38.735],[146.523,-38.731],[146.525,-38.73],[146.53,-38.729],[146.539,-38.728],[146.539,-38.731],[146.535,-38.736],[146.529,-38.738],[146.524,-38.742],[146.518,-38.745],[146.512,-38.748],[146.509,-38.754],[146.516,-38.753],[146.52,-38.75],[146.521,-38.753],[146.515,-38.757],[146.508,-38.76],[146.501,-38.759],[146.5,-38.763],[146.508,-38.763],[146.514,-38.762],[146.521,-38.76],[146.528,-38.759],[146.536,-38.757],[146.542,-38.758],[146.547,-38.757],[146.544,-38.755],[146.551,-38.751],[146.556,-38.748],[146.562,-38.744],[146.568,-38.741],[146.572,-38.737],[146.578,-38.735],[146.584,-38.739],[146.585,-38.743],[146.591,-38.741],[146.588,-38.745],[146.587,-38.748],[146.593,-38.744],[146.601,-38.744],[146.601,-38.746],[146.602,-38.752],[146.606,-38.751],[146.611,-38.752],[146.619,-38.753],[146.618,-38.755],[146.62,-38.758],[146.63,-38.758],[146.638,-38.757],[146.646,-38.755],[146.655,-38.755],[146.661,-38.752],[146.667,-38.747],[146.666,-38.745],[146.665,-38.75],[146.658,-38.755],[146.649,-38.756],[146.641,-38.757],[146.633,-38.758],[146.623,-38.759],[146.616,-38.757],[146.608,-38.757],[146.599,-38.759],[146.592,-38.762],[146.585,-38.766],[146.577,-38.772],[146.572,-38.777],[146.566,-38.782],[146.56,-38.786],[146.553,-38.789],[146.544,-38.791],[146.536,-38.789],[146.529,-38.784],[146.52,-38.781],[146.511,-38.779],[146.503,-38.777],[146.483,-38.762],[146.469,-38.747],[146.465,-38.74],[146.469,-38.738],[146.47,-38.733],[146.474,-38.729],[146.481,-38.727],[146.483,-38.729],[146.492,-38.729],[146.499,-38.726],[146.505,-38.721],[146.51,-38.719]]],[[[146.669,-38.719],[146.663,-38.723],[146.656,-38.725],[146.647,-38.727],[146.639,-38.726],[146.63,-38.725],[146.635,-38.724],[146.642,-38.723],[146.649,-38.722],[146.655,-38.722],[146.661,-38.721],[146.668,-38.719],[146.669,-38.719]]],[[[146.566,-38.713],[146.57,-38.715],[146.565,-38.713],[146.566,-38.713]]],[[[146.534,-38.716],[146.531,-38.715],[146.531,-38.714],[146.534,-38.716]]],[[[146.454,-38.711],[146.457,-38.713],[146.463,-38.713],[146.47,-38.713],[146.476,-38.712],[146.484,-38.713],[146.491,-38.714],[146.496,-38.718],[146.501,-38.717],[146.496,-38.721],[146.492,-38.724],[146.486,-38.72],[146.479,-38.718],[146.472,-38.719],[146.465,-38.719],[146.46,-38.724],[146.452,-38.727],[146.444,-38.728],[146.439,-38.726],[146.441,-38.72],[146.445,-38.714],[146.451,-38.711],[146.454,-38.711]]],[[[146.696,-38.708],[146.697,-38.71],[146.692,-38.709],[146.694,-38.709],[146.696,-38.708]]],[[[146.555,-38.703],[146.562,-38.705],[146.554,-38.704],[146.554,-38.703],[146.555,-38.703]]],[[[146.574,-38.704],[146.573,-38.702],[146.575,-38.704],[146.574,-38.704]]],[[[146.619,-38.698],[146.616,-38.701],[146.624,-38.702],[146.632,-38.701],[146.636,-38.7],[146.63,-38.703],[146.63,-38.706],[146.638,-38.706],[146.639,-38.701],[146.648,-38.7],[146.651,-38.702],[146.65,-38.706],[146.657,-38.702],[146.665,-38.702],[146.672,-38.703],[146.667,-38.706],[146.664,-38.708],[146.67,-38.706],[146.676,-38.708],[146.677,-38.709],[146.674,-38.714],[146.668,-38.715],[146.66,-38.715],[146.654,-38.718],[146.646,-38.72],[146.638,-38.72],[146.632,-38.723],[146.63,-38.722],[146.629,-38.724],[146.62,-38.724],[146.622,-38.722],[146.616,-38.723],[146.614,-38.721],[146.607,-38.724],[146.601,-38.721],[146.605,-38.718],[146.601,-38.717],[146.597,-38.719],[146.6,-38.724],[146.604,-38.726],[146.597,-38.724],[146.591,-38.719],[146.585,-38.715],[146.588,-38.711],[146.594,-38.707],[146.6,-38.703],[146.607,-38.699],[146.616,-38.698],[146.619,-38.698]]],[[[146.571,-38.697],[146.565,-38.698],[146.568,-38.697],[146.571,-38.697]]],[[[146.731,-38.696],[146.727,-38.699],[146.72,-38.703],[146.713,-38.707],[146.708,-38.711],[146.701,-38.716],[146.695,-38.72],[146.689,-38.726],[146.681,-38.728],[146.687,-38.725],[146.693,-38.721],[146.697,-38.715],[146.701,-38.712],[146.709,-38.709],[146.715,-38.704],[146.721,-38.7],[146.726,-38.696],[146.731,-38.696]]],[[[146.627,-38.69],[146.629,-38.695],[146.631,-38.698],[146.623,-38.695],[146.626,-38.69],[146.627,-38.69]]],[[[146.594,-38.689],[146.588,-38.691],[146.594,-38.688],[146.594,-38.689]]],[[[146.607,-38.684],[146.603,-38.687],[146.601,-38.684],[146.607,-38.684]]],[[[146.65,-38.683],[146.648,-38.684],[146.643,-38.687],[146.643,-38.684],[146.65,-38.683]]],[[[146.68,-38.677],[146.682,-38.679],[146.679,-38.682],[146.679,-38.685],[146.684,-38.688],[146.679,-38.69],[146.672,-38.686],[146.669,-38.681],[146.675,-38.677],[146.68,-38.677]]],[[[146.709,-38.677],[146.712,-38.682],[146.713,-38.685],[146.711,-38.686],[146.716,-38.687],[146.709,-38.69],[146.701,-38.692],[146.696,-38.691],[146.697,-38.684],[146.703,-38.681],[146.709,-38.677]]],[[[146.803,-38.677],[146.81,-38.676],[146.811,-38.678],[146.82,-38.678],[146.817,-38.679],[146.809,-38.68],[146.812,-38.681],[146.82,-38.682],[146.825,-38.682],[146.822,-38.685],[146.824,-38.684],[146.816,-38.683],[146.808,-38.681],[146.799,-38.681],[146.79,-38.681],[146.781,-38.682],[146.774,-38.685],[146.766,-38.688],[146.758,-38.691],[146.754,-38.689],[146.76,-38.688],[146.768,-38.686],[146.776,-38.683],[146.784,-38.68],[146.792,-38.678],[146.801,-38.676],[146.803,-38.677]]],[[[146.745,-38.678],[146.74,-38.679],[146.745,-38.675],[146.745,-38.678]]],[[[146.758,-38.675],[146.761,-38.674],[146.754,-38.675],[146.757,-38.675],[146.758,-38.675]]],[[[146.742,-38.667],[146.748,-38.669],[146.74,-38.669],[146.742,-38.667]]],[[[146.731,-38.662],[146.736,-38.667],[146.733,-38.668],[146.73,-38.663],[146.731,-38.662]]],[[[146.73,-38.664],[146.728,-38.668],[146.734,-38.671],[146.738,-38.674],[146.731,-38.677],[146.726,-38.672],[146.724,-38.677],[146.719,-38.682],[146.715,-38.682],[146.711,-38.677],[146.716,-38.678],[146.722,-38.674],[146.721,-38.668],[146.726,-38.665],[146.73,-38.663],[146.73,-38.664]]],[[[146.828,-38.661],[146.822,-38.664],[146.825,-38.663],[146.828,-38.661]]],[[[146.821,-38.661],[146.815,-38.664],[146.809,-38.666],[146.806,-38.666],[146.814,-38.663],[146.82,-38.661],[146.821,-38.661]]],[[[146.776,-38.657],[146.783,-38.658],[146.778,-38.658],[146.773,-38.658],[146.776,-38.657]]],[[[146.803,-38.655],[146.807,-38.656],[146.798,-38.657],[146.806,-38.658],[146.814,-38.658],[146.81,-38.659],[146.805,-38.661],[146.799,-38.661],[146.795,-38.664],[146.792,-38.667],[146.788,-38.67],[146.789,-38.665],[146.792,-38.66],[146.798,-38.656],[146.803,-38.655]]],[[[146.76,-38.653],[146.767,-38.655],[146.772,-38.658],[146.773,-38.661],[146.766,-38.66],[146.76,-38.659],[146.756,-38.655],[146.76,-38.653]]],[[[146.878,-38.639],[146.87,-38.645],[146.865,-38.65],[146.859,-38.655],[146.853,-38.66],[146.847,-38.665],[146.842,-38.67],[146.836,-38.676],[146.83,-38.68],[146.833,-38.677],[146.836,-38.671],[146.838,-38.665],[146.846,-38.661],[146.85,-38.657],[146.853,-38.654],[146.857,-38.652],[146.852,-38.655],[146.844,-38.656],[146.836,-38.655],[146.841,-38.653],[146.844,-38.652],[146.847,-38.651],[146.851,-38.648],[146.857,-38.645],[146.862,-38.64],[146.869,-38.64],[146.877,-38.639],[146.878,-38.639]]],[[[146.879,-38.628],[146.874,-38.631],[146.875,-38.632],[146.879,-38.628]]],[[[146.824,-38.613],[146.826,-38.62],[146.831,-38.618],[146.836,-38.617],[146.848,-38.614],[146.866,-38.616],[146.878,-38.615],[146.879,-38.625],[146.869,-38.63],[146.86,-38.63],[146.854,-38.634],[146.846,-38.636],[146.839,-38.639],[146.831,-38.642],[146.824,-38.645],[146.816,-38.648],[146.82,-38.649],[146.822,-38.651],[146.814,-38.65],[146.812,-38.648],[146.808,-38.648],[146.8,-38.647],[146.794,-38.645],[146.794,-38.639],[146.791,-38.633],[146.797,-38.631],[146.802,-38.632],[146.801,-38.626],[146.806,-38.619],[146.816,-38.616],[146.824,-38.613]]],[[[146.659,-37.123],[146.673,-37.132],[146.682,-37.142],[146.707,-37.155],[146.74,-37.156],[146.756,-37.15],[146.771,-37.152],[146.779,-37.164],[146.788,-37.177],[146.803,-37.183],[146.815,-37.189],[146.826,-37.199],[147.203,-37.292],[147.172,-37.368],[147.088,-37.363],[147.123,-37.407],[147.154,-37.499],[147.161,-37.589],[147.219,-37.63],[147.236,-37.746],[147.272,-37.834],[147.271,-37.873],[147.281,-37.887],[147.28,-37.903],[147.285,-37.92],[147.365,-37.929],[147.371,-37.962],[147.391,-37.981],[147.433,-38.008],[147.468,-38.036],[147.466,-38.047],[147.459,-38.06],[147.458,-38.072],[147.484,-38.069],[147.548,-38.054],[147.555,-38.054],[147.563,-38.053],[147.57,-38.054],[147.576,-38.05],[147.583,-38.044],[147.588,-38.038],[147.594,-38.035],[147.599,-38.032],[147.603,-38.029],[147.61,-38.026],[147.635,-38.003],[147.673,-37.973],[147.779,-37.936],[147.819,-37.93],[147.815,-37.919],[147.829,-37.903],[147.863,-37.9],[147.874,-37.898],[147.893,-37.901],[147.918,-37.9],[147.942,-37.894],[147.968,-37.888],[147.879,-37.919],[147.824,-37.94],[147.762,-37.968],[147.72,-37.99],[147.685,-38.011],[147.624,-38.049],[147.611,-38.057],[147.599,-38.066],[147.587,-38.074],[147.573,-38.084],[147.56,-38.092],[147.547,-38.101],[147.534,-38.111],[147.523,-38.118],[147.502,-38.133],[147.465,-38.161],[147.438,-38.182],[147.415,-38.202],[147.391,-38.221],[147.366,-38.241],[147.334,-38.266],[147.294,-38.297],[147.25,-38.333],[147.222,-38.354],[147.193,-38.376],[147.181,-38.385],[147.171,-38.394],[147.159,-38.403],[147.149,-38.412],[147.137,-38.421],[147.12,-38.434],[147.063,-38.478],[147.023,-38.513],[146.993,-38.538],[146.976,-38.554],[146.955,-38.574],[146.938,-38.59],[146.92,-38.606],[146.901,-38.621],[146.882,-38.63],[146.885,-38.625],[146.888,-38.62],[146.895,-38.618],[146.902,-38.608],[146.91,-38.607],[146.917,-38.603],[146.921,-38.599],[146.926,-38.594],[146.919,-38.597],[146.913,-38.602],[146.905,-38.606],[146.9,-38.609],[146.896,-38.612],[146.888,-38.611],[146.887,-38.613],[146.884,-38.611],[146.887,-38.606],[146.879,-38.606],[146.871,-38.608],[146.855,-38.606],[146.844,-38.605],[146.844,-38.61],[146.842,-38.616],[146.828,-38.613],[146.816,-38.612],[146.808,-38.617],[146.799,-38.621],[146.799,-38.627],[146.797,-38.627],[146.793,-38.624],[146.785,-38.623],[146.792,-38.626],[146.792,-38.627],[146.787,-38.632],[146.788,-38.638],[146.788,-38.642],[146.785,-38.646],[146.778,-38.646],[146.773,-38.647],[146.767,-38.65],[146.768,-38.652],[146.775,-38.654],[146.772,-38.654],[146.764,-38.653],[146.758,-38.651],[146.752,-38.654],[146.75,-38.659],[146.745,-38.662],[146.739,-38.662],[146.739,-38.664],[146.732,-38.661],[146.727,-38.657],[146.721,-38.654],[146.721,-38.648],[146.714,-38.648],[146.713,-38.652],[146.715,-38.657],[146.714,-38.663],[146.709,-38.666],[146.702,-38.666],[146.697,-38.67],[146.696,-38.674],[146.692,-38.675],[146.685,-38.672],[146.677,-38.671],[146.669,-38.671],[146.662,-38.672],[146.66,-38.671],[146.666,-38.669],[146.671,-38.664],[146.669,-38.658],[146.665,-38.652],[146.66,-38.647],[146.654,-38.644],[146.646,-38.651],[146.651,-38.655],[146.651,-38.66],[146.647,-38.665],[146.641,-38.669],[146.633,-38.671],[146.625,-38.673],[146.617,-38.674],[146.609,-38.675],[146.608,-38.678],[146.6,-38.68],[146.6,-38.677],[146.597,-38.676],[146.589,-38.676],[146.587,-38.677],[146.585,-38.682],[146.592,-38.683],[146.594,-38.685],[146.587,-38.687],[146.583,-38.691],[146.587,-38.694],[146.582,-38.698],[146.581,-38.693],[146.582,-38.687],[146.581,-38.684],[146.581,-38.681],[146.578,-38.681],[146.577,-38.688],[146.576,-38.689],[146.576,-38.683],[146.572,-38.678],[146.572,-38.682],[146.568,-38.68],[146.562,-38.679],[146.56,-38.681],[146.553,-38.684],[146.547,-38.684],[146.551,-38.686],[146.559,-38.685],[146.561,-38.684],[146.566,-38.689],[146.564,-38.694],[146.562,-38.697],[146.556,-38.695],[146.556,-38.689],[146.551,-38.693],[146.551,-38.7],[146.551,-38.704],[146.543,-38.701],[146.539,-38.695],[146.54,-38.69],[146.541,-38.686],[146.538,-38.689],[146.533,-38.687],[146.528,-38.689],[146.523,-38.689],[146.523,-38.691],[146.523,-38.694],[146.512,-38.693],[146.502,-38.69],[146.504,-38.683],[146.5,-38.685],[146.495,-38.683],[146.493,-38.687],[146.489,-38.696],[146.481,-38.697],[146.47,-38.699],[146.462,-38.7],[146.453,-38.7],[146.451,-38.697],[146.446,-38.697],[146.439,-38.695],[146.439,-38.699],[146.431,-38.703],[146.421,-38.706],[146.414,-38.71],[146.407,-38.717],[146.413,-38.718],[146.407,-38.722],[146.396,-38.721],[146.393,-38.721],[146.383,-38.718],[146.379,-38.701],[146.38,-38.693],[146.378,-38.688],[146.377,-38.684],[146.368,-38.684],[146.353,-38.674],[146.338,-38.68],[146.337,-38.689],[146.33,-38.688],[146.308,-38.692],[146.272,-38.689],[146.261,-38.688],[146.253,-38.696],[146.243,-38.689],[146.232,-38.69],[146.213,-38.695],[146.229,-38.698],[146.206,-38.712],[146.211,-38.715],[146.21,-38.717],[146.201,-38.716],[146.195,-38.724],[146.2,-38.728],[146.211,-38.729],[146.205,-38.735],[146.206,-38.739],[146.195,-38.736],[146.192,-38.73],[146.195,-38.748],[146.218,-38.772],[146.24,-38.811],[146.261,-38.806],[146.272,-38.806],[146.268,-38.811],[146.268,-38.819],[146.264,-38.825],[146.265,-38.833],[146.267,-38.84],[146.268,-38.846],[146.269,-38.853],[146.27,-38.86],[146.279,-38.864],[146.287,-38.87],[146.288,-38.886],[146.291,-38.904],[146.318,-38.905],[146.332,-38.89],[146.344,-38.877],[146.352,-38.869],[146.361,-38.867],[146.369,-38.86],[146.395,-38.852],[146.416,-38.851],[146.42,-38.819],[146.428,-38.8],[146.438,-38.786],[146.449,-38.781],[146.475,-38.79],[146.472,-38.829],[146.468,-38.864],[146.484,-38.882],[146.487,-38.894],[146.489,-38.91],[146.474,-38.916],[146.444,-38.961],[146.444,-38.993],[146.432,-39.011],[146.448,-39.019],[146.473,-39.027],[146.47,-39.027],[146.47,-39.036],[146.464,-39.042],[146.474,-39.046],[146.476,-39.054],[146.482,-39.062],[146.472,-39.065],[146.461,-39.058],[146.446,-39.059],[146.432,-39.066],[146.429,-39.086],[146.44,-39.091],[146.435,-39.105],[146.431,-39.113],[146.422,-39.122],[146.423,-39.13],[146.413,-39.128],[146.397,-39.133],[146.387,-39.129],[146.379,-39.133],[146.369,-39.134],[146.357,-39.128],[146.344,-39.123],[146.336,-39.107],[146.328,-39.096],[146.322,-39.086],[146.324,-39.077],[146.34,-39.075],[146.35,-39.06],[146.337,-39.06],[146.324,-39.053],[146.326,-39.042],[146.322,-39.029],[146.32,-39.028],[146.304,-39.039],[146.307,-39.028],[146.294,-39.024],[146.285,-39.022],[146.29,-39.012],[146.277,-39.0],[146.259,-38.995],[146.256,-38.992],[146.269,-38.989],[146.265,-38.969],[146.247,-38.939],[146.226,-38.91],[146.153,-38.85],[146.133,-38.837],[146.101,-38.822],[146.061,-38.812],[146.022,-38.819],[146.003,-38.838],[145.998,-38.859],[146.006,-38.876],[146.002,-38.88],[145.995,-38.884],[145.987,-38.889],[145.981,-38.894],[145.971,-38.897],[145.963,-38.899],[145.953,-38.896],[145.944,-38.896],[145.936,-38.898],[145.93,-38.904],[145.925,-38.907],[145.92,-38.907],[145.916,-38.903],[145.915,-38.899],[145.915,-38.895],[145.912,-38.892],[145.914,-38.886],[145.917,-38.879],[145.912,-38.865],[145.896,-38.831],[145.883,-38.803],[145.858,-38.761],[145.824,-38.719],[145.789,-38.684],[145.73,-38.648],[145.809,-38.62],[145.715,-38.553],[145.675,-38.483],[145.609,-38.318],[145.733,-38.269],[145.73,-38.154],[145.745,-38.086],[145.755,-38.062],[145.756,-38.043],[145.765,-38.015],[145.762,-37.996],[145.758,-37.986],[145.736,-37.949],[145.769,-37.881],[145.814,-37.859],[145.806,-37.848],[145.81,-37.841],[145.811,-37.837],[145.809,-37.83],[145.804,-37.829],[145.802,-37.826],[145.794,-37.825],[145.795,-37.816],[145.829,-37.812],[145.866,-37.808],[145.916,-37.826],[145.922,-37.773],[146.046,-37.773],[146.103,-37.768],[146.119,-37.785],[146.151,-37.769],[146.159,-37.732],[146.138,-37.704],[146.134,-37.664],[146.16,-37.604],[146.172,-37.593],[146.191,-37.588],[146.248,-37.609],[146.31,-37.597],[146.347,-37.623],[146.383,-37.613],[146.645,-37.157],[146.639,-37.128],[146.659,-37.123]]]]}},{"type":"Feature","properties":{"state":"Victoria","state_code":"2","region_code":219,"region":"Lakes"},"geometry":{"type":"MultiPolygon","coordinates":[[[[149.905,-37.549],[149.911,-37.553],[149.914,-37.556],[149.917,-37.561],[149.917,-37.564],[149.917,-37.568],[149.913,-37.569],[149.907,-37.568],[149.905,-37.563],[149.908,-37.559],[149.907,-37.552],[149.905,-37.549]]],[[[148.133,-36.75],[148.12,-36.758],[148.114,-36.768],[148.105,-36.786],[148.104,-36.79],[148.114,-36.803],[148.126,-36.802],[148.136,-36.795],[148.149,-36.792],[148.163,-36.794],[148.18,-36.796],[148.192,-36.799],[149.974,-37.507],[149.963,-37.514],[149.961,-37.516],[149.948,-37.518],[149.933,-37.523],[149.919,-37.53],[149.907,-37.542],[149.887,-37.541],[149.855,-37.542],[149.839,-37.545],[149.817,-37.545],[149.801,-37.548],[149.788,-37.553],[149.777,-37.557],[149.769,-37.562],[149.763,-37.571],[149.757,-37.576],[149.743,-37.582],[149.735,-37.591],[149.731,-37.596],[149.731,-37.599],[149.723,-37.606],[149.72,-37.612],[149.717,-37.616],[149.718,-37.621],[149.715,-37.626],[149.712,-37.631],[149.71,-37.638],[149.707,-37.643],[149.701,-37.647],[149.696,-37.652],[149.694,-37.655],[149.69,-37.658],[149.686,-37.662],[149.683,-37.668],[149.681,-37.671],[149.679,-37.678],[149.678,-37.684],[149.671,-37.687],[149.658,-37.69],[149.637,-37.695],[149.624,-37.698],[149.607,-37.706],[149.604,-37.71],[149.599,-37.718],[149.598,-37.722],[149.597,-37.725],[149.592,-37.724],[149.57,-37.724],[149.546,-37.729],[149.542,-37.734],[149.522,-37.739],[149.519,-37.745],[149.504,-37.749],[149.497,-37.757],[149.496,-37.762],[149.495,-37.767],[149.491,-37.771],[149.489,-37.774],[149.478,-37.772],[149.471,-37.77],[149.443,-37.772],[149.433,-37.776],[149.425,-37.777],[149.404,-37.775],[149.387,-37.778],[149.372,-37.775],[149.335,-37.778],[149.3,-37.785],[149.285,-37.797],[149.278,-37.8],[149.275,-37.804],[149.27,-37.8],[149.267,-37.795],[149.267,-37.791],[149.243,-37.78],[149.221,-37.778],[149.196,-37.778],[149.189,-37.779],[149.172,-37.778],[149.148,-37.778],[149.12,-37.777],[149.092,-37.778],[149.069,-37.779],[149.04,-37.78],[149.012,-37.781],[148.989,-37.781],[148.972,-37.781],[148.948,-37.781],[148.93,-37.781],[148.908,-37.783],[148.891,-37.787],[148.88,-37.789],[148.863,-37.785],[148.848,-37.785],[148.834,-37.785],[148.821,-37.786],[148.806,-37.787],[148.793,-37.789],[148.779,-37.791],[148.766,-37.793],[148.751,-37.797],[148.742,-37.802],[148.744,-37.806],[148.741,-37.806],[148.738,-37.807],[148.734,-37.808],[148.732,-37.81],[148.73,-37.813],[148.727,-37.815],[148.727,-37.813],[148.726,-37.81],[148.718,-37.805],[148.7,-37.802],[148.68,-37.802],[148.662,-37.803],[148.645,-37.804],[148.632,-37.807],[148.621,-37.806],[148.602,-37.803],[148.582,-37.802],[148.557,-37.803],[148.543,-37.803],[148.523,-37.801],[148.487,-37.802],[148.397,-37.803],[148.314,-37.809],[148.241,-37.819],[148.182,-37.831],[148.135,-37.844],[148.062,-37.867],[147.979,-37.889],[147.95,-37.893],[147.925,-37.899],[147.897,-37.9],[147.876,-37.901],[147.863,-37.894],[147.837,-37.9],[147.817,-37.915],[147.823,-37.925],[147.784,-37.934],[147.683,-37.968],[147.646,-37.998],[147.611,-38.026],[147.604,-38.029],[147.6,-38.032],[147.595,-38.035],[147.588,-38.037],[147.583,-38.043],[147.577,-38.049],[147.57,-38.054],[147.565,-38.054],[147.556,-38.054],[147.55,-38.054],[147.492,-38.073],[147.449,-38.074],[147.458,-38.064],[147.462,-38.05],[147.468,-38.038],[147.46,-38.009],[147.396,-37.98],[147.373,-37.969],[147.371,-37.936],[147.297,-37.916],[147.285,-37.906],[147.285,-37.891],[147.274,-37.877],[147.273,-37.843],[147.252,-37.748],[147.198,-37.724],[147.168,-37.608],[147.157,-37.514],[147.121,-37.419],[147.094,-37.369],[147.144,-37.351],[147.213,-37.313],[147.381,-37.202],[147.357,-37.179],[147.338,-37.157],[147.326,-37.139],[147.323,-37.12],[147.362,-37.108],[147.37,-37.103],[147.38,-37.099],[147.39,-37.046],[147.388,-37.033],[147.369,-37.031],[147.349,-37.034],[147.33,-37.027],[147.309,-37.015],[147.287,-37.005],[147.266,-37.007],[147.295,-36.9],[147.307,-36.883],[147.32,-36.872],[147.34,-36.857],[147.328,-36.829],[147.295,-36.828],[147.281,-36.799],[147.278,-36.772],[147.288,-36.754],[147.289,-36.747],[147.3,-36.733],[147.315,-36.733],[147.354,-36.75],[147.381,-36.752],[147.395,-36.758],[147.409,-36.768],[147.409,-36.78],[147.42,-36.784],[147.428,-36.79],[147.439,-36.8],[147.451,-36.801],[147.46,-36.803],[147.471,-36.788],[147.501,-36.776],[147.53,-36.768],[147.53,-36.755],[147.542,-36.743],[148.133,-36.75]]]]}},{"type":"Feature","properties":{"state":"Victoria","state_code":"2","region_code":225,"region":"Phillip Island"},"geometry":{"type":"MultiPolygon","coordinates":[[[[145.338,-38.496],[145.343,-38.504],[145.344,-38.507],[145.335,-38.501],[145.337,-38.495],[145.338,-38.496]]],[[[145.24,-38.446],[145.275,-38.451],[145.3,-38.453],[145.283,-38.455],[145.274,-38.46],[145.282,-38.458],[145.28,-38.461],[145.29,-38.457],[145.302,-38.458],[145.302,-38.467],[145.291,-38.481],[145.3,-38.489],[145.305,-38.491],[145.298,-38.499],[145.305,-38.508],[145.317,-38.508],[145.323,-38.508],[145.334,-38.505],[145.343,-38.51],[145.353,-38.509],[145.361,-38.511],[145.364,-38.516],[145.345,-38.523],[145.347,-38.542],[145.363,-38.551],[145.362,-38.555],[145.362,-38.558],[145.359,-38.562],[145.355,-38.567],[145.352,-38.566],[145.349,-38.563],[145.343,-38.56],[145.346,-38.556],[145.332,-38.537],[145.314,-38.523],[145.28,-38.51],[145.264,-38.508],[145.24,-38.507],[145.234,-38.516],[145.229,-38.521],[145.221,-38.53],[145.21,-38.525],[145.198,-38.519],[145.186,-38.515],[145.168,-38.512],[145.145,-38.516],[145.133,-38.518],[145.126,-38.518],[145.116,-38.519],[145.126,-38.508],[145.146,-38.504],[145.156,-38.477],[145.179,-38.462],[145.222,-38.45],[145.24,-38.446]]],[[[145.57,-38.305],[145.689,-38.461],[145.715,-38.553],[145.84,-38.569],[145.735,-38.645],[145.679,-38.663],[145.658,-38.676],[145.633,-38.674],[145.608,-38.677],[145.572,-38.655],[145.55,-38.631],[145.514,-38.587],[145.476,-38.553],[145.451,-38.549],[145.431,-38.539],[145.413,-38.538],[145.39,-38.536],[145.371,-38.535],[145.363,-38.522],[145.392,-38.519],[145.428,-38.504],[145.432,-38.486],[145.42,-38.471],[145.434,-38.434],[145.418,-38.408],[145.445,-38.409],[145.478,-38.408],[145.513,-38.416],[145.543,-38.385],[145.552,-38.352],[145.527,-38.334],[145.516,-38.317],[145.57,-38.305]]],[[[145.3,-38.282],[145.344,-38.308],[145.381,-38.313],[145.415,-38.306],[145.455,-38.308],[145.485,-38.339],[145.5,-38.354],[145.457,-38.366],[145.415,-38.37],[145.391,-38.392],[145.356,-38.413],[145.308,-38.401],[145.271,-38.401],[145.272,-38.383],[145.277,-38.377],[145.282,-38.331],[145.297,-38.308],[145.286,-38.306],[145.291,-38.294],[145.3,-38.282]]]]}},{"type":"Feature","properties":{"state":"Victoria","state_code":"2","region_code":210,"region":"Melbourne"},"geometry":{"type":"MultiPolygon","coordinates":[[[[145.116,-37.409],[145.143,-37.428],[145.149,-37.42],[145.157,-37.413],[145.169,-37.416],[145.179,-37.424],[145.187,-37.425],[145.189,-37.437],[145.187,-37.444],[145.219,-37.468],[145.236,-37.498],[145.236,-37.501],[145.236,-37.503],[145.235,-37.515],[145.142,-37.586],[145.12,-37.627],[145.109,-37.631],[145.11,-37.639],[145.104,-37.642],[145.104,-37.651],[145.105,-37.656],[145.099,-37.662],[145.09,-37.663],[145.085,-37.669],[145.087,-37.678],[145.094,-37.681],[145.1,-37.689],[145.119,-37.687],[145.135,-37.715],[145.146,-37.738],[145.154,-37.734],[145.169,-37.735],[145.18,-37.737],[145.192,-37.732],[145.198,-37.736],[145.212,-37.735],[145.213,-37.739],[145.224,-37.736],[145.227,-37.733],[145.243,-37.734],[145.236,-37.724],[145.243,-37.721],[145.255,-37.715],[145.264,-37.707],[145.272,-37.704],[145.276,-37.716],[145.287,-37.716],[145.292,-37.703],[145.292,-37.712],[145.298,-37.77],[145.302,-37.774],[145.304,-37.776],[145.305,-37.776],[145.306,-37.776],[145.308,-37.778],[145.306,-37.78],[145.306,-37.782],[145.307,-37.783],[145.307,-37.792],[145.338,-37.853],[145.327,-37.867],[145.306,-37.877],[145.314,-37.893],[145.308,-37.904],[145.322,-37.923],[145.379,-37.975],[145.379,-37.977],[145.38,-37.978],[145.381,-37.98],[145.382,-37.981],[145.382,-37.983],[145.382,-37.984],[145.381,-37.986],[145.38,-37.987],[145.377,-37.989],[145.376,-37.991],[145.378,-37.994],[145.378,-37.995],[145.38,-37.997],[145.379,-37.999],[145.378,-38.002],[145.379,-38.003],[145.381,-38.004],[145.382,-38.006],[145.383,-38.008],[145.384,-38.014],[145.38,-38.016],[145.38,-38.019],[145.379,-38.022],[145.378,-38.024],[145.377,-38.026],[145.375,-38.029],[145.374,-38.03],[145.372,-38.032],[145.37,-38.035],[145.368,-38.036],[145.367,-38.038],[145.366,-38.038],[145.367,-38.04],[145.367,-38.041],[145.366,-38.043],[145.365,-38.044],[145.366,-38.046],[145.367,-38.047],[145.366,-38.048],[145.365,-38.049],[145.364,-38.05],[145.365,-38.053],[145.367,-38.053],[145.367,-38.054],[145.369,-38.054],[145.369,-38.055],[145.372,-38.056],[145.372,-38.059],[145.376,-38.061],[145.375,-38.061],[145.376,-38.063],[145.38,-38.067],[145.381,-38.07],[145.378,-38.07],[145.378,-38.072],[145.376,-38.075],[145.377,-38.077],[145.38,-38.082],[145.382,-38.089],[145.382,-38.091],[145.385,-38.092],[145.387,-38.094],[145.392,-38.097],[145.4,-38.111],[145.422,-38.209],[145.426,-38.216],[145.391,-38.221],[145.369,-38.223],[145.342,-38.226],[145.332,-38.236],[145.311,-38.247],[145.274,-38.243],[145.26,-38.222],[145.222,-38.169],[145.131,-38.083],[145.121,-38.073],[145.117,-38.063],[145.112,-38.05],[145.105,-38.037],[145.098,-38.025],[145.089,-38.013],[145.081,-38.006],[145.071,-37.996],[145.057,-37.989],[145.044,-37.991],[145.038,-37.996],[145.028,-37.989],[145.017,-37.979],[145.011,-37.968],[145.007,-37.958],[144.996,-37.947],[144.987,-37.924],[144.985,-37.91],[144.984,-37.899],[144.981,-37.886],[144.974,-37.876],[144.971,-37.864],[144.954,-37.851],[144.93,-37.847],[144.915,-37.849],[144.907,-37.849],[144.903,-37.85],[144.899,-37.849],[144.904,-37.861],[144.913,-37.865],[144.904,-37.873],[144.885,-37.868],[144.877,-37.866],[144.865,-37.86],[144.855,-37.863],[144.842,-37.87],[144.824,-37.871],[144.81,-37.879],[144.808,-37.888],[144.801,-37.9],[144.797,-37.913],[144.786,-37.928],[144.759,-37.938],[144.741,-37.941],[144.719,-37.956],[144.7,-37.973],[144.679,-37.981],[144.653,-38.001],[144.616,-38.001],[144.585,-38.003],[144.576,-38.001],[144.573,-37.998],[144.573,-37.994],[144.571,-37.992],[144.568,-37.988],[144.567,-37.984],[144.565,-37.987],[144.56,-37.985],[144.554,-37.985],[144.552,-37.982],[144.545,-37.972],[144.535,-37.972],[144.525,-37.973],[144.521,-37.98],[144.514,-37.98],[144.508,-37.977],[144.497,-37.974],[144.496,-37.964],[144.492,-37.962],[144.488,-37.957],[144.482,-37.952],[144.477,-37.945],[144.48,-37.943],[144.479,-37.939],[144.476,-37.936],[144.477,-37.933],[144.475,-37.928],[144.481,-37.924],[144.481,-37.922],[144.477,-37.919],[144.479,-37.913],[144.485,-37.909],[144.482,-37.901],[144.479,-37.888],[144.468,-37.882],[144.464,-37.877],[144.455,-37.87],[144.491,-37.706],[144.517,-37.695],[144.518,-37.692],[144.516,-37.688],[144.515,-37.686],[144.515,-37.685],[144.514,-37.682],[144.512,-37.678],[144.514,-37.678],[144.512,-37.675],[144.514,-37.674],[144.516,-37.674],[144.518,-37.673],[144.516,-37.672],[144.519,-37.67],[144.516,-37.67],[144.516,-37.668],[144.519,-37.668],[144.52,-37.668],[144.521,-37.666],[144.519,-37.665],[144.519,-37.658],[144.517,-37.651],[144.519,-37.65],[144.517,-37.648],[144.518,-37.645],[144.518,-37.643],[144.519,-37.639],[144.52,-37.638],[144.519,-37.636],[144.52,-37.63],[144.519,-37.628],[144.523,-37.623],[144.526,-37.62],[144.528,-37.616],[144.527,-37.614],[144.524,-37.609],[144.526,-37.601],[144.534,-37.59],[144.54,-37.574],[144.551,-37.563],[144.665,-37.559],[144.654,-37.499],[144.671,-37.499],[144.685,-37.496],[144.701,-37.482],[144.726,-37.486],[144.763,-37.5],[144.868,-37.51],[144.869,-37.503],[144.879,-37.505],[144.888,-37.505],[144.995,-37.513],[145.0,-37.509],[145.004,-37.504],[145.075,-37.439],[145.116,-37.409]]]]}},{"type":"Feature","properties":{"state":"Victoria","state_code":"2","region_code":224,"region":"Peninsula"},"geometry":{"type":"MultiPolygon","coordinates":[[[[145.221,-38.075],[145.251,-38.227],[145.258,-38.239],[145.243,-38.258],[145.224,-38.276],[145.226,-38.294],[145.206,-38.303],[145.195,-38.297],[145.199,-38.309],[145.196,-38.323],[145.198,-38.333],[145.213,-38.359],[145.22,-38.378],[145.209,-38.376],[145.2,-38.369],[145.189,-38.373],[145.192,-38.376],[145.203,-38.378],[145.214,-38.383],[145.219,-38.39],[145.222,-38.396],[145.228,-38.399],[145.232,-38.407],[145.235,-38.407],[145.225,-38.408],[145.21,-38.407],[145.198,-38.403],[145.187,-38.399],[145.175,-38.397],[145.163,-38.396],[145.152,-38.393],[145.141,-38.392],[145.13,-38.391],[145.115,-38.398],[145.089,-38.408],[145.079,-38.423],[145.058,-38.429],[145.045,-38.437],[145.034,-38.455],[145.027,-38.472],[145.032,-38.486],[145.018,-38.483],[145.0,-38.483],[144.992,-38.485],[144.98,-38.487],[144.971,-38.489],[144.956,-38.488],[144.943,-38.493],[144.933,-38.495],[144.919,-38.495],[144.908,-38.491],[144.892,-38.493],[144.887,-38.496],[144.885,-38.487],[144.882,-38.472],[144.874,-38.462],[144.867,-38.455],[144.859,-38.448],[144.852,-38.443],[144.846,-38.438],[144.84,-38.432],[144.831,-38.425],[144.823,-38.419],[144.815,-38.413],[144.808,-38.407],[144.8,-38.401],[144.793,-38.395],[144.787,-38.391],[144.783,-38.388],[144.777,-38.383],[144.772,-38.379],[144.768,-38.375],[144.762,-38.372],[144.755,-38.368],[144.751,-38.363],[144.744,-38.36],[144.742,-38.355],[144.737,-38.353],[144.733,-38.351],[144.727,-38.346],[144.72,-38.344],[144.711,-38.339],[144.702,-38.334],[144.693,-38.33],[144.686,-38.325],[144.676,-38.319],[144.67,-38.317],[144.663,-38.312],[144.655,-38.306],[144.654,-38.303],[144.661,-38.307],[144.674,-38.306],[144.685,-38.308],[144.698,-38.312],[144.707,-38.318],[144.717,-38.318],[144.727,-38.321],[144.738,-38.325],[144.746,-38.337],[144.755,-38.344],[144.763,-38.353],[144.776,-38.36],[144.794,-38.364],[144.818,-38.369],[144.835,-38.37],[144.857,-38.367],[144.884,-38.36],[144.939,-38.343],[144.989,-38.316],[144.993,-38.304],[144.984,-38.298],[144.986,-38.293],[144.99,-38.287],[144.998,-38.279],[145.006,-38.271],[145.026,-38.252],[145.028,-38.237],[145.025,-38.227],[145.033,-38.216],[145.042,-38.213],[145.055,-38.205],[145.067,-38.194],[145.075,-38.178],[145.085,-38.17],[145.093,-38.164],[145.111,-38.153],[145.122,-38.129],[145.124,-38.111],[145.124,-38.094],[145.144,-38.083],[145.221,-38.075]]]]}},{"type":"Feature","properties":{"state":"Victoria","state_code":"2","region_code":213,"region":"Central Highlands"},"geometry":{"type":"MultiPolygon","coordinates":[[[[142.762,-36.405],[143.238,-36.41],[143.293,-36.422],[143.304,-36.448],[143.318,-36.48],[143.324,-36.498],[143.351,-36.514],[143.372,-36.532],[143.4,-36.551],[143.43,-36.569],[143.44,-36.591],[143.439,-36.605],[143.443,-36.618],[143.465,-36.62],[143.485,-36.628],[143.493,-36.645],[143.502,-36.659],[143.499,-36.673],[143.492,-36.689],[143.475,-36.712],[143.463,-36.729],[143.461,-36.745],[143.472,-36.761],[143.487,-36.778],[143.501,-36.801],[143.505,-36.805],[143.508,-36.81],[143.501,-36.82],[143.501,-36.835],[143.51,-36.849],[143.511,-36.856],[143.509,-36.87],[143.507,-36.874],[143.507,-36.876],[143.508,-36.878],[143.505,-36.88],[143.505,-36.882],[143.502,-36.886],[143.497,-36.889],[143.486,-36.893],[143.482,-36.902],[143.468,-36.911],[143.467,-36.93],[143.389,-36.934],[143.238,-36.909],[143.092,-36.965],[143.093,-36.968],[143.099,-36.971],[143.104,-36.976],[143.09,-37.155],[143.265,-37.283],[143.227,-37.292],[143.246,-37.336],[143.254,-37.356],[143.219,-37.419],[143.205,-37.428],[143.185,-37.532],[143.079,-37.715],[143.177,-37.739],[143.164,-37.758],[143.141,-37.77],[143.113,-37.776],[143.1,-37.812],[143.048,-37.823],[142.756,-37.814],[142.406,-37.604],[142.365,-37.544],[142.403,-37.491],[142.429,-37.453],[142.464,-37.418],[142.495,-37.358],[142.514,-37.305],[142.244,-37.15],[142.361,-37.021],[142.431,-36.869],[142.559,-36.911],[142.56,-36.87],[142.543,-36.857],[142.532,-36.845],[142.52,-36.838],[142.509,-36.824],[142.747,-36.678],[142.762,-36.405]]]]}},{"type":"Feature","properties":{"state":"Victoria","state_code":"2","region_code":229,"region":"Western Grampians"},"geometry":{"type":"MultiPolygon","coordinates":[[[[142.192,-36.385],[142.399,-36.462],[142.4,-36.486],[142.396,-36.502],[142.394,-36.518],[142.396,-36.538],[142.387,-36.559],[142.388,-36.578],[142.385,-36.6],[142.371,-36.628],[142.383,-36.661],[142.396,-36.679],[142.406,-36.701],[142.423,-36.711],[142.436,-36.724],[142.453,-36.73],[142.463,-36.737],[142.471,-36.75],[142.47,-36.761],[142.478,-36.772],[142.481,-36.776],[142.48,-36.783],[142.482,-36.785],[142.482,-36.788],[142.494,-36.798],[142.508,-36.818],[142.52,-36.837],[142.531,-36.843],[142.539,-36.855],[142.556,-36.867],[142.57,-36.879],[142.506,-36.909],[142.375,-36.983],[142.239,-37.141],[142.516,-37.293],[142.497,-37.343],[142.475,-37.406],[142.435,-37.447],[142.41,-37.486],[142.372,-37.525],[142.356,-37.594],[142.504,-37.811],[142.217,-37.963],[141.973,-37.985],[141.773,-37.91],[141.77,-37.762],[141.785,-37.725],[141.778,-37.726],[141.772,-37.728],[141.766,-37.725],[141.759,-37.727],[141.753,-37.721],[141.743,-37.719],[141.736,-37.712],[141.73,-37.711],[141.717,-37.714],[141.707,-37.704],[141.69,-37.7],[141.683,-37.686],[141.667,-37.676],[141.651,-37.661],[141.646,-37.652],[141.643,-37.644],[141.63,-37.647],[141.621,-37.639],[141.61,-37.643],[141.599,-37.646],[141.587,-37.644],[141.583,-37.628],[141.583,-37.62],[141.573,-37.612],[141.558,-37.617],[141.542,-37.613],[141.534,-37.605],[141.518,-37.604],[141.527,-37.516],[141.577,-37.426],[141.576,-37.426],[141.575,-37.425],[141.573,-37.426],[141.572,-37.427],[141.569,-37.426],[141.566,-37.428],[141.558,-37.424],[141.551,-37.423],[141.549,-37.419],[141.547,-37.422],[141.547,-37.423],[141.544,-37.421],[141.542,-37.42],[141.221,-37.349],[141.227,-37.366],[141.253,-37.375],[141.274,-37.388],[141.273,-37.409],[141.267,-37.421],[141.263,-37.428],[140.971,-36.957],[141.755,-36.547],[142.012,-36.556],[142.024,-36.532],[142.022,-36.505],[142.192,-36.385]]]]}},{"type":"Feature","properties":{"state":"Victoria","state_code":"2","region_code":230,"region":"Wimmera"},"geometry":{"type":"MultiPolygon","coordinates":[[[[142.643,-35.194],[142.751,-35.202],[143.003,-35.249],[143.122,-35.491],[143.2,-35.56],[143.26,-35.655],[143.285,-35.655],[143.32,-35.663],[143.336,-35.709],[143.342,-35.715],[143.348,-35.721],[143.35,-35.726],[143.348,-35.731],[143.355,-35.737],[143.364,-35.742],[143.37,-35.752],[143.365,-35.77],[143.357,-35.786],[143.353,-35.804],[143.406,-35.883],[143.403,-36.017],[143.407,-36.013],[143.416,-36.008],[143.424,-36.0],[143.432,-35.983],[143.564,-36.224],[143.54,-36.245],[143.468,-36.372],[143.352,-36.491],[143.304,-36.451],[143.292,-36.423],[143.283,-36.407],[142.798,-36.409],[142.501,-36.804],[142.482,-36.79],[142.481,-36.787],[142.481,-36.783],[142.48,-36.779],[142.48,-36.772],[142.475,-36.769],[142.475,-36.755],[142.465,-36.742],[142.456,-36.732],[142.443,-36.727],[142.427,-36.716],[142.412,-36.707],[142.402,-36.69],[142.382,-36.672],[142.37,-36.643],[142.373,-36.615],[142.387,-36.588],[142.384,-36.568],[142.392,-36.546],[142.394,-36.527],[142.395,-36.507],[142.404,-36.495],[142.398,-36.473],[142.404,-36.451],[142.017,-36.497],[142.022,-36.529],[142.011,-36.555],[142.004,-36.566],[140.964,-36.018],[142.222,-35.311],[142.567,-35.303],[142.614,-35.294],[142.624,-35.193],[142.643,-35.194]]]]}},{"type":"Feature","properties":{"state":"Victoria","state_code":"2","region_code":221,"region":"Mallee"},"geometry":{"type":"MultiPolygon","coordinates":[[[[140.968,-33.99],[140.986,-34.01],[140.991,-34.032],[141.012,-34.024],[141.002,-34.036],[141.018,-34.056],[141.032,-34.047],[141.043,-34.047],[141.059,-34.056],[141.077,-34.063],[141.092,-34.077],[141.095,-34.05],[141.124,-34.065],[141.14,-34.063],[141.151,-34.059],[141.148,-34.069],[141.161,-34.084],[141.178,-34.085],[141.188,-34.079],[141.211,-34.061],[141.222,-34.066],[141.237,-34.065],[141.247,-34.073],[141.25,-34.086],[141.267,-34.089],[141.285,-34.104],[141.303,-34.114],[141.318,-34.118],[141.326,-34.129],[141.334,-34.13],[141.361,-34.111],[141.369,-34.122],[141.385,-34.127],[141.405,-34.127],[141.41,-34.148],[141.434,-34.149],[141.451,-34.161],[141.479,-34.163],[141.504,-34.168],[141.514,-34.185],[141.519,-34.203],[141.515,-34.215],[141.531,-34.197],[141.555,-34.198],[141.583,-34.199],[141.599,-34.192],[141.589,-34.178],[141.599,-34.156],[141.586,-34.151],[141.609,-34.153],[141.616,-34.144],[141.63,-34.143],[141.649,-34.118],[141.687,-34.102],[141.715,-34.114],[141.726,-34.098],[141.75,-34.103],[141.755,-34.111],[141.778,-34.102],[141.781,-34.117],[141.804,-34.118],[141.843,-34.132],[141.854,-34.132],[141.877,-34.137],[141.885,-34.117],[141.908,-34.114],[141.929,-34.128],[141.939,-34.13],[141.959,-34.133],[141.969,-34.124],[141.995,-34.12],[142.015,-34.112],[142.031,-34.116],[142.055,-34.126],[142.075,-34.131],[142.067,-34.145],[142.078,-34.158],[142.088,-34.173],[142.111,-34.175],[142.119,-34.16],[142.139,-34.16],[142.155,-34.151],[142.162,-34.162],[142.166,-34.174],[142.18,-34.183],[142.189,-34.18],[142.211,-34.183],[142.226,-34.194],[142.23,-34.208],[142.236,-34.207],[142.243,-34.209],[142.235,-34.223],[142.244,-34.242],[142.237,-34.257],[142.249,-34.283],[142.24,-34.308],[142.273,-34.304],[142.283,-34.314],[142.299,-34.328],[142.36,-34.329],[142.391,-34.343],[142.369,-34.358],[142.37,-34.373],[142.351,-34.397],[142.352,-34.419],[142.368,-34.436],[142.36,-34.461],[142.38,-34.467],[142.363,-34.487],[142.365,-34.502],[142.371,-34.499],[142.386,-34.502],[142.377,-34.511],[142.377,-34.519],[142.378,-34.525],[142.368,-34.528],[142.373,-34.535],[142.376,-34.537],[142.382,-34.543],[142.389,-34.549],[142.402,-34.545],[142.407,-34.547],[142.41,-34.557],[142.406,-34.566],[142.417,-34.568],[142.427,-34.563],[142.429,-34.572],[142.435,-34.576],[142.447,-34.578],[142.454,-34.585],[142.454,-34.575],[142.45,-34.566],[142.455,-34.558],[142.468,-34.564],[142.473,-34.575],[142.465,-34.583],[142.46,-34.59],[142.471,-34.594],[142.466,-34.603],[142.465,-34.611],[142.46,-34.615],[142.463,-34.623],[142.453,-34.631],[142.46,-34.635],[142.474,-34.639],[142.479,-34.641],[142.472,-34.652],[142.471,-34.665],[142.478,-34.673],[142.495,-34.67],[142.498,-34.678],[142.5,-34.699],[142.505,-34.73],[142.508,-34.741],[142.51,-34.751],[142.521,-34.757],[142.527,-34.76],[142.533,-34.753],[142.538,-34.762],[142.553,-34.772],[142.59,-34.771],[142.598,-34.774],[142.605,-34.78],[142.619,-34.786],[142.632,-34.784],[142.644,-34.776],[142.646,-34.765],[142.64,-34.758],[142.627,-34.761],[142.621,-34.758],[142.619,-34.752],[142.618,-34.74],[142.628,-34.731],[142.651,-34.73],[142.664,-34.724],[142.684,-34.737],[142.676,-34.726],[142.692,-34.727],[142.687,-34.717],[142.691,-34.702],[142.681,-34.688],[142.683,-34.671],[142.706,-34.679],[142.71,-34.664],[142.694,-34.657],[142.697,-34.641],[142.704,-34.623],[142.69,-34.619],[142.701,-34.605],[142.718,-34.598],[142.736,-34.601],[142.758,-34.601],[142.76,-34.588],[142.747,-34.579],[142.764,-34.579],[142.776,-34.574],[142.774,-34.567],[142.788,-34.552],[142.804,-34.553],[142.801,-34.567],[142.792,-34.582],[142.804,-34.588],[142.81,-34.61],[142.821,-34.601],[142.833,-34.611],[142.848,-34.62],[142.864,-34.631],[142.862,-34.639],[142.868,-34.659],[142.873,-34.671],[142.887,-34.68],[142.896,-34.673],[142.901,-34.662],[142.924,-34.648],[142.934,-34.659],[142.959,-34.668],[142.964,-34.68],[142.978,-34.692],[142.982,-34.685],[142.979,-34.675],[142.981,-34.67],[142.988,-34.663],[142.991,-34.669],[142.999,-34.671],[143.018,-34.674],[143.008,-34.69],[143.024,-34.684],[143.03,-34.693],[143.044,-34.699],[143.044,-34.687],[143.057,-34.698],[143.071,-34.679],[143.08,-34.698],[143.101,-34.695],[143.114,-34.681],[143.113,-34.686],[143.11,-34.701],[143.127,-34.695],[143.12,-34.704],[143.134,-34.705],[143.148,-34.712],[143.159,-34.698],[143.164,-34.714],[143.175,-34.714],[143.18,-34.717],[143.197,-34.719],[143.207,-34.734],[143.218,-34.734],[143.221,-34.746],[143.225,-34.759],[143.234,-34.747],[143.247,-34.757],[143.274,-34.753],[143.252,-34.771],[143.274,-34.781],[143.285,-34.785],[143.313,-34.785],[143.348,-34.792],[143.355,-34.82],[143.344,-34.844],[143.356,-34.847],[143.346,-34.866],[143.34,-34.881],[143.328,-34.896],[143.337,-34.94],[143.318,-34.954],[143.335,-35.002],[143.333,-35.022],[143.336,-35.038],[143.325,-35.041],[143.334,-35.046],[143.337,-35.049],[143.343,-35.059],[143.343,-35.065],[143.343,-35.078],[143.343,-35.087],[143.346,-35.102],[143.356,-35.101],[143.368,-35.12],[143.391,-35.146],[143.385,-35.165],[143.394,-35.177],[143.397,-35.193],[143.429,-35.194],[143.457,-35.198],[143.479,-35.219],[143.518,-35.212],[143.548,-35.209],[143.578,-35.213],[143.565,-35.236],[143.574,-35.257],[143.581,-35.267],[143.588,-35.276],[143.582,-35.289],[143.574,-35.303],[143.563,-35.323],[143.57,-35.343],[143.585,-35.346],[143.603,-35.362],[143.616,-35.373],[143.624,-35.385],[143.63,-35.391],[143.65,-35.395],[143.667,-35.386],[143.677,-35.371],[143.693,-35.384],[143.706,-35.388],[143.718,-35.393],[143.745,-35.39],[143.764,-35.395],[143.759,-35.417],[143.789,-35.422],[143.818,-35.441],[143.842,-35.459],[143.862,-35.48],[143.889,-35.486],[143.91,-35.499],[143.936,-35.501],[143.96,-35.504],[143.969,-35.51],[143.978,-35.534],[143.989,-35.554],[144.012,-35.562],[144.019,-35.553],[144.034,-35.556],[144.041,-35.555],[144.047,-35.56],[144.06,-35.569],[144.067,-35.578],[144.077,-35.582],[144.097,-35.587],[144.106,-35.594],[144.109,-35.6],[144.112,-35.609],[144.118,-35.62],[144.125,-35.631],[144.131,-35.64],[144.143,-35.647],[144.152,-35.644],[144.155,-35.65],[144.158,-35.66],[144.168,-35.672],[144.182,-35.673],[144.187,-35.676],[144.194,-35.685],[144.206,-35.686],[144.217,-35.692],[144.22,-35.699],[144.224,-35.71],[144.24,-35.719],[144.248,-35.73],[144.254,-35.737],[144.263,-35.75],[144.273,-35.748],[144.283,-35.739],[144.298,-35.74],[144.295,-35.754],[144.308,-35.755],[144.317,-35.756],[144.327,-35.756],[144.32,-35.767],[144.335,-35.77],[144.345,-35.77],[144.352,-35.775],[144.356,-35.787],[144.362,-35.793],[144.377,-35.795],[144.374,-35.805],[144.375,-35.812],[144.367,-35.815],[144.371,-35.82],[144.384,-35.819],[144.379,-35.829],[144.379,-35.833],[144.373,-35.839],[144.381,-35.844],[144.387,-35.855],[144.391,-35.859],[144.403,-35.86],[144.405,-35.861],[144.406,-35.871],[144.406,-35.876],[144.408,-35.882],[144.412,-35.887],[144.417,-35.897],[144.379,-35.885],[144.35,-35.922],[144.243,-35.925],[144.209,-35.917],[144.186,-35.925],[144.187,-35.932],[144.185,-35.936],[144.186,-35.939],[144.185,-35.946],[143.863,-35.934],[143.866,-35.931],[143.869,-35.928],[143.875,-35.926],[143.872,-35.924],[143.871,-35.92],[143.872,-35.918],[143.438,-35.983],[143.424,-36.0],[143.416,-36.008],[143.407,-36.013],[143.404,-36.017],[143.406,-35.884],[143.353,-35.805],[143.356,-35.786],[143.366,-35.77],[143.371,-35.752],[143.364,-35.742],[143.355,-35.737],[143.348,-35.731],[143.35,-35.726],[143.348,-35.721],[143.342,-35.715],[143.336,-35.709],[143.318,-35.665],[143.285,-35.655],[143.26,-35.655],[143.201,-35.561],[143.123,-35.491],[143.004,-35.264],[142.751,-35.203],[142.644,-35.194],[142.614,-35.286],[142.578,-35.304],[142.341,-35.295],[142.042,-35.464],[140.968,-33.99]]]]}},{"type":"Feature","properties":{"state":"Victoria","state_code":"2","region_code":214,"region":"Central Murray"},"geometry":{"type":"MultiPolygon","coordinates":[[[[145.534,-35.805],[145.535,-35.808],[145.539,-35.814],[145.547,-35.813],[145.557,-35.818],[145.566,-35.83],[145.571,-35.837],[145.58,-35.845],[145.585,-35.849],[145.594,-35.85],[145.588,-35.858],[145.59,-35.862],[145.596,-35.867],[145.604,-35.875],[145.602,-35.868],[145.625,-35.862],[145.623,-35.868],[145.615,-35.875],[145.62,-35.875],[145.628,-35.875],[145.62,-35.883],[145.631,-35.887],[145.638,-35.892],[145.649,-35.895],[145.65,-35.899],[145.66,-35.907],[145.662,-35.913],[145.669,-35.914],[145.669,-35.917],[145.673,-35.919],[145.679,-35.919],[145.683,-35.93],[145.688,-35.923],[145.701,-35.923],[145.696,-35.935],[145.704,-35.934],[145.711,-35.936],[145.715,-35.938],[145.721,-35.935],[145.726,-35.942],[145.727,-35.946],[145.723,-35.945],[145.719,-35.944],[145.716,-35.947],[145.717,-35.951],[145.723,-35.953],[145.727,-35.953],[145.73,-35.951],[145.735,-35.952],[145.735,-35.955],[145.731,-35.959],[145.737,-35.959],[145.75,-35.963],[145.758,-35.958],[145.768,-35.966],[145.78,-35.965],[145.793,-35.974],[145.813,-35.992],[145.826,-35.98],[145.846,-35.983],[145.852,-35.97],[145.869,-35.957],[145.897,-35.953],[145.9,-35.965],[145.915,-35.969],[145.933,-35.973],[145.952,-35.961],[145.945,-35.97],[145.965,-35.996],[145.96,-36.009],[145.971,-36.01],[145.976,-36.009],[145.995,-36.011],[146.006,-36.003],[146.018,-36.003],[146.027,-35.997],[146.035,-35.997],[146.053,-36.001],[146.059,-36.014],[146.075,-36.013],[146.092,-36.021],[146.096,-36.011],[146.112,-36.01],[146.124,-36.013],[146.139,-36.007],[146.131,-36.02],[146.146,-36.02],[146.161,-36.024],[146.178,-36.026],[146.197,-36.062],[146.214,-36.088],[146.207,-36.103],[146.209,-36.112],[146.241,-36.137],[146.237,-36.156],[146.242,-36.168],[146.236,-36.187],[146.033,-36.264],[145.504,-36.199],[145.254,-36.187],[145.235,-36.169],[145.226,-36.161],[145.2,-36.157],[145.184,-36.184],[145.159,-36.16],[145.133,-36.164],[145.132,-36.215],[145.032,-36.426],[144.771,-36.751],[144.772,-36.75],[144.666,-36.763],[144.519,-36.724],[144.519,-36.719],[144.521,-36.716],[144.519,-36.713],[144.525,-36.706],[144.525,-36.697],[144.523,-36.693],[144.526,-36.69],[144.529,-36.69],[144.531,-36.692],[144.534,-36.69],[144.533,-36.687],[144.53,-36.681],[144.531,-36.674],[144.528,-36.67],[144.529,-36.666],[144.525,-36.66],[144.533,-36.658],[144.538,-36.654],[144.539,-36.651],[144.543,-36.648],[144.544,-36.643],[144.547,-36.637],[144.552,-36.63],[144.56,-36.627],[144.56,-36.625],[144.564,-36.621],[144.589,-36.596],[144.587,-36.562],[144.615,-36.542],[144.624,-36.528],[144.623,-36.505],[144.619,-36.502],[144.616,-36.503],[144.614,-36.503],[144.614,-36.5],[144.618,-36.494],[144.623,-36.48],[144.639,-36.475],[144.654,-36.465],[144.671,-36.457],[144.671,-36.443],[144.665,-36.433],[144.669,-36.416],[144.274,-36.25],[144.272,-36.233],[144.269,-36.222],[144.278,-36.19],[144.289,-36.163],[144.29,-36.129],[144.31,-36.105],[144.313,-36.081],[144.309,-36.056],[144.31,-36.043],[144.295,-36.025],[144.279,-36.007],[144.283,-35.989],[144.265,-35.956],[144.344,-35.894],[144.407,-35.901],[144.42,-35.9],[144.418,-35.905],[144.423,-35.906],[144.426,-35.919],[144.439,-35.925],[144.446,-35.931],[144.458,-35.936],[144.466,-35.933],[144.471,-35.94],[144.472,-35.946],[144.476,-35.946],[144.479,-35.953],[144.487,-35.951],[144.482,-35.959],[144.488,-35.965],[144.497,-35.969],[144.5,-35.966],[144.511,-35.97],[144.514,-35.988],[144.535,-35.999],[144.547,-36.003],[144.555,-36.006],[144.561,-36.013],[144.565,-36.013],[144.571,-36.018],[144.58,-36.021],[144.582,-36.029],[144.585,-36.039],[144.596,-36.04],[144.609,-36.041],[144.612,-36.033],[144.616,-36.041],[144.615,-36.05],[144.609,-36.063],[144.612,-36.07],[144.622,-36.077],[144.627,-36.067],[144.627,-36.06],[144.631,-36.05],[144.641,-36.055],[144.652,-36.052],[144.654,-36.067],[144.657,-36.071],[144.665,-36.076],[144.669,-36.072],[144.679,-36.068],[144.688,-36.061],[144.692,-36.07],[144.685,-36.082],[144.684,-36.093],[144.694,-36.091],[144.7,-36.087],[144.713,-36.09],[144.721,-36.091],[144.725,-36.099],[144.72,-36.106],[144.725,-36.113],[144.735,-36.115],[144.741,-36.108],[144.747,-36.119],[144.758,-36.119],[144.772,-36.117],[144.787,-36.121],[144.801,-36.12],[144.813,-36.113],[144.81,-36.109],[144.81,-36.102],[144.823,-36.103],[144.84,-36.094],[144.843,-36.083],[144.847,-36.074],[144.855,-36.071],[144.858,-36.07],[144.863,-36.061],[144.877,-36.059],[144.89,-36.063],[144.902,-36.063],[144.913,-36.063],[144.931,-36.067],[144.936,-36.075],[144.95,-36.083],[144.964,-36.079],[144.978,-36.074],[144.987,-36.061],[144.982,-36.048],[144.968,-36.042],[144.966,-36.03],[144.962,-36.018],[144.949,-36.014],[144.941,-36.002],[144.932,-35.995],[144.927,-35.989],[144.924,-35.985],[144.926,-35.977],[144.93,-35.97],[144.937,-35.966],[144.945,-35.963],[144.955,-35.963],[144.955,-35.954],[144.955,-35.947],[144.951,-35.942],[144.951,-35.935],[144.95,-35.928],[144.953,-35.921],[144.956,-35.914],[144.962,-35.91],[144.967,-35.904],[144.965,-35.898],[144.969,-35.891],[144.974,-35.885],[144.971,-35.88],[144.972,-35.874],[144.972,-35.861],[144.991,-35.859],[144.995,-35.852],[145.004,-35.853],[145.014,-35.857],[145.024,-35.851],[145.033,-35.848],[145.039,-35.839],[145.047,-35.838],[145.05,-35.838],[145.056,-35.836],[145.069,-35.835],[145.075,-35.827],[145.078,-35.827],[145.092,-35.826],[145.091,-35.835],[145.099,-35.828],[145.106,-35.826],[145.115,-35.823],[145.121,-35.821],[145.126,-35.83],[145.128,-35.821],[145.134,-35.828],[145.139,-35.831],[145.15,-35.833],[145.158,-35.834],[145.154,-35.843],[145.167,-35.843],[145.178,-35.841],[145.184,-35.835],[145.195,-35.837],[145.205,-35.838],[145.217,-35.838],[145.224,-35.842],[145.224,-35.834],[145.235,-35.83],[145.244,-35.832],[145.256,-35.836],[145.263,-35.841],[145.258,-35.85],[145.27,-35.848],[145.278,-35.852],[145.284,-35.854],[145.293,-35.854],[145.309,-35.86],[145.317,-35.855],[145.326,-35.853],[145.336,-35.859],[145.347,-35.861],[145.356,-35.867],[145.371,-35.859],[145.382,-35.854],[145.397,-35.85],[145.411,-35.849],[145.411,-35.84],[145.414,-35.831],[145.425,-35.829],[145.433,-35.832],[145.442,-35.836],[145.448,-35.828],[145.454,-35.824],[145.464,-35.824],[145.468,-35.815],[145.475,-35.812],[145.485,-35.813],[145.495,-35.811],[145.505,-35.811],[145.512,-35.813],[145.516,-35.817],[145.522,-35.819],[145.523,-35.816],[145.527,-35.809],[145.533,-35.804],[145.536,-35.803],[145.534,-35.805]]]]}},{"type":"Feature","properties":{"state":"Queensland","state_code":"3","region_code":310,"region":"Brisbane"},"geometry":{"type":"MultiPolygon","coordinates":[[[[153.329,-27.679],[153.337,-27.695],[153.327,-27.677],[153.329,-27.679]]],[[[153.407,-27.656],[153.396,-27.66],[153.411,-27.65],[153.407,-27.656]]],[[[153.362,-27.685],[153.353,-27.67],[153.356,-27.657],[153.362,-27.685]]],[[[153.331,-27.637],[153.335,-27.643],[153.341,-27.648],[153.333,-27.667],[153.325,-27.649],[153.331,-27.637]]],[[[153.403,-27.637],[153.404,-27.645],[153.39,-27.662],[153.393,-27.682],[153.388,-27.706],[153.372,-27.686],[153.366,-27.668],[153.378,-27.646],[153.397,-27.646],[153.403,-27.637]]],[[[153.34,-27.621],[153.352,-27.633],[153.339,-27.63],[153.34,-27.621]]],[[[153.383,-27.617],[153.385,-27.626],[153.374,-27.625],[153.383,-27.617]]],[[[153.34,-27.604],[153.34,-27.61],[153.334,-27.616],[153.34,-27.604]]],[[[153.363,-27.582],[153.365,-27.591],[153.361,-27.605],[153.365,-27.617],[153.37,-27.611],[153.374,-27.62],[153.358,-27.628],[153.349,-27.615],[153.353,-27.596],[153.357,-27.584],[153.363,-27.582]]],[[[153.332,-27.563],[153.323,-27.575],[153.327,-27.569],[153.332,-27.563]]],[[[153.36,-27.487],[153.373,-27.492],[153.359,-27.502],[153.347,-27.513],[153.341,-27.507],[153.338,-27.496],[153.357,-27.491],[153.36,-27.486],[153.36,-27.487]]],[[[153.184,-27.394],[153.189,-27.402],[153.179,-27.396],[153.184,-27.394]]],[[[153.458,-27.39],[153.513,-27.421],[153.543,-27.429],[153.537,-27.445],[153.512,-27.499],[153.496,-27.538],[153.48,-27.583],[153.468,-27.628],[153.457,-27.679],[153.444,-27.732],[153.445,-27.72],[153.433,-27.729],[153.42,-27.741],[153.393,-27.707],[153.399,-27.677],[153.411,-27.654],[153.411,-27.621],[153.412,-27.602],[153.414,-27.577],[153.411,-27.563],[153.41,-27.533],[153.406,-27.503],[153.405,-27.492],[153.421,-27.473],[153.429,-27.45],[153.434,-27.433],[153.439,-27.41],[153.441,-27.392],[153.458,-27.39]]],[[[153.456,-27.024],[153.466,-27.039],[153.444,-27.097],[153.426,-27.167],[153.417,-27.272],[153.423,-27.358],[153.411,-27.312],[153.377,-27.232],[153.365,-27.145],[153.367,-27.057],[153.397,-27.042],[153.399,-27.043],[153.431,-27.035],[153.44,-27.031],[153.456,-27.024]]],[[[153.132,-26.811],[153.13,-26.833],[153.13,-26.857],[153.132,-26.882],[153.139,-26.909],[153.146,-26.933],[153.154,-26.961],[153.167,-26.998],[153.187,-27.039],[153.208,-27.082],[153.164,-27.096],[153.154,-27.072],[153.136,-27.054],[153.121,-27.029],[153.101,-27.015],[153.089,-26.988],[153.087,-26.954],[153.085,-26.936],[153.114,-26.888],[153.127,-26.866],[153.127,-26.841],[153.131,-26.817],[153.132,-26.811]]],[[[152.285,-26.453],[152.362,-26.464],[152.435,-26.529],[152.441,-26.555],[152.582,-26.605],[152.557,-26.705],[152.583,-26.739],[152.668,-26.78],[152.756,-26.799],[152.804,-26.825],[152.868,-26.88],[152.923,-26.96],[152.947,-26.966],[153.018,-26.977],[153.064,-26.997],[153.073,-27.008],[153.085,-27.027],[153.101,-27.034],[153.11,-27.049],[153.098,-27.055],[153.1,-27.064],[153.125,-27.063],[153.143,-27.081],[153.123,-27.087],[153.095,-27.095],[153.065,-27.113],[153.036,-27.166],[153.031,-27.186],[153.048,-27.194],[153.073,-27.201],[153.112,-27.192],[153.118,-27.214],[153.117,-27.231],[153.109,-27.258],[153.093,-27.256],[153.081,-27.262],[153.07,-27.245],[153.073,-27.239],[153.079,-27.265],[153.07,-27.312],[153.076,-27.321],[153.083,-27.322],[153.088,-27.327],[153.091,-27.338],[153.095,-27.343],[153.15,-27.361],[153.158,-27.38],[153.133,-27.422],[153.061,-27.44],[153.051,-27.44],[153.048,-27.45],[153.054,-27.466],[153.049,-27.474],[153.042,-27.474],[153.04,-27.466],[153.024,-27.474],[153.012,-27.469],[153.0,-27.479],[152.995,-27.486],[152.997,-27.491],[153.002,-27.493],[153.01,-27.492],[153.016,-27.493],[153.02,-27.5],[153.013,-27.503],[153.0,-27.507],[153.001,-27.517],[153.009,-27.52],[152.997,-27.522],[152.988,-27.516],[152.979,-27.508],[152.972,-27.505],[152.968,-27.507],[152.971,-27.528],[152.972,-27.539],[152.952,-27.529],[152.917,-27.543],[152.894,-27.598],[152.902,-27.603],[152.896,-27.584],[152.902,-27.558],[152.916,-27.544],[152.939,-27.528],[152.958,-27.535],[152.971,-27.545],[152.973,-27.537],[152.972,-27.525],[152.969,-27.51],[152.975,-27.507],[152.982,-27.513],[152.987,-27.518],[152.995,-27.525],[153.012,-27.519],[153.006,-27.506],[153.023,-27.502],[153.021,-27.495],[153.016,-27.491],[153.011,-27.49],[153.006,-27.49],[153.0,-27.49],[153.014,-27.47],[153.022,-27.476],[153.03,-27.482],[153.034,-27.479],[153.034,-27.469],[153.037,-27.466],[153.044,-27.478],[153.051,-27.476],[153.055,-27.473],[153.057,-27.469],[153.056,-27.466],[153.054,-27.462],[153.054,-27.457],[153.053,-27.451],[153.051,-27.445],[153.057,-27.442],[153.068,-27.444],[153.083,-27.45],[153.098,-27.448],[153.136,-27.426],[153.142,-27.422],[153.155,-27.404],[153.182,-27.391],[153.166,-27.397],[153.174,-27.407],[153.174,-27.412],[153.17,-27.418],[153.171,-27.422],[153.169,-27.426],[153.172,-27.43],[153.187,-27.449],[153.194,-27.471],[153.203,-27.474],[153.218,-27.482],[153.231,-27.482],[153.239,-27.473],[153.241,-27.468],[153.241,-27.479],[153.254,-27.483],[153.258,-27.491],[153.264,-27.502],[153.262,-27.511],[153.281,-27.515],[153.288,-27.521],[153.281,-27.537],[153.283,-27.547],[153.289,-27.558],[153.309,-27.565],[153.313,-27.581],[153.312,-27.588],[153.302,-27.604],[153.311,-27.617],[153.313,-27.638],[153.309,-27.65],[153.315,-27.667],[153.316,-27.68],[153.317,-27.703],[153.295,-27.7],[153.232,-27.706],[153.232,-27.725],[153.207,-27.739],[153.192,-27.774],[153.179,-27.796],[153.179,-27.826],[153.185,-27.885],[153.223,-27.959],[153.238,-28.014],[153.197,-28.151],[153.191,-28.209],[153.194,-28.253],[153.176,-28.25],[153.175,-28.274],[153.165,-28.288],[153.154,-28.299],[153.138,-28.311],[153.126,-28.326],[153.116,-28.344],[153.099,-28.357],[153.072,-28.351],[153.05,-28.342],[153.017,-28.339],[152.987,-28.338],[152.968,-28.332],[152.948,-28.335],[152.93,-28.336],[152.911,-28.328],[152.896,-28.322],[152.885,-28.313],[152.872,-28.312],[152.852,-28.311],[152.839,-28.322],[152.828,-28.326],[152.822,-28.336],[152.81,-28.342],[152.809,-28.349],[152.801,-28.354],[152.79,-28.352],[152.781,-28.347],[152.77,-28.349],[152.759,-28.355],[152.756,-28.363],[152.743,-28.36],[152.721,-28.345],[152.7,-28.336],[152.65,-28.313],[152.624,-28.29],[152.618,-28.278],[152.612,-28.273],[152.599,-28.289],[152.599,-28.311],[152.593,-28.324],[152.583,-28.332],[152.578,-28.338],[152.569,-28.324],[152.556,-28.322],[152.549,-28.321],[152.541,-28.313],[152.525,-28.303],[152.529,-28.291],[152.533,-28.273],[152.535,-28.263],[152.521,-28.26],[152.506,-28.251],[152.491,-28.254],[152.469,-28.232],[152.445,-28.184],[152.42,-28.119],[152.417,-28.081],[152.409,-28.068],[152.391,-28.057],[152.39,-28.038],[152.382,-28.023],[152.377,-28.007],[152.38,-27.988],[152.394,-27.977],[152.402,-27.965],[152.412,-27.883],[152.392,-27.757],[152.421,-27.653],[152.449,-27.656],[152.483,-27.611],[152.489,-27.604],[152.487,-27.51],[152.476,-27.478],[152.313,-27.415],[152.197,-27.378],[152.193,-27.311],[152.203,-27.298],[152.199,-27.287],[152.175,-27.282],[152.18,-27.252],[152.172,-27.211],[152.147,-27.122],[152.158,-27.109],[152.178,-27.092],[152.217,-27.078],[152.221,-27.064],[152.22,-27.024],[152.181,-26.981],[152.131,-26.962],[152.183,-26.853],[152.153,-26.73],[152.108,-26.708],[152.079,-26.662],[152.095,-26.654],[152.142,-26.595],[152.155,-26.478],[152.21,-26.512],[152.217,-26.509],[152.222,-26.505],[152.259,-26.475],[152.285,-26.453]]]]}},{"type":"Feature","properties":{"state":"Queensland","state_code":"3","region_code":320,"region":"Tropical North Queensland"},"geometry":{"type":"MultiPolygon","coordinates":[[[[146.224,-18.194],[146.29,-18.333],[146.339,-18.41],[146.262,-18.489],[146.177,-18.351],[146.084,-18.243],[146.216,-18.281],[146.225,-18.214],[146.224,-18.194]]],[[[146.288,-18.146],[146.288,-18.148],[146.287,-18.147],[146.287,-18.146],[146.288,-18.146]]],[[[146.152,-17.998],[146.151,-18.003],[146.155,-18.007],[146.153,-18.009],[146.151,-18.01],[146.149,-18.009],[146.144,-18.006],[146.146,-18.001],[146.152,-17.998]]],[[[139.63,-17.063],[139.624,-17.099],[139.6,-17.133],[139.616,-17.099],[139.63,-17.063]]],[[[139.512,-16.998],[139.519,-17.105],[139.474,-17.095],[139.439,-17.139],[139.457,-17.036],[139.498,-17.002],[139.512,-16.998]]],[[[146.001,-16.923],[145.989,-16.943],[146.001,-16.922],[146.001,-16.923]]],[[[139.551,-16.391],[139.69,-16.468],[139.679,-16.52],[139.588,-16.532],[139.541,-16.488],[139.481,-16.534],[139.494,-16.561],[139.471,-16.588],[139.451,-16.665],[139.385,-16.642],[139.324,-16.711],[139.227,-16.73],[139.174,-16.667],[139.18,-16.595],[139.255,-16.498],[139.444,-16.448],[139.551,-16.391]]],[[[145.459,-14.649],[145.474,-14.661],[145.472,-14.677],[145.463,-14.682],[145.449,-14.681],[145.447,-14.667],[145.451,-14.653],[145.459,-14.649]]],[[[144.998,-14.539],[144.991,-14.539],[144.996,-14.537],[144.998,-14.539]]],[[[144.981,-14.523],[144.968,-14.526],[144.979,-14.523],[144.981,-14.523]]],[[[144.277,-14.22],[144.273,-14.237],[144.26,-14.233],[144.249,-14.224],[144.253,-14.22],[144.27,-14.223],[144.277,-14.22]]],[[[144.239,-14.132],[144.225,-14.169],[144.226,-14.15],[144.239,-14.132]]],[[[144.526,-14.114],[144.532,-14.123],[144.528,-14.12],[144.526,-14.114]]],[[[142.113,-10.969],[142.102,-10.977],[142.108,-10.997],[142.113,-10.969]]],[[[142.537,-10.702],[142.597,-10.742],[142.543,-10.835],[142.506,-10.913],[142.506,-10.955],[142.557,-10.875],[142.584,-10.899],[142.611,-10.917],[142.685,-10.974],[142.749,-11.006],[142.752,-11.031],[142.783,-11.071],[142.787,-11.232],[142.858,-11.355],[142.835,-11.56],[142.859,-11.721],[142.869,-11.853],[142.946,-11.903],[143.109,-11.906],[143.21,-11.962],[143.179,-12.008],[143.082,-12.16],[143.089,-12.234],[143.1,-12.344],[143.194,-12.349],[143.273,-12.409],[143.291,-12.524],[143.384,-12.585],[143.41,-12.688],[143.358,-12.845],[143.391,-12.892],[143.446,-12.85],[143.478,-12.864],[143.501,-12.859],[143.534,-12.839],[143.499,-12.955],[143.512,-13.046],[143.506,-13.146],[143.575,-13.373],[143.551,-13.617],[143.55,-13.807],[143.663,-14.003],[143.7,-14.175],[143.794,-14.419],[143.961,-14.486],[144.18,-14.361],[144.2,-14.307],[144.197,-14.261],[144.285,-14.303],[144.342,-14.304],[144.42,-14.266],[144.499,-14.166],[144.57,-14.231],[144.582,-14.313],[144.613,-14.357],[144.649,-14.368],[144.621,-14.444],[144.64,-14.496],[144.66,-14.509],[144.753,-14.551],[144.777,-14.556],[144.866,-14.612],[144.922,-14.652],[144.944,-14.667],[144.949,-14.695],[144.962,-14.74],[145.003,-14.764],[145.065,-14.798],[145.144,-14.832],[145.194,-14.837],[145.219,-14.868],[145.246,-14.913],[145.285,-14.958],[145.334,-14.952],[145.349,-14.969],[145.316,-15.015],[145.235,-15.143],[145.245,-15.209],[145.317,-15.258],[145.345,-15.236],[145.353,-15.277],[145.284,-15.33],[145.288,-15.37],[145.239,-15.462],[145.264,-15.472],[145.278,-15.507],[145.321,-15.57],[145.32,-15.588],[145.329,-15.595],[145.327,-15.603],[145.324,-15.603],[145.317,-15.606],[145.367,-15.747],[145.361,-15.832],[145.363,-15.922],[145.452,-16.018],[145.447,-16.149],[145.47,-16.281],[145.405,-16.433],[145.469,-16.512],[145.508,-16.568],[145.519,-16.586],[145.53,-16.609],[145.55,-16.628],[145.568,-16.652],[145.583,-16.688],[145.612,-16.697],[145.636,-16.712],[145.664,-16.736],[145.672,-16.754],[145.691,-16.78],[145.695,-16.775],[145.699,-16.784],[145.718,-16.802],[145.73,-16.814],[145.746,-16.846],[145.774,-16.873],[145.77,-16.873],[145.771,-16.883],[145.765,-16.889],[145.763,-16.905],[145.78,-16.927],[145.783,-16.936],[145.792,-16.921],[145.798,-16.909],[145.812,-16.906],[145.825,-16.891],[145.839,-16.88],[145.853,-16.88],[145.864,-16.897],[145.885,-16.906],[145.9,-16.896],[145.911,-16.885],[145.916,-16.866],[145.931,-16.87],[145.942,-16.881],[145.955,-16.893],[145.954,-16.907],[145.932,-16.921],[145.93,-16.951],[145.899,-16.986],[145.889,-17.056],[145.963,-17.176],[146.035,-17.359],[146.056,-17.507],[146.034,-17.525],[146.117,-17.608],[146.097,-17.786],[146.097,-17.912],[146.063,-18.009],[146.026,-18.262],[146.129,-18.367],[146.199,-18.451],[146.187,-18.533],[146.147,-18.517],[146.121,-18.487],[146.099,-18.415],[146.017,-18.39],[145.911,-18.384],[145.832,-18.402],[145.794,-18.397],[145.756,-18.413],[145.73,-18.455],[145.265,-18.382],[145.153,-18.364],[145.161,-18.391],[145.139,-18.563],[145.094,-18.566],[145.053,-18.531],[144.956,-18.479],[144.751,-18.725],[144.284,-19.575],[143.698,-19.591],[143.325,-19.625],[141.417,-19.243],[139.928,-19.031],[139.997,-19.251],[140.032,-19.38],[140.06,-19.496],[137.995,-17.044],[138.154,-16.668],[138.333,-16.738],[138.477,-16.778],[138.652,-16.778],[138.913,-16.876],[139.038,-16.94],[139.144,-17.057],[139.166,-17.193],[139.274,-17.344],[139.497,-17.415],[139.62,-17.521],[139.727,-17.555],[139.833,-17.602],[140.01,-17.716],[140.2,-17.703],[140.404,-17.669],[140.667,-17.544],[140.827,-17.458],[140.9,-17.305],[140.922,-17.216],[140.951,-17.06],[141.079,-16.825],[141.233,-16.59],[141.301,-16.482],[141.331,-16.308],[141.425,-16.052],[141.391,-15.913],[141.467,-15.543],[141.58,-15.199],[141.657,-15.054],[141.651,-14.973],[141.539,-14.532],[141.596,-14.109],[141.469,-13.912],[141.604,-13.438],[141.643,-13.166],[141.631,-12.915],[141.771,-12.791],[141.86,-12.665],[141.878,-12.585],[141.77,-12.553],[141.693,-12.552],[141.702,-12.271],[141.88,-11.954],[141.919,-12.088],[141.929,-12.104],[141.991,-12.001],[142.025,-11.652],[142.118,-11.224],[142.13,-10.962],[142.27,-10.913],[142.323,-10.902],[142.361,-10.861],[142.4,-10.803],[142.425,-10.743],[142.514,-10.699],[142.537,-10.702]]],[[[142.196,-10.594],[142.274,-10.707],[142.225,-10.723],[142.143,-10.744],[142.117,-10.66],[142.196,-10.594]]],[[[142.216,-10.522],[142.227,-10.528],[142.231,-10.537],[142.223,-10.542],[142.222,-10.55],[142.221,-10.56],[142.215,-10.565],[142.208,-10.568],[142.199,-10.572],[142.189,-10.569],[142.182,-10.562],[142.186,-10.551],[142.195,-10.544],[142.202,-10.546],[142.206,-10.54],[142.211,-10.526],[142.216,-10.522]]],[[[142.829,-10.204],[142.818,-10.209],[142.825,-10.204],[142.829,-10.204]]],[[[142.277,-10.122],[142.333,-10.163],[142.285,-10.255],[142.193,-10.186],[142.277,-10.122]]],[[[142.179,-10.059],[142.16,-10.175],[142.088,-10.112],[142.179,-10.059]]],[[[143.072,-10.049],[143.075,-10.051],[143.065,-10.052],[143.063,-10.05],[143.071,-10.049],[143.072,-10.049]]],[[[142.186,-9.943],[142.19,-9.946],[142.197,-9.945],[142.201,-9.95],[142.198,-9.953],[142.183,-9.969],[142.175,-9.969],[142.178,-9.944],[142.186,-9.943]]],[[[142.767,-9.895],[142.78,-9.896],[142.781,-9.906],[142.768,-9.905],[142.766,-9.896],[142.767,-9.895]]],[[[143.407,-9.748],[143.42,-9.751],[143.403,-9.749],[143.407,-9.748]]],[[[143.779,-9.572],[143.783,-9.576],[143.783,-9.586],[143.778,-9.593],[143.772,-9.598],[143.761,-9.599],[143.758,-9.595],[143.757,-9.583],[143.77,-9.581],[143.776,-9.575],[143.779,-9.572]]],[[[142.671,-9.376],[142.727,-9.422],[142.62,-9.38],[142.671,-9.376]]],[[[142.227,-9.234],[142.245,-9.291],[142.221,-9.229],[142.227,-9.234]]]]}},{"type":"Feature","properties":{"state":"Queensland","state_code":"3","region_code":318,"region":"Outback Queensland"},"geometry":{"type":"MultiPolygon","coordinates":[[[[140.009,-19.024],[141.668,-19.323],[143.394,-19.577],[143.947,-19.622],[144.417,-19.697],[144.825,-20.318],[144.978,-20.48],[145.268,-21.364],[146.287,-22.5],[146.405,-22.508],[146.553,-22.866],[146.648,-22.89],[146.698,-22.953],[146.782,-23.027],[146.789,-23.128],[146.874,-23.201],[146.863,-23.288],[147.262,-23.422],[147.214,-23.579],[147.219,-23.784],[147.163,-23.974],[146.95,-24.197],[146.701,-24.378],[146.596,-24.451],[146.705,-24.617],[146.885,-24.605],[146.907,-24.648],[146.914,-24.731],[147.359,-24.876],[147.552,-24.82],[147.664,-24.771],[147.817,-24.735],[147.947,-24.873],[148.084,-25.0],[148.29,-25.161],[148.437,-25.254],[148.657,-25.302],[148.744,-25.413],[148.978,-25.356],[148.861,-25.175],[148.816,-25.025],[148.831,-24.952],[148.863,-24.91],[148.994,-24.873],[149.097,-25.08],[149.096,-25.132],[149.162,-25.104],[149.189,-25.026],[149.27,-25.062],[149.336,-24.989],[149.447,-25.002],[149.47,-24.864],[149.672,-24.725],[149.753,-24.374],[149.837,-24.145],[149.844,-23.989],[149.899,-23.951],[149.955,-23.893],[149.997,-23.766],[150.089,-23.664],[150.143,-23.655],[150.289,-23.746],[150.332,-23.812],[150.476,-23.843],[150.616,-23.879],[150.698,-24.041],[150.783,-24.155],[150.79,-24.257],[150.841,-24.364],[150.939,-24.408],[150.865,-24.559],[150.829,-24.555],[150.876,-24.716],[150.592,-24.845],[150.475,-25.233],[150.411,-25.572],[150.148,-25.821],[150.016,-25.859],[149.889,-25.822],[149.768,-25.905],[149.217,-26.061],[149.4,-26.276],[149.773,-26.298],[149.701,-26.552],[149.607,-26.814],[149.635,-27.027],[149.642,-27.075],[149.496,-27.479],[148.935,-28.465],[149.058,-28.904],[149.055,-28.912],[149.048,-28.919],[149.044,-28.926],[149.045,-28.934],[149.042,-28.939],[149.037,-28.944],[149.035,-28.951],[149.031,-28.957],[149.02,-28.958],[149.015,-28.958],[149.011,-28.958],[149.005,-28.963],[148.993,-28.972],[148.982,-28.976],[148.976,-28.977],[148.971,-28.984],[148.969,-28.988],[148.965,-28.992],[148.961,-28.997],[143.69,-28.999],[139.237,-25.997],[138.239,-19.237],[140.051,-19.473],[140.033,-19.366],[139.977,-19.226],[140.009,-19.024]]]]}},{"type":"Feature","properties":{"state":"Queensland","state_code":"3","region_code":313,"region":"Southern Queensland Country"},"geometry":{"type":"MultiPolygon","coordinates":[[[[150.522,-25.643],[150.685,-25.904],[150.92,-26.005],[151.113,-26.087],[151.115,-26.079],[151.33,-26.039],[151.487,-25.916],[151.543,-25.855],[151.75,-25.935],[151.811,-26.018],[151.967,-26.067],[151.976,-26.149],[152.079,-26.298],[152.004,-26.367],[152.12,-26.383],[152.15,-26.404],[152.138,-26.479],[152.133,-26.608],[152.093,-26.654],[152.074,-26.665],[152.12,-26.715],[152.155,-26.753],[152.189,-26.876],[152.151,-26.966],[152.176,-26.983],[152.227,-27.061],[152.222,-27.066],[152.216,-27.077],[152.176,-27.093],[152.157,-27.113],[152.142,-27.129],[152.174,-27.209],[152.175,-27.256],[152.181,-27.274],[152.201,-27.289],[152.203,-27.299],[152.193,-27.313],[152.191,-27.383],[152.368,-27.401],[152.48,-27.482],[152.499,-27.512],[152.488,-27.605],[152.482,-27.613],[152.445,-27.654],[152.413,-27.66],[152.409,-27.797],[152.411,-27.901],[152.401,-27.968],[152.392,-27.976],[152.379,-27.99],[152.376,-28.009],[152.383,-28.025],[152.392,-28.04],[152.39,-28.06],[152.411,-28.069],[152.417,-28.084],[152.422,-28.125],[152.454,-28.194],[152.474,-28.234],[152.481,-28.258],[152.462,-28.261],[152.458,-28.273],[152.447,-28.284],[152.445,-28.298],[152.43,-28.298],[152.416,-28.298],[152.413,-28.307],[152.41,-28.316],[152.417,-28.331],[152.41,-28.341],[152.4,-28.348],[152.393,-28.36],[152.327,-28.367],[152.262,-28.398],[152.121,-28.463],[152.055,-28.49],[151.983,-28.503],[151.964,-28.567],[152.014,-28.666],[152.036,-28.757],[152.04,-28.855],[152.001,-28.901],[151.856,-28.907],[151.773,-28.939],[151.695,-28.886],[151.574,-28.944],[151.538,-28.973],[151.515,-29.0],[151.501,-29.017],[151.496,-29.03],[151.495,-29.046],[151.497,-29.062],[151.496,-29.073],[151.483,-29.09],[151.459,-29.11],[151.436,-29.138],[151.417,-29.149],[151.399,-29.174],[151.364,-29.174],[151.331,-29.173],[151.311,-29.157],[151.309,-29.128],[151.288,-29.109],[151.279,-29.088],[151.284,-29.066],[151.285,-29.037],[151.278,-29.022],[151.279,-28.997],[151.281,-28.979],[151.281,-28.96],[151.276,-28.94],[151.254,-28.929],[151.238,-28.908],[151.22,-28.906],[151.204,-28.889],[151.175,-28.88],[151.15,-28.864],[151.127,-28.854],[151.108,-28.843],[151.094,-28.837],[151.065,-28.845],[151.046,-28.845],[151.042,-28.833],[151.037,-28.824],[151.038,-28.797],[151.026,-28.783],[151.029,-28.77],[151.018,-28.748],[150.988,-28.736],[150.933,-28.723],[150.885,-28.693],[150.85,-28.675],[150.809,-28.655],[150.73,-28.634],[150.671,-28.652],[150.627,-28.671],[150.556,-28.654],[150.532,-28.662],[150.539,-28.661],[150.472,-28.661],[150.42,-28.65],[150.389,-28.634],[150.369,-28.619],[150.369,-28.615],[150.37,-28.611],[150.367,-28.609],[150.364,-28.608],[150.366,-28.605],[150.369,-28.601],[150.369,-28.598],[150.365,-28.598],[150.364,-28.592],[150.349,-28.582],[150.313,-28.555],[150.26,-28.545],[150.231,-28.564],[150.19,-28.567],[150.175,-28.558],[150.154,-28.556],[150.139,-28.564],[150.121,-28.562],[150.096,-28.564],[150.086,-28.581],[150.07,-28.581],[150.048,-28.588],[150.026,-28.579],[150.009,-28.591],[149.995,-28.596],[149.978,-28.609],[149.964,-28.61],[149.953,-28.609],[149.938,-28.615],[149.926,-28.611],[149.91,-28.61],[149.901,-28.619],[149.889,-28.617],[149.882,-28.613],[149.873,-28.603],[149.862,-28.602],[149.85,-28.607],[149.831,-28.604],[149.819,-28.616],[149.804,-28.607],[149.788,-28.611],[149.777,-28.612],[149.771,-28.613],[149.759,-28.613],[149.747,-28.612],[149.742,-28.613],[149.733,-28.616],[149.73,-28.612],[149.717,-28.613],[149.706,-28.616],[149.71,-28.62],[149.706,-28.628],[149.697,-28.632],[149.691,-28.63],[149.679,-28.633],[149.672,-28.633],[149.67,-28.631],[149.671,-28.623],[149.664,-28.614],[149.656,-28.615],[149.645,-28.607],[149.636,-28.599],[149.628,-28.596],[149.618,-28.599],[149.605,-28.598],[149.605,-28.587],[149.597,-28.584],[149.588,-28.573],[149.574,-28.574],[149.563,-28.575],[149.553,-28.579],[149.543,-28.576],[149.532,-28.577],[149.52,-28.581],[149.515,-28.58],[149.513,-28.58],[149.511,-28.576],[149.508,-28.576],[149.504,-28.574],[149.503,-28.578],[149.502,-28.58],[149.497,-28.58],[149.491,-28.584],[149.481,-28.583],[149.48,-28.591],[149.475,-28.594],[149.47,-28.593],[149.465,-28.594],[149.458,-28.594],[149.453,-28.595],[149.45,-28.605],[149.444,-28.609],[149.441,-28.616],[149.44,-28.622],[149.433,-28.627],[149.429,-28.63],[149.431,-28.637],[149.43,-28.64],[149.427,-28.647],[149.419,-28.651],[149.423,-28.655],[149.417,-28.661],[149.411,-28.666],[149.411,-28.669],[149.405,-28.676],[149.396,-28.677],[149.392,-28.689],[149.385,-28.693],[149.378,-28.689],[149.371,-28.689],[149.364,-28.69],[149.355,-28.688],[149.35,-28.692],[149.346,-28.697],[149.335,-28.698],[149.329,-28.704],[149.322,-28.706],[149.319,-28.712],[149.315,-28.71],[149.31,-28.712],[149.304,-28.71],[149.294,-28.712],[149.29,-28.72],[149.287,-28.727],[149.285,-28.732],[149.279,-28.733],[149.271,-28.734],[149.27,-28.742],[149.264,-28.74],[149.264,-28.735],[149.258,-28.736],[149.254,-28.742],[149.25,-28.741],[149.244,-28.742],[149.242,-28.747],[149.237,-28.749],[149.233,-28.75],[149.231,-28.753],[149.229,-28.755],[149.228,-28.76],[149.226,-28.763],[149.223,-28.764],[149.216,-28.764],[149.212,-28.765],[149.208,-28.766],[149.205,-28.769],[149.198,-28.77],[149.192,-28.774],[149.192,-28.779],[149.186,-28.782],[149.184,-28.79],[149.184,-28.796],[149.179,-28.802],[149.173,-28.804],[149.167,-28.808],[149.163,-28.807],[149.161,-28.811],[149.154,-28.808],[149.148,-28.806],[149.146,-28.809],[149.145,-28.807],[149.139,-28.809],[149.137,-28.813],[149.14,-28.816],[149.143,-28.819],[149.141,-28.822],[149.14,-28.825],[149.135,-28.829],[149.132,-28.832],[149.127,-28.835],[149.123,-28.833],[149.119,-28.831],[149.114,-28.831],[149.113,-28.832],[149.109,-28.834],[149.103,-28.834],[149.097,-28.832],[149.091,-28.835],[149.085,-28.843],[149.081,-28.848],[149.079,-28.859],[149.072,-28.866],[149.066,-28.873],[149.058,-28.881],[149.06,-28.886],[149.059,-28.891],[149.057,-28.9],[149.244,-28.207],[149.533,-27.273],[149.637,-27.045],[149.662,-27.03],[149.593,-26.809],[149.704,-26.495],[149.622,-26.299],[149.278,-26.295],[149.3,-25.966],[149.797,-25.849],[149.898,-25.815],[150.042,-25.832],[150.262,-25.79],[150.522,-25.643]]]]}},{"type":"Feature","properties":{"state":"Queensland","state_code":"3","region_code":322,"region":"Capricorn"},"geometry":{"type":"MultiPolygon","coordinates":[[[[150.815,-23.356],[150.815,-23.357],[150.814,-23.356],[150.815,-23.356]]],[[[150.976,-23.149],[150.976,-23.169],[150.982,-23.176],[150.991,-23.181],[150.986,-23.191],[150.981,-23.184],[150.968,-23.186],[150.96,-23.191],[150.942,-23.197],[150.937,-23.191],[150.935,-23.181],[150.955,-23.168],[150.958,-23.158],[150.975,-23.151],[150.976,-23.149]]],[[[150.715,-22.338],[150.715,-22.339],[150.714,-22.338],[150.715,-22.338]]],[[[150.495,-22.212],[150.559,-22.297],[150.52,-22.333],[150.478,-22.333],[150.47,-22.295],[150.489,-22.265],[150.49,-22.233],[150.495,-22.212]]],[[[150.053,-22.135],[150.116,-22.238],[150.191,-22.323],[150.247,-22.396],[150.34,-22.442],[150.422,-22.498],[150.487,-22.542],[150.517,-22.558],[150.53,-22.603],[150.559,-22.584],[150.583,-22.544],[150.607,-22.5],[150.548,-22.451],[150.554,-22.447],[150.546,-22.42],[150.539,-22.359],[150.615,-22.333],[150.636,-22.372],[150.628,-22.393],[150.635,-22.424],[150.656,-22.427],[150.664,-22.413],[150.686,-22.378],[150.754,-22.471],[150.691,-22.493],[150.646,-22.474],[150.684,-22.549],[150.717,-22.554],[150.728,-22.628],[150.716,-22.634],[150.714,-22.623],[150.704,-22.624],[150.719,-22.637],[150.727,-22.637],[150.728,-22.633],[150.739,-22.631],[150.753,-22.631],[150.752,-22.631],[150.748,-22.608],[150.754,-22.576],[150.756,-22.571],[150.759,-22.568],[150.761,-22.558],[150.765,-22.55],[150.77,-22.55],[150.773,-22.55],[150.774,-22.547],[150.765,-22.545],[150.757,-22.541],[150.757,-22.533],[150.755,-22.527],[150.758,-22.525],[150.766,-22.525],[150.771,-22.524],[150.774,-22.529],[150.78,-22.529],[150.784,-22.53],[150.786,-22.533],[150.788,-22.537],[150.785,-22.539],[150.781,-22.542],[150.781,-22.546],[150.784,-22.551],[150.788,-22.553],[150.789,-22.556],[150.786,-22.558],[150.782,-22.564],[150.78,-22.573],[150.778,-22.584],[150.777,-22.598],[150.775,-22.61],[150.775,-22.622],[150.793,-22.646],[150.805,-22.65],[150.808,-22.674],[150.822,-22.681],[150.832,-22.683],[150.828,-22.7],[150.825,-22.709],[150.823,-22.727],[150.817,-22.738],[150.811,-22.757],[150.815,-22.798],[150.808,-22.803],[150.809,-22.818],[150.793,-22.846],[150.787,-22.885],[150.786,-22.904],[150.787,-22.921],[150.793,-22.927],[150.8,-22.932],[150.793,-22.936],[150.792,-22.944],[150.777,-22.973],[150.776,-22.987],[150.775,-23.0],[150.774,-23.009],[150.773,-23.018],[150.772,-23.027],[150.772,-23.035],[150.772,-23.046],[150.772,-23.055],[150.769,-23.066],[150.766,-23.074],[150.762,-23.081],[150.76,-23.086],[150.756,-23.096],[150.752,-23.104],[150.75,-23.115],[150.75,-23.119],[150.75,-23.128],[150.753,-23.138],[150.762,-23.142],[150.767,-23.155],[150.779,-23.165],[150.791,-23.161],[150.794,-23.165],[150.794,-23.178],[150.799,-23.184],[150.793,-23.201],[150.79,-23.207],[150.788,-23.201],[150.794,-23.218],[150.801,-23.228],[150.811,-23.228],[150.819,-23.222],[150.823,-23.238],[150.827,-23.238],[150.824,-23.245],[150.828,-23.255],[150.829,-23.257],[150.829,-23.268],[150.826,-23.274],[150.821,-23.279],[150.811,-23.288],[150.8,-23.3],[150.783,-23.309],[150.773,-23.304],[150.761,-23.303],[150.768,-23.312],[150.776,-23.322],[150.78,-23.324],[150.789,-23.323],[150.793,-23.324],[150.798,-23.335],[150.797,-23.338],[150.792,-23.35],[150.797,-23.373],[150.806,-23.398],[150.817,-23.419],[150.842,-23.451],[150.853,-23.462],[150.87,-23.478],[150.868,-23.486],[150.865,-23.49],[150.859,-23.616],[150.821,-23.651],[150.819,-23.685],[150.816,-23.706],[150.798,-23.713],[150.785,-23.73],[150.776,-23.741],[150.765,-23.76],[150.739,-23.762],[150.665,-23.799],[150.534,-23.848],[150.357,-23.821],[150.31,-23.762],[150.224,-23.651],[150.102,-23.659],[149.994,-23.751],[150.067,-23.882],[149.914,-23.942],[149.85,-23.953],[149.834,-24.113],[149.692,-24.254],[149.742,-24.615],[149.578,-24.781],[149.46,-24.964],[149.362,-24.979],[149.284,-25.048],[149.186,-25.009],[149.171,-25.073],[149.105,-25.138],[149.072,-25.111],[149.049,-24.913],[148.876,-24.908],[148.846,-24.928],[148.82,-24.994],[148.862,-25.142],[148.976,-25.318],[148.808,-25.441],[148.684,-25.282],[148.514,-25.244],[148.326,-25.21],[148.129,-25.044],[147.992,-24.898],[147.846,-24.763],[147.703,-24.759],[147.584,-24.826],[147.434,-24.881],[146.885,-24.761],[146.912,-24.657],[146.891,-24.617],[146.78,-24.636],[146.625,-24.484],[146.66,-24.403],[146.927,-24.273],[147.183,-24.043],[147.232,-23.841],[147.203,-23.631],[147.28,-23.485],[147.261,-23.21],[147.443,-23.114],[147.554,-23.002],[147.61,-22.893],[147.621,-22.912],[147.64,-22.923],[147.662,-22.916],[147.687,-22.915],[147.701,-22.901],[147.724,-22.871],[147.758,-22.847],[147.821,-22.783],[147.887,-22.764],[147.911,-22.723],[147.967,-22.705],[147.996,-22.674],[148.143,-22.765],[148.322,-22.834],[148.549,-22.936],[148.545,-22.959],[148.587,-22.984],[148.541,-23.555],[148.593,-23.543],[148.691,-23.444],[148.709,-23.379],[148.782,-23.352],[148.87,-23.33],[148.875,-23.252],[148.95,-23.223],[149.007,-23.158],[148.996,-23.089],[149.137,-23.06],[149.234,-22.987],[149.328,-22.878],[149.378,-22.661],[149.494,-22.621],[149.541,-22.609],[149.625,-22.595],[149.821,-22.397],[149.945,-22.527],[150.039,-22.658],[150.001,-22.528],[149.923,-22.37],[149.944,-22.21],[150.053,-22.135]]],[[[149.911,-22.098],[149.865,-22.188],[149.906,-22.065],[149.911,-22.098]]]]}},{"type":"Feature","properties":{"state":"Queensland","state_code":"3","region_code":323,"region":"Gladstone"},"geometry":{"type":"MultiPolygon","coordinates":[[[[151.462,-24.041],[151.46,-24.056],[151.458,-24.047],[151.462,-24.041]]],[[[151.465,-24.037],[151.476,-24.051],[151.47,-24.045],[151.465,-24.037]]],[[[151.435,-24.036],[151.434,-24.052],[151.434,-24.036],[151.435,-24.036]]],[[[151.342,-23.826],[151.338,-23.833],[151.338,-23.832],[151.341,-23.826],[151.342,-23.826]]],[[[151.284,-23.801],[151.286,-23.819],[151.283,-23.802],[151.284,-23.801]]],[[[151.259,-23.78],[151.262,-23.791],[151.256,-23.785],[151.259,-23.78]]],[[[151.337,-23.759],[151.341,-23.785],[151.35,-23.796],[151.369,-23.809],[151.379,-23.83],[151.388,-23.849],[151.388,-23.871],[151.382,-23.878],[151.373,-23.878],[151.367,-23.872],[151.365,-23.856],[151.371,-23.843],[151.364,-23.845],[151.362,-23.83],[151.361,-23.826],[151.357,-23.82],[151.348,-23.821],[151.345,-23.822],[151.339,-23.826],[151.337,-23.82],[151.337,-23.813],[151.335,-23.806],[151.332,-23.803],[151.332,-23.801],[151.327,-23.788],[151.326,-23.785],[151.332,-23.769],[151.336,-23.757],[151.337,-23.759]]],[[[150.957,-23.574],[151.044,-23.625],[151.058,-23.637],[151.065,-23.638],[151.079,-23.645],[151.081,-23.654],[151.085,-23.648],[151.089,-23.654],[151.087,-23.656],[151.093,-23.656],[151.09,-23.659],[151.093,-23.66],[151.1,-23.662],[151.109,-23.661],[151.121,-23.671],[151.133,-23.7],[151.126,-23.7],[151.12,-23.699],[151.113,-23.698],[151.115,-23.699],[151.115,-23.701],[151.11,-23.704],[151.115,-23.706],[151.119,-23.705],[151.122,-23.706],[151.123,-23.707],[151.122,-23.712],[151.128,-23.71],[151.129,-23.71],[151.132,-23.714],[151.152,-23.733],[151.157,-23.744],[151.152,-23.755],[151.145,-23.765],[151.15,-23.78],[151.169,-23.802],[151.171,-23.81],[151.175,-23.817],[151.186,-23.821],[151.193,-23.824],[151.201,-23.824],[151.247,-23.828],[151.276,-23.851],[151.291,-23.855],[151.295,-23.855],[151.31,-23.855],[151.326,-23.886],[151.332,-23.899],[151.341,-23.916],[151.353,-23.931],[151.365,-23.937],[151.381,-23.952],[151.399,-23.964],[151.421,-23.982],[151.429,-24.012],[151.428,-24.037],[151.428,-24.049],[151.438,-24.067],[151.447,-24.065],[151.443,-24.056],[151.444,-24.046],[151.444,-24.044],[151.441,-24.029],[151.452,-24.031],[151.457,-24.044],[151.456,-24.055],[151.46,-24.062],[151.462,-24.058],[151.467,-24.06],[151.466,-24.069],[151.472,-24.071],[151.476,-24.064],[151.488,-24.071],[151.492,-24.068],[151.487,-24.067],[151.482,-24.063],[151.48,-24.061],[151.48,-24.055],[151.479,-24.051],[151.477,-24.044],[151.475,-24.037],[151.474,-24.035],[151.471,-24.037],[151.468,-24.033],[151.463,-24.031],[151.453,-24.026],[151.445,-24.019],[151.44,-24.011],[151.439,-23.993],[151.448,-23.995],[151.459,-23.999],[151.47,-23.996],[151.482,-24.003],[151.511,-24.047],[151.56,-24.079],[151.624,-24.055],[151.679,-24.101],[151.657,-24.035],[151.618,-24.008],[151.715,-24.019],[151.721,-24.078],[151.743,-24.002],[151.786,-24.115],[151.785,-24.127],[151.872,-24.17],[151.882,-24.16],[151.954,-24.288],[152.051,-24.507],[152.045,-24.525],[151.991,-24.539],[151.969,-24.569],[151.962,-24.642],[151.923,-24.739],[151.788,-24.741],[151.598,-24.701],[151.511,-24.597],[151.439,-24.583],[151.349,-24.639],[151.261,-24.661],[151.218,-24.634],[151.206,-24.639],[151.219,-24.576],[151.168,-24.478],[151.063,-24.427],[150.986,-24.467],[150.863,-24.359],[150.778,-24.275],[150.802,-24.172],[150.704,-24.059],[150.629,-23.91],[150.672,-23.801],[150.741,-23.762],[150.767,-23.759],[150.776,-23.74],[150.786,-23.73],[150.798,-23.714],[150.817,-23.705],[150.826,-23.684],[150.829,-23.646],[150.862,-23.61],[150.957,-23.574]]],[[[151.06,-23.449],[151.156,-23.511],[151.218,-23.514],[151.238,-23.627],[151.241,-23.641],[151.245,-23.648],[151.253,-23.659],[151.268,-23.662],[151.276,-23.669],[151.279,-23.679],[151.287,-23.687],[151.289,-23.695],[151.292,-23.706],[151.295,-23.718],[151.304,-23.749],[151.313,-23.76],[151.301,-23.755],[151.297,-23.758],[151.293,-23.761],[151.291,-23.764],[151.289,-23.767],[151.287,-23.773],[151.287,-23.777],[151.289,-23.784],[151.285,-23.794],[151.279,-23.791],[151.275,-23.787],[151.268,-23.78],[151.266,-23.777],[151.269,-23.774],[151.271,-23.771],[151.271,-23.767],[151.273,-23.767],[151.275,-23.77],[151.277,-23.765],[151.272,-23.765],[151.272,-23.764],[151.269,-23.767],[151.269,-23.769],[151.268,-23.772],[151.265,-23.776],[151.263,-23.771],[151.263,-23.766],[151.263,-23.761],[151.263,-23.759],[151.266,-23.76],[151.266,-23.757],[151.269,-23.754],[151.271,-23.752],[151.272,-23.751],[151.265,-23.757],[151.261,-23.756],[151.263,-23.75],[151.258,-23.753],[151.253,-23.757],[151.259,-23.756],[151.261,-23.759],[151.261,-23.764],[151.261,-23.769],[151.257,-23.769],[151.261,-23.772],[151.258,-23.777],[151.255,-23.78],[151.253,-23.779],[151.244,-23.778],[151.247,-23.77],[151.246,-23.769],[151.243,-23.777],[151.244,-23.786],[151.237,-23.79],[151.228,-23.791],[151.216,-23.794],[151.178,-23.752],[151.161,-23.721],[151.151,-23.705],[151.143,-23.691],[151.133,-23.675],[151.115,-23.661],[151.111,-23.66],[151.104,-23.656],[151.103,-23.65],[151.102,-23.652],[151.102,-23.656],[151.094,-23.649],[151.09,-23.645],[151.075,-23.637],[151.063,-23.63],[151.041,-23.602],[151.012,-23.469],[151.06,-23.449]]]]}},{"type":"Feature","properties":{"state":"Queensland","state_code":"3","region_code":315,"region":"Gold Coast"},"geometry":{"type":"MultiPolygon","coordinates":[[[[153.381,-27.802],[153.374,-27.803],[153.379,-27.8],[153.381,-27.802]]],[[[153.407,-27.783],[153.412,-27.791],[153.398,-27.816],[153.375,-27.815],[153.384,-27.8],[153.388,-27.787],[153.407,-27.783]]],[[[153.44,-27.751],[153.437,-27.8],[153.429,-27.851],[153.426,-27.881],[153.425,-27.904],[153.421,-27.906],[153.42,-27.885],[153.421,-27.869],[153.409,-27.847],[153.411,-27.821],[153.433,-27.788],[153.439,-27.751],[153.44,-27.751]]],[[[153.293,-27.696],[153.305,-27.715],[153.325,-27.702],[153.343,-27.697],[153.355,-27.71],[153.39,-27.796],[153.374,-27.8],[153.355,-27.799],[153.368,-27.801],[153.386,-27.828],[153.384,-27.839],[153.394,-27.856],[153.4,-27.866],[153.388,-27.875],[153.374,-27.853],[153.372,-27.894],[153.358,-27.891],[153.343,-27.897],[153.35,-27.916],[153.358,-27.894],[153.382,-27.891],[153.391,-27.877],[153.399,-27.891],[153.408,-27.907],[153.406,-27.93],[153.41,-27.947],[153.417,-27.963],[153.42,-27.976],[153.416,-27.989],[153.416,-27.997],[153.425,-27.997],[153.421,-27.99],[153.422,-27.98],[153.423,-27.941],[153.433,-27.938],[153.43,-27.991],[153.432,-28.006],[153.433,-28.015],[153.435,-28.025],[153.437,-28.036],[153.439,-28.046],[153.442,-28.056],[153.444,-28.066],[153.447,-28.075],[153.451,-28.084],[153.461,-28.093],[153.464,-28.101],[153.468,-28.11],[153.473,-28.12],[153.481,-28.127],[153.493,-28.137],[153.512,-28.159],[153.533,-28.166],[153.548,-28.163],[153.536,-28.175],[153.449,-28.183],[153.376,-28.241],[153.303,-28.239],[153.278,-28.234],[153.239,-28.252],[153.201,-28.24],[153.195,-28.168],[153.22,-28.066],[153.223,-27.968],[153.212,-27.9],[153.174,-27.835],[153.169,-27.803],[153.188,-27.777],[153.198,-27.746],[153.226,-27.723],[153.228,-27.715],[153.29,-27.692],[153.293,-27.696]]]]}},{"type":"Feature","properties":{"state":"Queensland","state_code":"3","region_code":321,"region":"Whitsundays"},"geometry":{"type":"MultiPolygon","coordinates":[[[[148.933,-20.34],[148.94,-20.374],[148.927,-20.353],[148.933,-20.34]]],[[[148.95,-20.332],[148.958,-20.347],[148.974,-20.346],[148.982,-20.351],[148.976,-20.36],[148.972,-20.366],[148.967,-20.366],[148.966,-20.354],[148.958,-20.36],[148.955,-20.373],[148.949,-20.369],[148.948,-20.361],[148.948,-20.356],[148.95,-20.336],[148.95,-20.332]]],[[[148.855,-20.335],[148.858,-20.357],[148.875,-20.383],[148.852,-20.378],[148.85,-20.365],[148.849,-20.34],[148.847,-20.322],[148.856,-20.334],[148.855,-20.335]]],[[[148.838,-20.262],[148.848,-20.265],[148.84,-20.28],[148.828,-20.282],[148.831,-20.267],[148.836,-20.261],[148.838,-20.262]]],[[[148.92,-20.253],[148.916,-20.271],[148.912,-20.265],[148.92,-20.253]]],[[[148.815,-20.261],[148.813,-20.255],[148.815,-20.255],[148.815,-20.261]]],[[[148.978,-20.17],[148.993,-20.249],[149.029,-20.265],[149.004,-20.307],[148.989,-20.301],[148.979,-20.314],[148.976,-20.326],[148.96,-20.321],[148.958,-20.302],[148.959,-20.291],[148.973,-20.27],[148.969,-20.267],[148.963,-20.283],[148.955,-20.284],[148.95,-20.296],[148.937,-20.305],[148.932,-20.294],[148.929,-20.288],[148.917,-20.288],[148.919,-20.282],[148.931,-20.272],[148.942,-20.268],[148.953,-20.251],[148.939,-20.235],[148.978,-20.17]]],[[[148.96,-20.062],[148.939,-20.119],[148.918,-20.165],[148.895,-20.161],[148.922,-20.065],[148.96,-20.062]]],[[[147.767,-19.706],[147.776,-19.709],[147.786,-19.709],[147.799,-19.71],[147.809,-19.709],[147.82,-19.709],[147.827,-19.714],[147.833,-19.719],[147.843,-19.73],[147.848,-19.732],[147.851,-19.739],[147.852,-19.747],[147.849,-19.756],[147.851,-19.767],[147.85,-19.775],[147.851,-19.79],[147.861,-19.84],[147.883,-19.874],[147.914,-19.904],[147.946,-19.917],[147.978,-19.924],[148.063,-19.89],[148.207,-19.951],[148.261,-19.977],[148.268,-20.016],[148.282,-20.1],[148.447,-20.145],[148.444,-20.103],[148.441,-20.08],[148.485,-20.079],[148.539,-20.086],[148.565,-20.125],[148.582,-20.193],[148.629,-20.195],[148.667,-20.235],[148.673,-20.273],[148.69,-20.277],[148.707,-20.268],[148.726,-20.276],[148.739,-20.28],[148.74,-20.258],[148.753,-20.253],[148.775,-20.263],[148.787,-20.274],[148.8,-20.28],[148.791,-20.281],[148.792,-20.291],[148.783,-20.292],[148.772,-20.288],[148.767,-20.287],[148.769,-20.299],[148.781,-20.307],[148.794,-20.316],[148.799,-20.321],[148.819,-20.325],[148.814,-20.339],[148.812,-20.342],[148.821,-20.355],[148.822,-20.342],[148.838,-20.349],[148.834,-20.364],[148.833,-20.378],[148.821,-20.39],[148.841,-20.404],[148.856,-20.445],[148.889,-20.467],[148.898,-20.477],[148.897,-20.501],[148.918,-20.512],[148.928,-20.531],[148.903,-20.537],[148.893,-20.541],[148.886,-20.524],[148.87,-20.523],[148.855,-20.523],[148.854,-20.516],[148.846,-20.515],[148.838,-20.501],[148.824,-20.495],[148.831,-20.475],[148.824,-20.457],[148.827,-20.432],[148.814,-20.438],[148.792,-20.416],[148.793,-20.448],[148.767,-20.424],[148.762,-20.427],[148.776,-20.468],[148.737,-20.482],[148.714,-20.461],[148.691,-20.445],[148.712,-20.482],[148.71,-20.506],[148.702,-20.523],[148.694,-20.538],[148.682,-20.55],[148.671,-20.568],[148.596,-20.595],[148.559,-20.608],[148.167,-20.789],[148.151,-20.986],[148.01,-21.277],[147.773,-21.204],[147.822,-21.301],[147.747,-21.381],[147.701,-21.472],[147.634,-21.595],[147.524,-21.653],[147.461,-21.68],[147.405,-21.687],[147.358,-21.669],[147.311,-21.648],[147.218,-21.671],[147.18,-21.617],[147.105,-21.542],[147.041,-21.525],[146.952,-21.515],[146.91,-21.48],[146.886,-21.416],[146.905,-21.348],[146.894,-21.223],[146.855,-21.083],[146.863,-20.898],[146.907,-20.788],[146.972,-20.627],[147.149,-20.652],[147.301,-20.504],[147.308,-20.212],[147.301,-20.032],[147.51,-19.867],[147.533,-19.835],[147.536,-19.818],[147.562,-19.81],[147.671,-19.828],[147.701,-19.834],[147.705,-19.839],[147.704,-19.837],[147.733,-19.841],[147.74,-19.836],[147.77,-19.822],[147.753,-19.777],[147.746,-19.762],[147.75,-19.75],[147.756,-19.736],[147.761,-19.727],[147.76,-19.723],[147.758,-19.719],[147.755,-19.71],[147.762,-19.707],[147.767,-19.706]]]]}},{"type":"Feature","properties":{"state":"Queensland","state_code":"3","region_code":316,"region":"Mackay"},"geometry":{"type":"MultiPolygon","coordinates":[[[[150.442,-21.765],[150.442,-21.766],[150.441,-21.766],[150.442,-21.765]]],[[[150.287,-21.679],[150.286,-21.678],[150.287,-21.678],[150.287,-21.679]]],[[[150.295,-21.673],[150.294,-21.674],[150.294,-21.673],[150.295,-21.673]]],[[[150.225,-21.657],[150.225,-21.658],[150.224,-21.658],[150.224,-21.657],[150.225,-21.657]]],[[[148.663,-20.584],[148.69,-20.6],[148.693,-20.631],[148.71,-20.641],[148.723,-20.632],[148.725,-20.646],[148.707,-20.669],[148.733,-20.689],[148.739,-20.719],[148.76,-20.727],[148.778,-20.747],[148.819,-20.795],[148.857,-20.87],[148.934,-20.888],[148.997,-20.898],[149.058,-20.93],[149.032,-20.959],[149.022,-20.965],[149.138,-20.996],[149.182,-21.035],[149.232,-21.102],[149.166,-21.133],[149.196,-21.177],[149.175,-21.198],[149.209,-21.228],[149.195,-21.277],[149.241,-21.255],[149.295,-21.317],[149.315,-21.395],[149.277,-21.399],[149.335,-21.433],[149.303,-21.428],[149.296,-21.507],[149.351,-21.487],[149.376,-21.533],[149.401,-21.552],[149.438,-21.581],[149.472,-21.56],[149.44,-21.632],[149.455,-21.697],[149.446,-21.725],[149.427,-21.764],[149.456,-21.83],[149.485,-21.962],[149.536,-22.115],[149.602,-22.27],[149.767,-22.373],[149.628,-22.581],[149.551,-22.602],[149.495,-22.619],[149.388,-22.635],[149.339,-22.878],[149.25,-22.974],[149.176,-23.05],[149.008,-23.085],[149.005,-23.15],[148.952,-23.21],[148.882,-23.252],[148.864,-23.314],[148.796,-23.352],[148.709,-23.357],[148.706,-23.432],[148.599,-23.541],[148.548,-23.554],[148.586,-22.987],[148.55,-22.963],[148.55,-22.937],[148.297,-22.857],[148.187,-22.787],[148.0,-22.669],[147.972,-22.702],[147.914,-22.718],[147.893,-22.762],[147.837,-22.784],[147.764,-22.841],[147.732,-22.865],[147.7,-22.895],[147.689,-22.913],[147.665,-22.913],[147.643,-22.926],[147.624,-22.911],[147.612,-22.896],[147.556,-22.991],[147.485,-23.069],[147.276,-23.199],[146.995,-23.267],[146.88,-23.259],[146.818,-23.155],[146.783,-23.059],[146.737,-22.973],[146.665,-22.911],[146.582,-22.889],[146.538,-22.768],[146.33,-22.495],[146.084,-21.61],[146.834,-21.577],[146.9,-21.472],[146.933,-21.513],[147.018,-21.526],[147.086,-21.537],[147.17,-21.588],[147.202,-21.654],[147.301,-21.655],[147.341,-21.658],[147.39,-21.685],[147.444,-21.687],[147.503,-21.664],[147.608,-21.615],[147.653,-21.498],[147.736,-21.398],[147.803,-21.325],[147.777,-21.227],[147.879,-21.265],[148.068,-21.026],[148.16,-20.816],[148.527,-20.654],[148.576,-20.595],[148.669,-20.571],[148.663,-20.584]]],[[[149.08,-20.444],[149.068,-20.525],[149.076,-20.476],[149.08,-20.444]]]]}},{"type":"Feature","properties":{"state":"Queensland","state_code":"3","region_code":319,"region":"Sunshine Coast"},"geometry":{"type":"MultiPolygon","coordinates":[[[[153.05,-25.825],[153.05,-25.838],[153.044,-25.84],[153.048,-25.828],[153.05,-25.825]]],[[[151.803,-25.758],[151.893,-25.86],[151.99,-25.774],[152.049,-25.859],[152.117,-25.876],[152.39,-25.863],[152.484,-25.901],[152.576,-25.909],[152.622,-25.975],[152.721,-25.913],[152.744,-25.896],[152.755,-25.89],[152.767,-25.858],[152.763,-25.848],[152.802,-25.827],[152.837,-25.848],[152.897,-25.823],[152.903,-25.816],[152.917,-25.811],[152.94,-25.796],[152.949,-25.818],[152.951,-25.811],[152.976,-25.81],[152.98,-25.816],[152.982,-25.823],[152.986,-25.814],[152.987,-25.807],[152.989,-25.805],[153.008,-25.82],[153.02,-25.828],[153.022,-25.844],[153.022,-25.855],[153.015,-25.854],[153.014,-25.858],[153.014,-25.863],[153.015,-25.867],[153.004,-25.874],[152.996,-25.881],[153.01,-25.877],[153.005,-25.887],[153.012,-25.877],[153.023,-25.869],[153.03,-25.876],[153.028,-25.895],[153.02,-25.894],[153.015,-25.896],[153.006,-25.901],[153.004,-25.902],[153.002,-25.905],[153.009,-25.906],[153.014,-25.904],[153.009,-25.913],[153.008,-25.921],[153.013,-25.927],[153.01,-25.932],[153.005,-25.935],[153.011,-25.939],[153.019,-25.935],[153.025,-25.934],[153.025,-25.941],[153.013,-25.947],[153.004,-25.952],[152.998,-25.954],[153.003,-25.955],[153.003,-25.959],[153.008,-25.957],[153.005,-25.965],[153.004,-25.969],[153.007,-25.972],[153.008,-25.979],[153.016,-25.982],[153.011,-25.99],[153.016,-25.991],[153.016,-25.995],[153.021,-25.987],[153.025,-25.987],[153.017,-25.978],[153.023,-25.975],[153.031,-25.974],[153.025,-25.961],[153.027,-25.955],[153.034,-25.965],[153.038,-25.969],[153.038,-25.966],[153.041,-25.961],[153.038,-25.954],[153.04,-25.95],[153.035,-25.947],[153.04,-25.937],[153.042,-25.943],[153.048,-25.944],[153.046,-25.943],[153.048,-25.94],[153.049,-25.931],[153.055,-25.929],[153.042,-25.927],[153.028,-25.921],[153.026,-25.914],[153.028,-25.908],[153.03,-25.911],[153.036,-25.912],[153.045,-25.904],[153.051,-25.903],[153.053,-25.91],[153.058,-25.911],[153.056,-25.903],[153.059,-25.896],[153.063,-25.887],[153.06,-25.877],[153.056,-25.871],[153.047,-25.861],[153.047,-25.851],[153.052,-25.841],[153.055,-25.828],[153.065,-25.826],[153.07,-25.818],[153.055,-25.811],[153.048,-25.809],[153.05,-25.808],[153.071,-25.811],[153.075,-25.837],[153.08,-25.869],[153.093,-25.901],[153.1,-25.912],[153.104,-25.917],[153.109,-25.924],[153.114,-25.928],[153.119,-25.933],[153.125,-25.937],[153.13,-25.941],[153.137,-25.944],[153.144,-25.947],[153.15,-25.948],[153.158,-25.95],[153.167,-25.949],[153.177,-25.945],[153.182,-25.935],[153.184,-25.928],[153.189,-25.929],[153.192,-25.932],[153.192,-25.936],[153.186,-25.938],[153.181,-25.947],[153.177,-25.956],[153.167,-25.976],[153.158,-25.995],[153.149,-26.014],[153.142,-26.029],[153.136,-26.044],[153.132,-26.056],[153.128,-26.064],[153.125,-26.072],[153.123,-26.079],[153.119,-26.088],[153.117,-26.095],[153.114,-26.102],[153.111,-26.109],[153.109,-26.117],[153.106,-26.126],[153.099,-26.146],[153.094,-26.163],[153.085,-26.191],[153.078,-26.218],[153.072,-26.246],[153.067,-26.27],[153.064,-26.29],[153.061,-26.312],[153.063,-26.34],[153.066,-26.353],[153.073,-26.371],[153.084,-26.383],[153.097,-26.382],[153.108,-26.377],[153.118,-26.378],[153.116,-26.383],[153.118,-26.39],[153.119,-26.392],[153.117,-26.395],[153.114,-26.402],[153.111,-26.418],[153.106,-26.436],[153.102,-26.454],[153.098,-26.48],[153.095,-26.503],[153.094,-26.534],[153.101,-26.551],[153.097,-26.592],[153.101,-26.638],[153.104,-26.654],[153.107,-26.666],[153.114,-26.674],[153.12,-26.679],[153.126,-26.683],[153.132,-26.683],[153.139,-26.68],[153.137,-26.693],[153.136,-26.708],[153.135,-26.722],[153.135,-26.738],[153.137,-26.758],[153.139,-26.78],[153.147,-26.79],[153.151,-26.802],[153.139,-26.807],[153.127,-26.806],[153.122,-26.822],[153.119,-26.834],[153.11,-26.849],[153.111,-26.872],[153.079,-26.899],[153.063,-26.896],[153.059,-26.911],[153.06,-26.923],[153.052,-26.933],[153.049,-26.953],[153.067,-26.967],[153.052,-26.973],[152.974,-26.982],[152.939,-26.964],[152.92,-26.957],[152.832,-26.855],[152.786,-26.821],[152.737,-26.808],[152.639,-26.762],[152.58,-26.723],[152.553,-26.697],[152.575,-26.594],[152.447,-26.529],[152.445,-26.485],[152.321,-26.477],[152.271,-26.465],[152.223,-26.506],[152.217,-26.508],[152.211,-26.512],[152.169,-26.477],[152.142,-26.407],[152.084,-26.363],[152.005,-26.361],[152.061,-26.251],[151.97,-26.132],[151.945,-26.049],[151.815,-26.015],[151.779,-25.919],[151.77,-25.843],[151.773,-25.812],[151.765,-25.795],[151.803,-25.758]]]]}},{"type":"Feature","properties":{"state":"Queensland","state_code":"3","region_code":317,"region":"Townsville"},"geometry":{"type":"MultiPolygon","coordinates":[[[[146.863,-19.103],[146.869,-19.106],[146.871,-19.111],[146.876,-19.113],[146.88,-19.112],[146.882,-19.114],[146.883,-19.12],[146.878,-19.122],[146.881,-19.125],[146.881,-19.129],[146.876,-19.13],[146.874,-19.136],[146.873,-19.142],[146.873,-19.146],[146.869,-19.149],[146.872,-19.153],[146.866,-19.151],[146.86,-19.156],[146.85,-19.162],[146.848,-19.168],[146.846,-19.177],[146.845,-19.182],[146.838,-19.181],[146.832,-19.179],[146.827,-19.174],[146.82,-19.169],[146.813,-19.166],[146.807,-19.162],[146.803,-19.157],[146.796,-19.148],[146.783,-19.134],[146.78,-19.128],[146.784,-19.122],[146.79,-19.116],[146.795,-19.114],[146.802,-19.115],[146.808,-19.117],[146.816,-19.117],[146.821,-19.115],[146.827,-19.113],[146.83,-19.107],[146.835,-19.105],[146.839,-19.109],[146.843,-19.116],[146.85,-19.118],[146.858,-19.118],[146.864,-19.112],[146.863,-19.104],[146.863,-19.103]]],[[[146.615,-19.026],[146.617,-19.036],[146.6,-19.035],[146.609,-19.031],[146.615,-19.026]]],[[[146.634,-19.022],[146.641,-19.031],[146.63,-19.03],[146.634,-19.022]]],[[[146.575,-18.677],[146.603,-18.7],[146.632,-18.723],[146.657,-18.748],[146.692,-18.756],[146.668,-18.767],[146.622,-18.761],[146.58,-18.771],[146.568,-18.75],[146.577,-18.736],[146.573,-18.677],[146.575,-18.677]]],[[[146.511,-18.662],[146.518,-18.712],[146.514,-18.676],[146.511,-18.662]]],[[[146.557,-18.659],[146.553,-18.676],[146.544,-18.652],[146.557,-18.659]]],[[[144.827,-18.372],[144.974,-18.484],[145.054,-18.546],[145.125,-18.558],[145.18,-18.511],[145.134,-18.375],[145.158,-18.357],[145.711,-18.476],[145.744,-18.451],[145.759,-18.398],[145.809,-18.379],[145.865,-18.402],[145.931,-18.37],[146.043,-18.393],[146.092,-18.448],[146.12,-18.506],[146.166,-18.517],[146.198,-18.521],[146.339,-18.587],[146.285,-18.768],[146.358,-18.964],[146.454,-19.074],[146.528,-19.107],[146.565,-19.143],[146.599,-19.15],[146.64,-19.174],[146.66,-19.182],[146.69,-19.192],[146.696,-19.19],[146.708,-19.193],[146.723,-19.183],[146.751,-19.181],[146.769,-19.186],[146.775,-19.192],[146.775,-19.2],[146.776,-19.207],[146.777,-19.213],[146.78,-19.223],[146.783,-19.23],[146.791,-19.24],[146.803,-19.239],[146.833,-19.244],[146.835,-19.243],[146.848,-19.273],[146.859,-19.284],[146.884,-19.304],[146.914,-19.301],[146.951,-19.297],[146.98,-19.278],[147.002,-19.247],[147.004,-19.233],[147.023,-19.212],[147.019,-19.195],[147.014,-19.182],[147.021,-19.188],[147.025,-19.195],[147.037,-19.205],[147.042,-19.217],[147.044,-19.229],[147.052,-19.244],[147.06,-19.255],[147.059,-19.277],[147.045,-19.278],[147.044,-19.297],[147.07,-19.345],[147.113,-19.387],[147.115,-19.404],[147.137,-19.416],[147.151,-19.407],[147.162,-19.405],[147.196,-19.416],[147.206,-19.421],[147.22,-19.42],[147.238,-19.423],[147.261,-19.428],[147.285,-19.419],[147.295,-19.412],[147.308,-19.409],[147.318,-19.41],[147.328,-19.415],[147.35,-19.417],[147.363,-19.419],[147.38,-19.419],[147.399,-19.421],[147.419,-19.426],[147.433,-19.423],[147.443,-19.419],[147.451,-19.408],[147.454,-19.398],[147.455,-19.389],[147.449,-19.379],[147.447,-19.369],[147.442,-19.36],[147.433,-19.353],[147.427,-19.346],[147.425,-19.338],[147.416,-19.33],[147.417,-19.326],[147.421,-19.324],[147.417,-19.319],[147.402,-19.31],[147.406,-19.313],[147.397,-19.307],[147.397,-19.306],[147.385,-19.302],[147.396,-19.305],[147.409,-19.311],[147.422,-19.321],[147.436,-19.338],[147.443,-19.35],[147.447,-19.357],[147.457,-19.374],[147.466,-19.397],[147.471,-19.414],[147.475,-19.434],[147.488,-19.456],[147.481,-19.451],[147.486,-19.46],[147.5,-19.48],[147.549,-19.531],[147.565,-19.563],[147.573,-19.597],[147.58,-19.625],[147.578,-19.633],[147.584,-19.642],[147.6,-19.646],[147.606,-19.654],[147.612,-19.665],[147.617,-19.677],[147.617,-19.686],[147.601,-19.693],[147.596,-19.706],[147.589,-19.726],[147.595,-19.736],[147.598,-19.749],[147.634,-19.791],[147.608,-19.8],[147.546,-19.812],[147.536,-19.827],[147.516,-19.845],[147.379,-20.067],[147.283,-20.093],[147.334,-20.383],[147.204,-20.59],[147.048,-20.63],[146.966,-20.714],[146.861,-20.842],[146.882,-21.006],[146.873,-21.152],[146.941,-21.309],[146.878,-21.379],[146.909,-21.459],[146.861,-21.533],[146.492,-21.599],[145.29,-21.414],[144.988,-20.487],[144.822,-20.326],[144.397,-19.935],[144.799,-18.74],[144.827,-18.372]]]]}},{"type":"Feature","properties":{"state":"Queensland","state_code":"3","region_code":311,"region":"Bundaberg"},"geometry":{"type":"MultiPolygon","coordinates":[[[[151.037,-24.392],[151.123,-24.468],[151.182,-24.543],[151.198,-24.63],[151.214,-24.636],[151.231,-24.644],[151.31,-24.657],[151.401,-24.616],[151.484,-24.54],[151.516,-24.674],[151.665,-24.706],[151.867,-24.778],[151.96,-24.692],[151.965,-24.583],[151.987,-24.549],[151.993,-24.523],[152.07,-24.53],[152.086,-24.558],[152.102,-24.577],[152.12,-24.594],[152.135,-24.612],[152.152,-24.63],[152.172,-24.643],[152.205,-24.656],[152.224,-24.669],[152.239,-24.684],[152.256,-24.699],[152.287,-24.719],[152.298,-24.724],[152.304,-24.726],[152.315,-24.73],[152.331,-24.734],[152.343,-24.737],[152.345,-24.738],[152.343,-24.739],[152.34,-24.739],[152.336,-24.739],[152.334,-24.743],[152.343,-24.741],[152.35,-24.741],[152.36,-24.739],[152.362,-24.733],[152.357,-24.732],[152.353,-24.733],[152.348,-24.733],[152.344,-24.734],[152.352,-24.732],[152.364,-24.731],[152.377,-24.731],[152.391,-24.743],[152.396,-24.753],[152.392,-24.748],[152.383,-24.756],[152.38,-24.779],[152.384,-24.795],[152.386,-24.785],[152.387,-24.778],[152.383,-24.772],[152.389,-24.76],[152.412,-24.758],[152.418,-24.771],[152.434,-24.785],[152.443,-24.797],[152.452,-24.802],[152.456,-24.805],[152.461,-24.808],[152.468,-24.817],[152.471,-24.832],[152.477,-24.848],[152.476,-24.848],[152.479,-24.849],[152.483,-24.858],[152.485,-24.876],[152.488,-24.887],[152.49,-24.902],[152.493,-24.913],[152.487,-24.93],[152.487,-24.955],[152.487,-24.967],[152.492,-24.981],[152.502,-25.002],[152.516,-25.025],[152.53,-25.045],[152.544,-25.065],[152.544,-25.069],[152.53,-25.075],[152.517,-25.073],[152.509,-25.074],[152.512,-25.076],[152.522,-25.071],[152.532,-25.081],[152.534,-25.089],[152.538,-25.079],[152.544,-25.08],[152.552,-25.086],[152.568,-25.11],[152.602,-25.135],[152.619,-25.173],[152.59,-25.171],[152.566,-25.168],[152.542,-25.186],[152.536,-25.212],[152.489,-25.213],[152.373,-25.357],[152.263,-25.469],[152.209,-25.52],[152.127,-25.592],[152.056,-25.622],[152.003,-25.718],[151.98,-25.809],[151.871,-25.819],[151.785,-25.773],[151.763,-25.806],[151.766,-25.829],[151.774,-25.884],[151.745,-25.934],[151.518,-25.856],[151.505,-25.921],[151.321,-26.05],[151.115,-26.08],[151.113,-26.088],[150.85,-26.056],[150.679,-25.887],[150.446,-25.599],[150.444,-25.282],[150.541,-24.965],[150.791,-24.712],[150.819,-24.604],[150.851,-24.549],[150.98,-24.483],[151.037,-24.392]]]]}},{"type":"Feature","properties":{"state":"Queensland","state_code":"3","region_code":314,"region":"Fraser Coast"},"geometry":{"type":"MultiPolygon","coordinates":[[[[152.895,-25.577],[152.897,-25.597],[152.891,-25.578],[152.895,-25.577]]],[[[152.923,-25.576],[152.925,-25.597],[152.919,-25.579],[152.923,-25.576]]],[[[152.949,-25.561],[152.944,-25.578],[152.944,-25.561],[152.949,-25.561]]],[[[152.898,-25.552],[152.888,-25.558],[152.893,-25.551],[152.898,-25.552]]],[[[152.943,-25.516],[152.912,-25.523],[152.931,-25.483],[152.947,-25.509],[152.943,-25.516]]],[[[152.876,-25.443],[152.877,-25.45],[152.875,-25.443],[152.876,-25.443]]],[[[152.957,-25.284],[152.984,-25.31],[152.989,-25.331],[152.973,-25.307],[152.954,-25.294],[152.943,-25.273],[152.957,-25.284]]],[[[152.936,-25.744],[152.937,-25.745],[152.937,-25.755],[152.937,-25.768],[152.939,-25.764],[152.94,-25.763],[152.943,-25.761],[152.966,-25.761],[152.972,-25.765],[152.975,-25.78],[152.971,-25.791],[152.964,-25.801],[152.946,-25.798],[152.93,-25.809],[152.903,-25.812],[152.898,-25.818],[152.872,-25.823],[152.802,-25.838],[152.762,-25.842],[152.765,-25.855],[152.769,-25.864],[152.744,-25.889],[152.733,-25.912],[152.65,-25.949],[152.573,-25.963],[152.503,-25.9],[152.45,-25.919],[152.169,-25.884],[152.052,-25.88],[152.038,-25.79],[152.014,-25.709],[152.063,-25.621],[152.138,-25.587],[152.227,-25.515],[152.261,-25.459],[152.371,-25.357],[152.495,-25.209],[152.543,-25.209],[152.552,-25.185],[152.575,-25.184],[152.597,-25.187],[152.613,-25.183],[152.636,-25.209],[152.647,-25.233],[152.646,-25.233],[152.663,-25.242],[152.7,-25.259],[152.722,-25.269],[152.756,-25.268],[152.786,-25.268],[152.803,-25.263],[152.807,-25.258],[152.805,-25.249],[152.816,-25.244],[152.828,-25.248],[152.826,-25.257],[152.83,-25.27],[152.846,-25.28],[152.871,-25.284],[152.912,-25.292],[152.903,-25.317],[152.905,-25.323],[152.907,-25.335],[152.915,-25.354],[152.918,-25.365],[152.911,-25.374],[152.912,-25.384],[152.916,-25.399],[152.919,-25.415],[152.924,-25.431],[152.912,-25.421],[152.894,-25.421],[152.901,-25.427],[152.899,-25.432],[152.882,-25.443],[152.867,-25.456],[152.855,-25.47],[152.837,-25.486],[152.866,-25.486],[152.882,-25.465],[152.899,-25.455],[152.92,-25.453],[152.929,-25.446],[152.937,-25.431],[152.951,-25.433],[152.955,-25.436],[152.953,-25.444],[152.947,-25.448],[152.942,-25.452],[152.941,-25.465],[152.932,-25.468],[152.916,-25.483],[152.902,-25.494],[152.896,-25.504],[152.904,-25.505],[152.904,-25.513],[152.909,-25.532],[152.902,-25.538],[152.891,-25.547],[152.874,-25.556],[152.865,-25.554],[152.871,-25.56],[152.878,-25.562],[152.875,-25.573],[152.877,-25.578],[152.879,-25.588],[152.876,-25.592],[152.878,-25.597],[152.875,-25.61],[152.885,-25.617],[152.892,-25.621],[152.895,-25.628],[152.898,-25.633],[152.898,-25.637],[152.9,-25.642],[152.901,-25.649],[152.9,-25.653],[152.898,-25.652],[152.898,-25.658],[152.899,-25.659],[152.898,-25.66],[152.904,-25.665],[152.909,-25.673],[152.909,-25.675],[152.908,-25.677],[152.905,-25.676],[152.897,-25.674],[152.893,-25.674],[152.888,-25.674],[152.879,-25.68],[152.886,-25.687],[152.893,-25.69],[152.897,-25.695],[152.904,-25.699],[152.909,-25.703],[152.911,-25.704],[152.918,-25.707],[152.921,-25.714],[152.909,-25.724],[152.911,-25.728],[152.916,-25.733],[152.916,-25.736],[152.916,-25.739],[152.919,-25.741],[152.93,-25.741],[152.936,-25.743],[152.936,-25.744]]],[[[153.256,-24.697],[153.267,-24.708],[153.265,-24.732],[153.263,-24.754],[153.262,-24.779],[153.26,-24.798],[153.26,-24.83],[153.263,-24.862],[153.267,-24.882],[153.27,-24.891],[153.275,-24.904],[153.284,-24.924],[153.296,-24.942],[153.311,-24.956],[153.34,-24.966],[153.35,-24.965],[153.35,-24.977],[153.351,-24.985],[153.353,-25.002],[153.358,-25.009],[153.345,-25.043],[153.325,-25.081],[153.314,-25.105],[153.307,-25.119],[153.298,-25.139],[153.29,-25.157],[153.283,-25.172],[153.275,-25.191],[153.267,-25.207],[153.26,-25.22],[153.252,-25.237],[153.246,-25.25],[153.24,-25.262],[153.231,-25.28],[153.223,-25.297],[153.215,-25.314],[153.207,-25.33],[153.2,-25.346],[153.183,-25.384],[153.177,-25.398],[153.17,-25.413],[153.166,-25.422],[153.161,-25.433],[153.153,-25.45],[153.128,-25.51],[153.121,-25.527],[153.093,-25.603],[153.077,-25.677],[153.079,-25.71],[153.085,-25.74],[153.085,-25.767],[153.073,-25.795],[153.042,-25.794],[153.025,-25.781],[153.018,-25.772],[153.011,-25.756],[153.006,-25.742],[152.998,-25.736],[152.995,-25.729],[152.992,-25.721],[152.989,-25.707],[152.992,-25.697],[152.99,-25.689],[152.984,-25.679],[152.987,-25.672],[152.98,-25.669],[152.981,-25.661],[152.974,-25.651],[152.97,-25.639],[152.97,-25.636],[152.973,-25.622],[152.966,-25.616],[152.965,-25.606],[152.96,-25.599],[152.957,-25.598],[152.959,-25.586],[152.964,-25.576],[152.958,-25.586],[152.953,-25.584],[152.951,-25.594],[152.949,-25.59],[152.942,-25.586],[152.952,-25.573],[152.954,-25.575],[152.954,-25.574],[152.95,-25.567],[152.958,-25.56],[152.955,-25.549],[152.961,-25.546],[152.968,-25.533],[152.977,-25.518],[152.984,-25.515],[152.988,-25.512],[152.988,-25.503],[152.99,-25.489],[152.993,-25.484],[152.988,-25.479],[152.983,-25.465],[152.987,-25.449],[152.994,-25.436],[153.003,-25.424],[153.007,-25.412],[153.023,-25.395],[153.034,-25.383],[153.041,-25.37],[153.047,-25.36],[153.047,-25.351],[153.05,-25.336],[153.048,-25.323],[153.046,-25.306],[153.042,-25.285],[153.041,-25.273],[153.045,-25.265],[153.051,-25.264],[153.052,-25.26],[153.049,-25.257],[153.049,-25.253],[153.046,-25.247],[153.049,-25.24],[153.045,-25.238],[153.042,-25.232],[153.04,-25.224],[153.032,-25.224],[153.026,-25.223],[153.019,-25.229],[152.997,-25.227],[152.993,-25.222],[153.004,-25.204],[153.019,-25.187],[153.035,-25.174],[153.06,-25.163],[153.083,-25.148],[153.105,-25.131],[153.124,-25.117],[153.132,-25.109],[153.145,-25.098],[153.165,-25.078],[153.176,-25.064],[153.19,-25.045],[153.204,-25.026],[153.215,-25.008],[153.225,-24.989],[153.229,-24.967],[153.234,-24.941],[153.226,-24.912],[153.215,-24.895],[153.204,-24.877],[153.193,-24.86],[153.128,-24.815],[153.121,-24.808],[153.122,-24.806],[153.124,-24.803],[153.126,-24.799],[153.129,-24.796],[153.144,-24.782],[153.166,-24.755],[153.184,-24.737],[153.205,-24.721],[153.226,-24.709],[153.247,-24.7],[153.256,-24.697]]]]}},{"type":"Feature","properties":{"state":"South Australia","state_code":"4","region_code":410,"region":"Adelaide"},"geometry":{"type":"MultiPolygon","coordinates":[[[[138.54,-34.803],[138.531,-34.812],[138.536,-34.802],[138.54,-34.803]]],[[[138.519,-34.759],[138.528,-34.77],[138.542,-34.788],[138.526,-34.806],[138.517,-34.801],[138.519,-34.783],[138.521,-34.767],[138.516,-34.761],[138.519,-34.759]]],[[[138.802,-34.551],[138.812,-34.558],[138.801,-34.609],[138.795,-34.663],[138.824,-34.669],[138.848,-34.681],[138.813,-34.753],[138.775,-34.769],[138.759,-34.799],[138.756,-34.867],[138.744,-34.862],[138.73,-34.858],[138.688,-34.9],[138.689,-34.931],[138.673,-34.986],[138.668,-35.034],[138.665,-35.035],[138.664,-35.036],[138.663,-35.036],[138.662,-35.037],[138.659,-35.037],[138.656,-35.036],[138.65,-35.036],[138.629,-35.049],[138.635,-35.077],[138.602,-35.104],[138.588,-35.149],[138.582,-35.156],[138.57,-35.159],[138.555,-35.16],[138.538,-35.161],[138.528,-35.168],[138.513,-35.172],[138.494,-35.157],[138.472,-35.153],[138.467,-35.147],[138.469,-35.13],[138.471,-35.11],[138.479,-35.098],[138.495,-35.081],[138.503,-35.06],[138.515,-35.039],[138.514,-35.014],[138.51,-34.983],[138.502,-34.948],[138.493,-34.918],[138.48,-34.871],[138.483,-34.831],[138.482,-34.796],[138.493,-34.767],[138.515,-34.77],[138.511,-34.789],[138.512,-34.814],[138.506,-34.833],[138.497,-34.841],[138.499,-34.849],[138.509,-34.831],[138.515,-34.818],[138.526,-34.813],[138.534,-34.82],[138.55,-34.816],[138.565,-34.826],[138.556,-34.801],[138.545,-34.78],[138.529,-34.743],[138.497,-34.723],[138.478,-34.705],[138.463,-34.694],[138.443,-34.678],[138.456,-34.676],[138.49,-34.657],[138.501,-34.647],[138.507,-34.644],[138.514,-34.641],[138.521,-34.637],[138.528,-34.641],[138.54,-34.637],[138.547,-34.637],[138.552,-34.638],[138.557,-34.638],[138.563,-34.636],[138.568,-34.636],[138.573,-34.636],[138.579,-34.638],[138.591,-34.639],[138.597,-34.634],[138.607,-34.634],[138.618,-34.632],[138.626,-34.628],[138.632,-34.631],[138.643,-34.631],[138.65,-34.628],[138.65,-34.627],[138.652,-34.625],[138.653,-34.623],[138.655,-34.623],[138.661,-34.624],[138.664,-34.619],[138.668,-34.62],[138.669,-34.618],[138.667,-34.615],[138.669,-34.613],[138.671,-34.616],[138.675,-34.615],[138.678,-34.614],[138.68,-34.616],[138.684,-34.616],[138.687,-34.617],[138.69,-34.617],[138.693,-34.618],[138.698,-34.618],[138.702,-34.615],[138.705,-34.616],[138.707,-34.615],[138.709,-34.615],[138.714,-34.613],[138.717,-34.613],[138.715,-34.611],[138.719,-34.612],[138.723,-34.612],[138.728,-34.608],[138.73,-34.606],[138.727,-34.604],[138.728,-34.602],[138.729,-34.601],[138.732,-34.601],[138.731,-34.599],[138.733,-34.6],[138.737,-34.598],[138.737,-34.596],[138.74,-34.595],[138.742,-34.594],[138.746,-34.59],[138.757,-34.587],[138.758,-34.577],[138.77,-34.568],[138.784,-34.562],[138.793,-34.553],[138.802,-34.551]]]]}},{"type":"Feature","properties":{"state":"South Australia","state_code":"4","region_code":411,"region":"Adelaide Hills"},"geometry":{"type":"MultiPolygon","coordinates":[[[[138.849,-34.685],[138.878,-34.702],[138.896,-34.708],[138.925,-34.744],[138.985,-34.77],[139.004,-34.796],[139.044,-34.817],[138.993,-34.874],[139.029,-34.962],[139.037,-34.985],[139.037,-35.014],[139.032,-35.036],[139.03,-35.062],[139.036,-35.08],[139.043,-35.113],[139.04,-35.119],[139.03,-35.132],[139.006,-35.133],[138.989,-35.129],[138.972,-35.118],[138.942,-35.135],[138.858,-35.187],[138.784,-35.231],[138.698,-35.187],[138.685,-35.067],[138.68,-35.029],[138.685,-34.976],[138.697,-34.926],[138.7,-34.9],[138.732,-34.858],[138.746,-34.863],[138.748,-34.842],[138.758,-34.785],[138.799,-34.77],[138.812,-34.74],[138.849,-34.685]]]]}},{"type":"Feature","properties":{"state":"South Australia","state_code":"4","region_code":412,"region":"Barossa"},"geometry":{"type":"MultiPolygon","coordinates":[[[[138.903,-34.188],[138.985,-34.254],[138.99,-34.255],[139.008,-34.243],[139.048,-34.248],[139.042,-34.284],[139.114,-34.373],[139.111,-34.436],[139.163,-34.486],[139.103,-34.565],[139.169,-34.699],[139.067,-34.792],[139.005,-34.797],[138.988,-34.779],[138.926,-34.751],[138.9,-34.705],[138.883,-34.7],[138.852,-34.686],[138.831,-34.671],[138.799,-34.666],[138.786,-34.657],[138.814,-34.563],[138.805,-34.557],[138.793,-34.557],[138.775,-34.56],[138.763,-34.569],[138.752,-34.579],[138.752,-34.592],[138.744,-34.593],[138.741,-34.594],[138.738,-34.595],[138.738,-34.597],[138.737,-34.599],[138.733,-34.599],[138.731,-34.599],[138.731,-34.602],[138.729,-34.601],[138.729,-34.603],[138.728,-34.605],[138.731,-34.606],[138.727,-34.609],[138.721,-34.612],[138.717,-34.611],[138.715,-34.612],[138.716,-34.615],[138.713,-34.614],[138.712,-34.616],[138.706,-34.615],[138.704,-34.618],[138.7,-34.615],[138.697,-34.617],[138.692,-34.617],[138.689,-34.616],[138.685,-34.618],[138.683,-34.615],[138.679,-34.615],[138.677,-34.615],[138.674,-34.616],[138.671,-34.615],[138.668,-34.613],[138.668,-34.616],[138.668,-34.618],[138.666,-34.62],[138.662,-34.62],[138.659,-34.623],[138.654,-34.622],[138.651,-34.623],[138.651,-34.626],[138.652,-34.627],[138.648,-34.629],[138.64,-34.632],[138.629,-34.596],[138.566,-34.423],[138.571,-34.409],[138.587,-34.402],[138.616,-34.392],[138.631,-34.386],[138.645,-34.379],[138.662,-34.368],[138.683,-34.361],[138.701,-34.36],[138.721,-34.366],[138.74,-34.367],[138.839,-34.296],[138.903,-34.188]]]]}},{"type":"Feature","properties":{"state":"South Australia","state_code":"4","region_code":419,"region":"Yorke Peninsula"},"geometry":{"type":"MultiPolygon","coordinates":[[[[136.861,-35.366],[136.86,-35.378],[136.854,-35.371],[136.861,-35.366]]],[[[136.456,-35.136],[136.484,-35.156],[136.494,-35.169],[136.48,-35.171],[136.457,-35.165],[136.442,-35.148],[136.452,-35.134],[136.456,-35.136]]],[[[137.363,-34.462],[137.377,-34.486],[137.377,-34.5],[137.362,-34.529],[137.342,-34.522],[137.338,-34.493],[137.354,-34.479],[137.361,-34.463],[137.363,-34.462]]],[[[138.029,-33.47],[138.227,-33.626],[138.543,-33.678],[138.565,-33.929],[138.62,-34.094],[138.616,-34.109],[138.612,-34.116],[138.606,-34.122],[138.602,-34.131],[138.683,-34.197],[138.688,-34.344],[138.686,-34.366],[138.666,-34.362],[138.652,-34.379],[138.637,-34.382],[138.621,-34.394],[138.593,-34.398],[138.575,-34.401],[138.562,-34.425],[138.577,-34.453],[138.626,-34.627],[138.619,-34.632],[138.608,-34.634],[138.597,-34.633],[138.592,-34.638],[138.579,-34.638],[138.573,-34.636],[138.568,-34.636],[138.564,-34.636],[138.559,-34.639],[138.552,-34.638],[138.547,-34.637],[138.539,-34.638],[138.529,-34.641],[138.522,-34.638],[138.514,-34.641],[138.507,-34.644],[138.502,-34.646],[138.49,-34.656],[138.458,-34.675],[138.43,-34.668],[138.44,-34.654],[138.438,-34.639],[138.43,-34.627],[138.414,-34.62],[138.415,-34.614],[138.408,-34.601],[138.376,-34.585],[138.347,-34.544],[138.304,-34.505],[138.29,-34.492],[138.279,-34.486],[138.269,-34.48],[138.262,-34.47],[138.26,-34.462],[138.262,-34.453],[138.26,-34.443],[138.258,-34.436],[138.255,-34.427],[138.252,-34.419],[138.228,-34.356],[138.207,-34.294],[138.156,-34.272],[138.157,-34.26],[138.167,-34.24],[138.163,-34.223],[138.158,-34.208],[138.133,-34.179],[138.119,-34.162],[138.089,-34.133],[138.055,-34.163],[138.03,-34.207],[138.013,-34.231],[138.019,-34.293],[138.013,-34.326],[137.988,-34.368],[137.927,-34.417],[137.906,-34.467],[137.892,-34.501],[137.886,-34.537],[137.88,-34.575],[137.885,-34.608],[137.89,-34.643],[137.88,-34.685],[137.868,-34.735],[137.865,-34.766],[137.85,-34.796],[137.826,-34.83],[137.811,-34.857],[137.797,-34.89],[137.797,-34.918],[137.784,-34.944],[137.767,-34.974],[137.76,-35.009],[137.732,-35.045],[137.746,-35.076],[137.755,-35.116],[137.685,-35.152],[137.653,-35.168],[137.623,-35.159],[137.563,-35.121],[137.494,-35.11],[137.349,-35.137],[137.319,-35.166],[137.238,-35.164],[137.19,-35.222],[137.179,-35.232],[137.162,-35.238],[137.141,-35.243],[137.128,-35.241],[137.11,-35.242],[137.074,-35.228],[136.996,-35.226],[136.98,-35.246],[136.968,-35.264],[136.942,-35.278],[136.923,-35.286],[136.895,-35.294],[136.881,-35.3],[136.861,-35.288],[136.85,-35.28],[136.824,-35.246],[136.832,-35.235],[136.846,-35.219],[136.845,-35.195],[136.852,-35.192],[136.872,-35.192],[136.89,-35.184],[136.898,-35.159],[136.914,-35.153],[136.942,-35.127],[136.948,-35.104],[136.954,-35.062],[136.935,-35.025],[136.95,-35.01],[136.968,-34.976],[136.976,-34.944],[136.99,-34.935],[137.005,-34.926],[137.013,-34.896],[137.049,-34.904],[137.154,-34.917],[137.244,-34.899],[137.278,-34.895],[137.304,-34.924],[137.352,-34.934],[137.411,-34.941],[137.458,-34.883],[137.46,-34.823],[137.478,-34.751],[137.491,-34.68],[137.506,-34.644],[137.485,-34.537],[137.48,-34.504],[137.484,-34.461],[137.469,-34.428],[137.443,-34.444],[137.424,-34.471],[137.427,-34.442],[137.452,-34.396],[137.483,-34.353],[137.5,-34.303],[137.503,-34.259],[137.485,-34.195],[137.45,-34.138],[137.499,-34.136],[137.533,-34.101],[137.555,-34.069],[137.541,-34.009],[137.533,-34.002],[137.535,-34.0],[137.56,-33.98],[137.595,-33.941],[137.63,-33.923],[137.615,-33.891],[137.618,-33.861],[137.648,-33.829],[137.673,-33.81],[137.699,-33.79],[137.728,-33.765],[137.74,-33.734],[137.774,-33.697],[137.808,-33.672],[137.823,-33.656],[137.854,-33.633],[137.883,-33.595],[137.912,-33.586],[137.914,-33.612],[137.906,-33.61],[137.908,-33.597],[137.893,-33.626],[137.929,-33.6],[137.935,-33.556],[137.952,-33.573],[137.973,-33.56],[137.971,-33.54],[137.941,-33.55],[137.948,-33.513],[137.938,-33.506],[138.029,-33.47]]]]}},{"type":"Feature","properties":{"state":"South Australia","state_code":"4","region_code":415,"region":"Fleurieu Peninsula"},"geometry":{"type":"MultiPolygon","coordinates":[[[[138.683,-35.028],[138.699,-35.134],[138.754,-35.239],[138.825,-35.205],[138.908,-35.142],[138.963,-35.117],[138.982,-35.127],[139.003,-35.127],[139.023,-35.136],[139.155,-35.303],[139.016,-35.515],[138.95,-35.552],[138.872,-35.557],[138.698,-35.519],[138.664,-35.536],[138.598,-35.581],[138.58,-35.605],[138.535,-35.635],[138.483,-35.632],[138.446,-35.63],[138.406,-35.64],[138.378,-35.639],[138.315,-35.639],[138.278,-35.64],[138.256,-35.65],[138.227,-35.659],[138.193,-35.664],[138.166,-35.661],[138.145,-35.652],[138.123,-35.639],[138.095,-35.602],[138.121,-35.567],[138.149,-35.538],[138.181,-35.521],[138.22,-35.51],[138.249,-35.496],[138.307,-35.446],[138.35,-35.389],[138.394,-35.368],[138.442,-35.347],[138.447,-35.303],[138.443,-35.281],[138.451,-35.269],[138.461,-35.258],[138.465,-35.245],[138.47,-35.215],[138.467,-35.185],[138.474,-35.158],[138.49,-35.16],[138.502,-35.173],[138.526,-35.169],[138.535,-35.162],[138.553,-35.159],[138.567,-35.158],[138.579,-35.157],[138.588,-35.151],[138.593,-35.116],[138.64,-35.086],[138.628,-35.058],[138.644,-35.036],[138.656,-35.036],[138.659,-35.037],[138.662,-35.037],[138.663,-35.036],[138.664,-35.035],[138.665,-35.035],[138.667,-35.034],[138.681,-35.028],[138.683,-35.028]]]]}},{"type":"Feature","properties":{"state":"South Australia","state_code":"4","region_code":413,"region":"Clare Valley"},"geometry":{"type":"MultiPolygon","coordinates":[[[[139.354,-33.098],[139.243,-34.302],[139.042,-34.292],[139.049,-34.252],[139.011,-34.246],[138.994,-34.255],[138.985,-34.255],[138.972,-34.194],[138.84,-34.296],[138.74,-34.367],[138.721,-34.367],[138.696,-34.353],[138.688,-34.233],[138.603,-34.133],[138.605,-34.122],[138.612,-34.118],[138.614,-34.11],[138.621,-34.103],[138.594,-33.955],[138.547,-33.73],[138.696,-33.53],[138.733,-33.373],[138.753,-33.216],[138.834,-33.101],[139.354,-33.098]]]]}},{"type":"Feature","properties":{"state":"South Australia","state_code":"4","region_code":420,"region":"Flinders Ranges and Outback"},"geometry":{"type":"MultiPolygon","coordinates":[[[[140.522,-25.996],[141.001,-32.345],[140.991,-34.032],[140.986,-34.01],[140.968,-33.99],[140.899,-34.0],[140.839,-34.04],[140.756,-34.083],[140.76,-34.161],[140.75,-34.131],[140.736,-34.113],[140.702,-34.069],[140.657,-34.118],[139.355,-33.48],[138.795,-33.101],[138.752,-33.244],[138.731,-33.392],[138.686,-33.555],[138.486,-33.626],[138.131,-33.572],[137.914,-33.456],[137.909,-33.439],[137.898,-33.428],[137.886,-33.414],[137.877,-33.361],[137.889,-33.365],[137.887,-33.359],[137.884,-33.348],[137.875,-33.316],[137.879,-33.328],[137.869,-33.319],[137.868,-33.324],[137.866,-33.329],[137.861,-33.328],[137.845,-33.304],[137.842,-33.306],[137.823,-33.292],[137.825,-33.247],[137.846,-33.21],[137.902,-33.174],[137.956,-33.164],[137.969,-33.152],[138.004,-33.138],[138.013,-33.154],[138.026,-33.18],[138.025,-33.175],[138.017,-33.165],[138.025,-33.153],[138.037,-33.143],[138.051,-33.129],[138.049,-33.111],[138.03,-33.107],[138.037,-33.096],[138.03,-33.058],[137.995,-33.022],[137.954,-32.998],[137.954,-32.979],[137.932,-32.905],[137.912,-32.846],[137.877,-32.787],[137.907,-32.748],[137.842,-32.707],[137.834,-32.669],[137.841,-32.639],[137.811,-32.614],[137.824,-32.581],[137.822,-32.561],[137.781,-32.549],[137.759,-32.491],[137.76,-32.462],[137.758,-32.433],[137.759,-32.468],[137.753,-32.493],[137.757,-32.551],[137.762,-32.578],[137.765,-32.6],[137.761,-32.627],[137.754,-32.652],[137.752,-32.677],[137.756,-32.697],[137.765,-32.718],[137.79,-32.725],[137.81,-32.748],[137.639,-32.863],[136.772,-33.124],[136.46,-32.891],[136.354,-32.815],[135.388,-32.81],[134.646,-32.046],[131.246,-31.279],[129.002,-26.556],[137.499,-25.997],[140.522,-25.996]]]]}},{"type":"Feature","properties":{"state":"South Australia","state_code":"4","region_code":414,"region":"Eyre Peninsula"},"geometry":{"type":"MultiPolygon","coordinates":[[[[136.119,-35.318],[136.112,-35.33],[136.118,-35.317],[136.119,-35.318]]],[[[136.067,-35.223],[136.072,-35.238],[136.058,-35.231],[136.067,-35.223]]],[[[135.981,-35.023],[135.972,-35.036],[135.966,-35.024],[135.978,-35.022],[135.981,-35.023]]],[[[135.621,-34.979],[135.62,-34.997],[135.617,-34.994],[135.619,-34.98],[135.621,-34.979]]],[[[136.113,-34.94],[136.138,-34.973],[136.157,-34.993],[136.172,-35.003],[136.19,-35.025],[136.201,-35.051],[136.203,-35.064],[136.195,-35.059],[136.179,-35.056],[136.165,-35.055],[136.155,-35.044],[136.153,-35.035],[136.147,-35.025],[136.156,-35.011],[136.142,-34.995],[136.123,-34.984],[136.108,-34.969],[136.087,-34.958],[136.079,-34.951],[136.11,-34.935],[136.113,-34.94]]],[[[136.013,-34.869],[136.005,-34.884],[136.006,-34.867],[136.013,-34.869]]],[[[135.918,-34.673],[135.941,-34.693],[135.949,-34.722],[135.929,-34.729],[135.918,-34.698],[135.916,-34.675],[135.918,-34.673]]],[[[136.342,-34.651],[136.351,-34.667],[136.342,-34.674],[136.342,-34.651]]],[[[135.954,-34.569],[135.955,-34.593],[135.954,-34.568],[135.954,-34.569]]],[[[136.302,-34.502],[136.288,-34.53],[136.281,-34.549],[136.277,-34.519],[136.298,-34.502],[136.302,-34.502]]],[[[134.266,-33.937],[134.276,-33.946],[134.264,-33.958],[134.267,-33.964],[134.266,-33.953],[134.262,-33.939],[134.266,-33.937]]],[[[134.53,-33.687],[134.548,-33.72],[134.525,-33.722],[134.507,-33.73],[134.491,-33.747],[134.461,-33.767],[134.454,-33.757],[134.465,-33.724],[134.471,-33.691],[134.512,-33.684],[134.53,-33.687]]],[[[134.812,-33.595],[134.802,-33.606],[134.783,-33.601],[134.792,-33.592],[134.812,-33.595]]],[[[133.287,-32.583],[133.278,-32.587],[133.286,-32.58],[133.287,-32.583]]],[[[133.287,-32.554],[133.299,-32.558],[133.29,-32.567],[133.276,-32.564],[133.284,-32.56],[133.287,-32.554]]],[[[133.289,-32.491],[133.301,-32.503],[133.31,-32.503],[133.303,-32.516],[133.297,-32.524],[133.285,-32.525],[133.279,-32.519],[133.28,-32.508],[133.268,-32.5],[133.283,-32.494],[133.289,-32.491]]],[[[133.638,-32.45],[133.649,-32.461],[133.628,-32.452],[133.638,-32.45]]],[[[133.679,-32.434],[133.667,-32.45],[133.668,-32.443],[133.679,-32.434]]],[[[133.382,-32.394],[133.373,-32.403],[133.369,-32.399],[133.375,-32.393],[133.382,-32.394]]],[[[133.486,-32.367],[133.485,-32.381],[133.476,-32.376],[133.486,-32.367]]],[[[133.812,-32.356],[133.812,-32.362],[133.824,-32.363],[133.83,-32.369],[133.842,-32.378],[133.839,-32.379],[133.793,-32.356],[133.812,-32.356]]],[[[133.833,-32.354],[133.835,-32.36],[133.82,-32.357],[133.833,-32.354]]],[[[133.52,-32.301],[133.508,-32.318],[133.518,-32.301],[133.52,-32.301]]],[[[133.654,-32.237],[133.636,-32.244],[133.628,-32.271],[133.592,-32.305],[133.566,-32.316],[133.541,-32.281],[133.564,-32.266],[133.585,-32.256],[133.588,-32.265],[133.644,-32.236],[133.654,-32.237]]],[[[132.481,-31.273],[134.851,-32.236],[135.48,-32.807],[136.398,-32.832],[136.588,-32.996],[136.811,-33.327],[137.792,-32.771],[137.805,-32.816],[137.808,-32.85],[137.8,-32.864],[137.798,-32.884],[137.793,-32.909],[137.769,-32.912],[137.751,-32.919],[137.756,-32.938],[137.765,-32.956],[137.78,-32.981],[137.786,-33.001],[137.768,-32.993],[137.758,-32.992],[137.732,-32.992],[137.701,-32.969],[137.656,-32.953],[137.63,-32.964],[137.603,-32.986],[137.6,-33.003],[137.598,-33.01],[137.601,-33.016],[137.586,-33.02],[137.59,-33.03],[137.595,-33.036],[137.572,-33.046],[137.566,-33.049],[137.564,-33.054],[137.563,-33.058],[137.557,-33.061],[137.551,-33.07],[137.545,-33.079],[137.536,-33.087],[137.537,-33.092],[137.523,-33.101],[137.508,-33.108],[137.497,-33.113],[137.486,-33.124],[137.458,-33.135],[137.452,-33.136],[137.444,-33.154],[137.438,-33.198],[137.431,-33.231],[137.423,-33.247],[137.41,-33.269],[137.397,-33.28],[137.391,-33.284],[137.386,-33.292],[137.377,-33.295],[137.379,-33.304],[137.38,-33.332],[137.383,-33.378],[137.361,-33.417],[137.36,-33.427],[137.346,-33.449],[137.314,-33.473],[137.298,-33.504],[137.289,-33.53],[137.286,-33.543],[137.275,-33.57],[137.259,-33.591],[137.244,-33.62],[137.205,-33.664],[137.123,-33.701],[137.065,-33.701],[136.998,-33.725],[136.904,-33.777],[136.806,-33.802],[136.75,-33.831],[136.689,-33.866],[136.635,-33.888],[136.576,-33.916],[136.553,-33.954],[136.506,-33.987],[136.439,-34.01],[136.406,-34.034],[136.358,-34.078],[136.35,-34.105],[136.351,-34.126],[136.343,-34.142],[136.331,-34.16],[136.323,-34.174],[136.311,-34.189],[136.298,-34.204],[136.285,-34.217],[136.272,-34.233],[136.268,-34.248],[136.252,-34.274],[136.232,-34.297],[136.14,-34.341],[136.115,-34.399],[136.099,-34.42],[136.119,-34.439],[136.116,-34.49],[136.105,-34.52],[136.086,-34.541],[136.078,-34.508],[136.024,-34.486],[136.022,-34.516],[135.986,-34.513],[135.937,-34.524],[135.928,-34.548],[135.912,-34.61],[135.934,-34.624],[135.925,-34.639],[135.887,-34.617],[135.856,-34.659],[135.854,-34.705],[135.871,-34.721],[135.881,-34.735],[135.874,-34.741],[135.875,-34.745],[135.894,-34.745],[135.871,-34.766],[135.847,-34.753],[135.803,-34.793],[135.796,-34.813],[135.836,-34.819],[135.892,-34.806],[135.925,-34.777],[135.958,-34.766],[135.984,-34.779],[135.991,-34.747],[135.983,-34.728],[136.006,-34.736],[136.013,-34.759],[136.014,-34.794],[136.0,-34.817],[135.961,-34.859],[135.971,-34.89],[135.985,-34.916],[135.992,-34.931],[135.992,-34.943],[135.998,-34.959],[136.003,-34.986],[135.979,-34.992],[135.961,-35.005],[135.943,-34.999],[135.946,-34.982],[135.934,-34.972],[135.932,-34.954],[135.914,-34.939],[135.879,-34.926],[135.857,-34.928],[135.858,-34.901],[135.823,-34.87],[135.775,-34.858],[135.725,-34.861],[135.71,-34.871],[135.705,-34.897],[135.695,-34.908],[135.681,-34.916],[135.688,-34.937],[135.671,-34.944],[135.654,-34.937],[135.634,-34.941],[135.619,-34.939],[135.62,-34.923],[135.623,-34.916],[135.619,-34.899],[135.604,-34.885],[135.593,-34.869],[135.581,-34.858],[135.569,-34.844],[135.556,-34.831],[135.535,-34.812],[135.502,-34.784],[135.492,-34.771],[135.48,-34.754],[135.445,-34.723],[135.405,-34.699],[135.336,-34.685],[135.327,-34.673],[135.348,-34.662],[135.321,-34.608],[135.296,-34.593],[135.285,-34.579],[135.268,-34.562],[135.216,-34.545],[135.182,-34.557],[135.153,-34.568],[135.14,-34.591],[135.12,-34.588],[135.122,-34.578],[135.123,-34.557],[135.137,-34.523],[135.152,-34.496],[135.173,-34.466],[135.193,-34.439],[135.215,-34.437],[135.213,-34.481],[135.261,-34.51],[135.352,-34.521],[135.315,-34.526],[135.3,-34.553],[135.333,-34.572],[135.358,-34.589],[135.391,-34.623],[135.394,-34.636],[135.379,-34.629],[135.369,-34.638],[135.389,-34.642],[135.431,-34.635],[135.461,-34.615],[135.485,-34.615],[135.514,-34.616],[135.513,-34.602],[135.5,-34.599],[135.488,-34.598],[135.456,-34.587],[135.471,-34.614],[135.437,-34.606],[135.443,-34.575],[135.439,-34.541],[135.428,-34.528],[135.41,-34.528],[135.4,-34.522],[135.4,-34.532],[135.399,-34.54],[135.419,-34.549],[135.411,-34.568],[135.413,-34.588],[135.401,-34.592],[135.409,-34.6],[135.391,-34.59],[135.396,-34.548],[135.385,-34.508],[135.391,-34.474],[135.387,-34.439],[135.368,-34.429],[135.364,-34.404],[135.358,-34.377],[135.358,-34.358],[135.359,-34.331],[135.353,-34.31],[135.349,-34.294],[135.349,-34.278],[135.338,-34.249],[135.307,-34.189],[135.268,-34.174],[135.257,-34.159],[135.243,-34.149],[135.252,-34.14],[135.277,-34.123],[135.273,-34.094],[135.28,-34.065],[135.265,-34.032],[135.267,-34.011],[135.255,-33.99],[135.236,-33.961],[135.221,-33.944],[135.196,-33.92],[135.19,-33.903],[135.166,-33.875],[135.148,-33.855],[135.123,-33.833],[135.1,-33.816],[135.079,-33.8],[135.058,-33.774],[135.041,-33.756],[135.022,-33.742],[134.998,-33.725],[134.973,-33.71],[134.944,-33.695],[134.915,-33.676],[134.898,-33.667],[134.88,-33.654],[134.865,-33.64],[134.847,-33.634],[134.83,-33.625],[134.841,-33.592],[134.863,-33.545],[134.846,-33.445],[134.824,-33.377],[134.793,-33.327],[134.77,-33.314],[134.757,-33.301],[134.74,-33.277],[134.715,-33.264],[134.688,-33.25],[134.664,-33.235],[134.68,-33.231],[134.712,-33.228],[134.723,-33.222],[134.711,-33.212],[134.71,-33.187],[134.674,-33.166],[134.627,-33.159],[134.575,-33.153],[134.575,-33.182],[134.619,-33.192],[134.643,-33.194],[134.627,-33.205],[134.653,-33.217],[134.657,-33.225],[134.635,-33.235],[134.623,-33.233],[134.611,-33.221],[134.601,-33.213],[134.594,-33.204],[134.573,-33.192],[134.55,-33.189],[134.537,-33.181],[134.514,-33.17],[134.49,-33.156],[134.464,-33.15],[134.418,-33.148],[134.391,-33.174],[134.362,-33.145],[134.338,-33.108],[134.295,-33.078],[134.296,-33.042],[134.271,-33.027],[134.274,-33.044],[134.263,-33.065],[134.284,-33.101],[134.312,-33.112],[134.323,-33.128],[134.357,-33.151],[134.345,-33.163],[134.339,-33.197],[134.318,-33.188],[134.296,-33.175],[134.279,-33.165],[134.264,-33.145],[134.261,-33.109],[134.25,-33.09],[134.244,-33.076],[134.241,-33.062],[134.219,-33.041],[134.195,-33.035],[134.177,-33.048],[134.167,-33.047],[134.151,-33.032],[134.143,-33.022],[134.161,-33.012],[134.186,-33.015],[134.199,-32.957],[134.163,-32.925],[134.135,-32.941],[134.127,-32.932],[134.103,-32.914],[134.079,-32.925],[134.061,-32.906],[134.079,-32.898],[134.083,-32.88],[134.098,-32.869],[134.123,-32.862],[134.138,-32.835],[134.134,-32.814],[134.113,-32.775],[134.082,-32.746],[134.071,-32.736],[134.065,-32.727],[134.065,-32.717],[134.077,-32.713],[134.1,-32.719],[134.137,-32.72],[134.205,-32.725],[134.18,-32.725],[134.165,-32.726],[134.16,-32.733],[134.19,-32.743],[134.2,-32.746],[134.19,-32.773],[134.216,-32.793],[134.23,-32.765],[134.264,-32.729],[134.287,-32.7],[134.289,-32.656],[134.278,-32.614],[134.228,-32.529],[134.196,-32.495],[134.15,-32.464],[134.095,-32.457],[134.091,-32.455],[134.084,-32.459],[134.081,-32.46],[134.057,-32.441],[134.073,-32.461],[134.056,-32.461],[133.993,-32.493],[133.946,-32.493],[133.903,-32.519],[133.882,-32.537],[133.852,-32.541],[133.85,-32.508],[133.856,-32.49],[133.855,-32.455],[133.868,-32.419],[133.892,-32.398],[133.893,-32.403],[133.89,-32.41],[133.893,-32.41],[133.901,-32.413],[133.89,-32.42],[133.903,-32.423],[133.915,-32.428],[133.931,-32.423],[133.948,-32.404],[133.946,-32.382],[133.934,-32.373],[133.91,-32.331],[133.884,-32.31],[133.86,-32.279],[133.829,-32.256],[133.826,-32.238],[133.808,-32.231],[133.805,-32.239],[133.792,-32.255],[133.764,-32.258],[133.756,-32.233],[133.744,-32.203],[133.718,-32.196],[133.68,-32.196],[133.689,-32.168],[133.659,-32.148],[133.655,-32.143],[133.672,-32.107],[133.635,-32.1],[133.61,-32.085],[133.577,-32.111],[133.578,-32.145],[133.536,-32.166],[133.523,-32.141],[133.525,-32.127],[133.508,-32.138],[133.512,-32.143],[133.516,-32.146],[133.514,-32.15],[133.502,-32.154],[133.5,-32.128],[133.49,-32.112],[133.465,-32.102],[133.451,-32.13],[133.428,-32.132],[133.394,-32.15],[133.398,-32.162],[133.415,-32.17],[133.428,-32.173],[133.439,-32.17],[133.468,-32.174],[133.492,-32.196],[133.468,-32.187],[133.425,-32.196],[133.394,-32.196],[133.353,-32.184],[133.313,-32.182],[133.269,-32.197],[133.255,-32.21],[133.228,-32.19],[133.144,-32.178],[133.128,-32.203],[133.137,-32.173],[133.075,-32.119],[133.002,-32.087],[132.98,-32.106],[132.98,-32.081],[132.934,-32.053],[132.903,-32.035],[132.873,-32.012],[132.831,-31.984],[132.736,-31.951],[132.701,-31.952],[132.672,-31.956],[132.654,-31.95],[132.614,-31.938],[132.511,-31.939],[132.439,-32.002],[132.465,-32.017],[132.469,-32.03],[132.444,-32.017],[132.427,-32.005],[132.382,-32.013],[132.343,-32.014],[132.331,-32.028],[132.311,-32.028],[132.292,-32.025],[132.267,-32.032],[132.241,-32.028],[132.206,-32.026],[132.177,-32.018],[132.149,-32.001],[132.128,-31.974],[132.113,-31.947],[132.083,-31.929],[132.045,-31.902],[131.858,-31.788],[131.423,-31.564],[131.138,-31.464],[130.885,-31.584],[130.515,-31.593],[130.15,-31.577],[129.808,-31.608],[129.326,-31.646],[131.015,-31.279],[132.481,-31.273]]]]}},{"type":"Feature","properties":{"state":"South Australia","state_code":"4","region_code":421,"region":"Kangaroo Island"},"geometry":{"type":"MultiPolygon","coordinates":[[[[136.779,-35.712],[136.79,-35.7],[136.809,-35.699],[136.825,-35.697],[136.846,-35.694],[136.862,-35.694],[136.875,-35.688],[136.89,-35.689],[136.913,-35.683],[136.958,-35.674],[136.974,-35.674],[137.006,-35.673],[137.023,-35.672],[137.042,-35.669],[137.074,-35.663],[137.087,-35.662],[137.1,-35.658],[137.108,-35.655],[137.122,-35.649],[137.126,-35.643],[137.136,-35.637],[137.142,-35.63],[137.157,-35.63],[137.177,-35.627],[137.194,-35.624],[137.211,-35.619],[137.232,-35.611],[137.237,-35.606],[137.25,-35.603],[137.269,-35.604],[137.29,-35.593],[137.302,-35.588],[137.319,-35.579],[137.343,-35.582],[137.383,-35.59],[137.451,-35.596],[137.495,-35.581],[137.544,-35.588],[137.575,-35.571],[137.616,-35.566],[137.631,-35.584],[137.578,-35.611],[137.581,-35.642],[137.641,-35.639],[137.62,-35.667],[137.594,-35.699],[137.58,-35.708],[137.581,-35.718],[137.588,-35.733],[137.699,-35.739],[137.747,-35.731],[137.786,-35.735],[137.796,-35.763],[137.773,-35.786],[137.746,-35.801],[137.751,-35.828],[137.761,-35.838],[137.769,-35.828],[137.798,-35.831],[137.814,-35.821],[137.787,-35.812],[137.76,-35.806],[137.776,-35.797],[137.809,-35.798],[137.866,-35.778],[137.892,-35.75],[137.906,-35.717],[137.934,-35.717],[137.969,-35.719],[138.002,-35.726],[138.023,-35.737],[138.045,-35.742],[138.065,-35.758],[138.067,-35.781],[138.123,-35.803],[138.119,-35.819],[138.13,-35.846],[138.103,-35.854],[138.084,-35.868],[138.068,-35.881],[138.047,-35.901],[138.011,-35.898],[137.981,-35.885],[137.956,-35.872],[137.913,-35.861],[137.886,-35.867],[137.878,-35.87],[137.849,-35.858],[137.821,-35.853],[137.79,-35.853],[137.764,-35.852],[137.745,-35.852],[137.73,-35.871],[137.675,-35.882],[137.614,-35.911],[137.606,-35.966],[137.615,-35.992],[137.587,-36.02],[137.555,-36.023],[137.531,-36.032],[137.512,-36.047],[137.489,-36.056],[137.468,-36.073],[137.445,-36.059],[137.423,-36.044],[137.407,-36.034],[137.379,-36.014],[137.37,-35.998],[137.336,-35.994],[137.319,-35.995],[137.288,-35.992],[137.267,-35.987],[137.244,-35.983],[137.231,-35.981],[137.202,-35.974],[137.18,-35.994],[137.178,-36.004],[137.169,-36.014],[137.157,-36.027],[137.142,-36.025],[137.132,-36.032],[137.116,-36.024],[137.095,-36.023],[137.075,-36.022],[137.053,-36.023],[137.038,-36.027],[137.02,-36.022],[137.001,-36.019],[136.971,-36.022],[136.954,-36.027],[136.93,-36.034],[136.912,-36.042],[136.89,-36.029],[136.854,-36.017],[136.832,-36.025],[136.818,-36.038],[136.795,-36.033],[136.773,-36.038],[136.754,-36.047],[136.72,-36.055],[136.7,-36.061],[136.707,-36.043],[136.694,-36.014],[136.673,-35.984],[136.643,-35.963],[136.611,-35.958],[136.594,-35.955],[136.581,-35.939],[136.57,-35.922],[136.556,-35.911],[136.541,-35.899],[136.549,-35.884],[136.533,-35.877],[136.543,-35.858],[136.562,-35.836],[136.571,-35.807],[136.575,-35.775],[136.591,-35.748],[136.628,-35.747],[136.66,-35.745],[136.705,-35.735],[136.727,-35.723],[136.766,-35.717],[136.779,-35.712]]]]}},{"type":"Feature","properties":{"state":"South Australia","state_code":"4","region_code":416,"region":"Limestone Coast"},"geometry":{"type":"MultiPolygon","coordinates":[[[[140.963,-35.742],[140.972,-37.131],[140.94,-38.053],[140.853,-38.044],[140.783,-38.046],[140.75,-38.057],[140.697,-38.058],[140.662,-38.06],[140.645,-38.043],[140.614,-38.031],[140.577,-38.025],[140.548,-38.005],[140.514,-37.987],[140.479,-37.954],[140.452,-37.935],[140.414,-37.925],[140.393,-37.913],[140.363,-37.87],[140.328,-37.818],[140.312,-37.781],[140.276,-37.721],[140.226,-37.663],[140.182,-37.621],[140.155,-37.603],[140.134,-37.587],[140.119,-37.579],[140.112,-37.572],[140.111,-37.566],[140.127,-37.54],[140.064,-37.489],[140.012,-37.492],[139.999,-37.488],[139.994,-37.486],[139.996,-37.478],[139.976,-37.462],[139.97,-37.456],[139.952,-37.443],[139.941,-37.425],[139.895,-37.379],[139.856,-37.329],[139.85,-37.323],[139.838,-37.313],[139.82,-37.291],[139.808,-37.274],[139.804,-37.265],[139.788,-37.24],[139.774,-37.221],[139.763,-37.202],[139.74,-37.182],[139.745,-37.158],[139.761,-37.162],[139.794,-37.144],[139.762,-37.078],[139.741,-37.042],[139.71,-36.993],[139.67,-36.958],[139.703,-36.937],[139.767,-36.903],[139.827,-36.856],[139.857,-36.794],[139.862,-36.701],[139.842,-36.618],[139.807,-36.517],[139.751,-36.398],[139.71,-36.315],[139.82,-36.251],[140.781,-35.743],[140.838,-35.743],[140.875,-35.743],[140.924,-35.742],[140.963,-35.742]]]]}},{"type":"Feature","properties":{"state":"South Australia","state_code":"4","region_code":418,"region":"Riverland"},"geometry":{"type":"MultiPolygon","coordinates":[[[[139.857,-33.944],[140.651,-34.064],[140.73,-34.089],[140.741,-34.121],[140.761,-34.144],[140.774,-34.136],[140.808,-34.071],[140.854,-34.02],[140.897,-33.97],[140.965,-35.008],[140.66,-34.999],[140.178,-34.505],[139.757,-34.494],[139.262,-34.484],[139.156,-34.468],[139.108,-34.413],[139.149,-34.333],[139.7,-33.801],[139.857,-33.944]]]]}},{"type":"Feature","properties":{"state":"South Australia","state_code":"4","region_code":417,"region":"Murray River, Lakes and Coorong"},"geometry":{"type":"MultiPolygon","coordinates":[[[[139.331,-34.463],[139.758,-34.496],[140.188,-34.636],[140.679,-34.995],[140.965,-35.498],[140.909,-35.743],[140.857,-35.743],[140.829,-35.743],[140.753,-35.743],[139.663,-36.236],[139.622,-36.174],[139.569,-36.1],[139.522,-36.043],[139.459,-35.974],[139.392,-35.907],[139.317,-35.839],[139.245,-35.78],[139.12,-35.691],[138.898,-35.567],[138.944,-35.556],[139.01,-35.514],[139.154,-35.331],[139.029,-35.133],[139.04,-35.119],[139.043,-35.114],[139.035,-35.082],[139.031,-35.062],[139.032,-35.038],[139.036,-35.014],[139.037,-34.985],[139.028,-34.963],[138.99,-34.877],[139.041,-34.82],[139.158,-34.714],[139.104,-34.599],[139.157,-34.504],[139.331,-34.463]]]]}},{"type":"Feature","properties":{"state":"Western Australia","state_code":"5","region_code":513,"region":"Australia's South West"},"geometry":{"type":"MultiPolygon","coordinates":[[[[117.87,-35.185],[117.872,-35.191],[117.869,-35.186],[117.87,-35.185]]],[[[118.042,-35.059],[118.048,-35.06],[118.055,-35.062],[118.064,-35.063],[118.069,-35.066],[118.063,-35.066],[118.06,-35.066],[118.055,-35.065],[118.049,-35.065],[118.046,-35.066],[118.044,-35.063],[118.042,-35.059]]],[[[116.732,-35.048],[116.738,-35.053],[116.734,-35.052],[116.73,-35.049],[116.732,-35.048]]],[[[118.04,-35.041],[118.046,-35.043],[118.05,-35.044],[118.046,-35.046],[118.038,-35.045],[118.031,-35.047],[118.028,-35.045],[118.037,-35.042],[118.04,-35.041]]],[[[116.499,-35.026],[116.504,-35.029],[116.501,-35.035],[116.494,-35.034],[116.494,-35.032],[116.498,-35.026],[116.499,-35.026]]],[[[118.21,-34.996],[118.216,-34.999],[118.214,-35.003],[118.209,-34.998],[118.21,-34.996]]],[[[118.443,-34.904],[118.452,-34.906],[118.461,-34.908],[118.471,-34.913],[118.48,-34.917],[118.486,-34.921],[118.484,-34.926],[118.478,-34.933],[118.474,-34.936],[118.466,-34.935],[118.463,-34.932],[118.46,-34.928],[118.457,-34.925],[118.453,-34.925],[118.45,-34.923],[118.449,-34.919],[118.446,-34.916],[118.442,-34.915],[118.438,-34.912],[118.439,-34.908],[118.442,-34.905],[118.443,-34.904]]],[[[118.766,-34.591],[118.769,-34.595],[118.764,-34.592],[118.766,-34.591]]],[[[115.73,-32.922],[115.909,-32.938],[115.947,-32.939],[116.144,-32.935],[116.16,-32.934],[116.174,-32.931],[116.182,-32.943],[116.184,-32.957],[116.194,-32.966],[116.207,-32.982],[116.28,-33.499],[116.282,-33.519],[116.293,-33.536],[116.302,-33.56],[116.576,-33.665],[116.605,-33.676],[116.615,-33.68],[116.633,-33.684],[116.637,-33.693],[116.656,-33.699],[116.68,-33.699],[116.694,-33.686],[116.72,-33.684],[116.766,-33.691],[116.985,-33.502],[117.002,-33.507],[117.017,-33.508],[117.028,-33.5],[117.036,-33.494],[117.044,-33.492],[117.049,-33.495],[117.072,-33.503],[117.421,-33.418],[117.795,-33.479],[118.244,-33.361],[119.135,-33.343],[119.318,-34.304],[119.365,-34.387],[119.374,-34.387],[119.381,-34.389],[119.391,-34.392],[119.407,-34.395],[119.397,-34.407],[119.393,-34.422],[119.397,-34.426],[119.403,-34.428],[119.401,-34.434],[119.398,-34.441],[119.404,-34.447],[119.404,-34.453],[119.416,-34.457],[119.414,-34.461],[119.407,-34.458],[119.4,-34.46],[119.39,-34.46],[119.387,-34.465],[119.383,-34.471],[119.385,-34.477],[119.383,-34.485],[119.376,-34.484],[119.371,-34.482],[119.369,-34.48],[119.362,-34.477],[119.356,-34.474],[119.363,-34.469],[119.362,-34.457],[119.358,-34.453],[119.351,-34.45],[119.344,-34.446],[119.309,-34.446],[119.28,-34.458],[119.274,-34.471],[119.274,-34.474],[119.279,-34.476],[119.278,-34.477],[119.277,-34.481],[119.276,-34.487],[119.28,-34.492],[119.286,-34.492],[119.287,-34.493],[119.284,-34.497],[119.284,-34.501],[119.282,-34.505],[119.284,-34.512],[119.279,-34.513],[119.277,-34.518],[119.279,-34.523],[119.274,-34.522],[119.27,-34.52],[119.267,-34.516],[119.261,-34.517],[119.258,-34.521],[119.255,-34.528],[119.257,-34.532],[119.252,-34.534],[119.248,-34.533],[119.241,-34.535],[119.237,-34.532],[119.232,-34.532],[119.227,-34.532],[119.223,-34.531],[119.226,-34.528],[119.232,-34.522],[119.238,-34.515],[119.231,-34.507],[119.226,-34.503],[119.219,-34.498],[119.21,-34.495],[119.202,-34.492],[119.196,-34.49],[119.191,-34.488],[119.184,-34.487],[119.18,-34.488],[119.177,-34.49],[119.174,-34.491],[119.174,-34.492],[119.173,-34.494],[119.171,-34.495],[119.167,-34.495],[119.161,-34.494],[119.152,-34.494],[119.147,-34.492],[119.148,-34.488],[119.145,-34.483],[119.139,-34.48],[119.132,-34.477],[119.127,-34.475],[119.12,-34.473],[119.114,-34.47],[119.107,-34.469],[119.1,-34.466],[119.094,-34.466],[119.087,-34.464],[119.08,-34.462],[119.073,-34.46],[119.068,-34.459],[119.066,-34.46],[119.064,-34.461],[119.062,-34.462],[119.06,-34.463],[119.056,-34.463],[119.055,-34.462],[119.052,-34.461],[119.046,-34.46],[119.04,-34.459],[119.033,-34.457],[119.027,-34.456],[119.019,-34.455],[119.011,-34.454],[119.004,-34.452],[118.969,-34.451],[118.941,-34.454],[118.921,-34.46],[118.905,-34.468],[118.907,-34.48],[118.908,-34.485],[118.912,-34.489],[118.906,-34.496],[118.912,-34.5],[118.909,-34.503],[118.894,-34.501],[118.873,-34.5],[118.85,-34.502],[118.835,-34.506],[118.822,-34.507],[118.817,-34.509],[118.812,-34.51],[118.81,-34.511],[118.806,-34.519],[118.8,-34.52],[118.762,-34.539],[118.742,-34.564],[118.741,-34.58],[118.748,-34.596],[118.755,-34.599],[118.763,-34.605],[118.773,-34.608],[118.781,-34.609],[118.776,-34.612],[118.772,-34.615],[118.765,-34.619],[118.754,-34.621],[118.75,-34.626],[118.746,-34.63],[118.745,-34.635],[118.743,-34.639],[118.737,-34.641],[118.732,-34.644],[118.731,-34.648],[118.726,-34.651],[118.723,-34.653],[118.721,-34.657],[118.718,-34.657],[118.714,-34.655],[118.71,-34.655],[118.701,-34.656],[118.696,-34.658],[118.69,-34.66],[118.684,-34.663],[118.679,-34.666],[118.661,-34.67],[118.651,-34.684],[118.646,-34.691],[118.629,-34.688],[118.612,-34.69],[118.604,-34.694],[118.6,-34.697],[118.585,-34.699],[118.581,-34.701],[118.579,-34.706],[118.569,-34.703],[118.552,-34.709],[118.55,-34.711],[118.542,-34.712],[118.534,-34.716],[118.528,-34.715],[118.512,-34.722],[118.511,-34.725],[118.504,-34.727],[118.498,-34.727],[118.477,-34.736],[118.454,-34.749],[118.439,-34.762],[118.427,-34.775],[118.412,-34.797],[118.407,-34.807],[118.404,-34.816],[118.399,-34.832],[118.395,-34.853],[118.397,-34.876],[118.408,-34.879],[118.413,-34.88],[118.421,-34.881],[118.424,-34.886],[118.427,-34.889],[118.425,-34.895],[118.426,-34.9],[118.422,-34.9],[118.416,-34.901],[118.412,-34.902],[118.408,-34.904],[118.403,-34.906],[118.404,-34.911],[118.402,-34.917],[118.397,-34.917],[118.392,-34.916],[118.391,-34.911],[118.385,-34.906],[118.38,-34.903],[118.373,-34.903],[118.369,-34.903],[118.365,-34.903],[118.36,-34.905],[118.357,-34.904],[118.348,-34.9],[118.343,-34.901],[118.337,-34.902],[118.332,-34.898],[118.335,-34.893],[118.331,-34.895],[118.326,-34.899],[118.321,-34.902],[118.317,-34.904],[118.311,-34.903],[118.306,-34.903],[118.3,-34.904],[118.302,-34.908],[118.297,-34.912],[118.293,-34.912],[118.289,-34.912],[118.284,-34.912],[118.279,-34.912],[118.271,-34.91],[118.263,-34.909],[118.255,-34.914],[118.253,-34.917],[118.248,-34.918],[118.242,-34.916],[118.216,-34.925],[118.207,-34.935],[118.21,-34.941],[118.211,-34.944],[118.205,-34.941],[118.198,-34.942],[118.187,-34.937],[118.181,-34.94],[118.17,-34.962],[118.184,-34.972],[118.191,-34.968],[118.195,-34.971],[118.198,-34.975],[118.207,-34.976],[118.209,-34.983],[118.212,-34.989],[118.207,-34.993],[118.202,-34.997],[118.2,-35.004],[118.205,-35.008],[118.201,-35.014],[118.196,-35.022],[118.188,-35.025],[118.191,-35.019],[118.189,-35.014],[118.177,-35.014],[118.171,-35.005],[118.172,-35.0],[118.168,-34.995],[118.149,-34.99],[118.134,-34.988],[118.125,-34.988],[118.112,-34.988],[118.093,-34.988],[118.069,-34.995],[118.062,-35.003],[118.056,-35.005],[118.053,-35.014],[118.046,-35.016],[118.037,-35.02],[118.027,-35.017],[118.016,-35.016],[118.005,-35.021],[118.004,-35.017],[117.985,-35.012],[117.975,-35.014],[117.968,-35.015],[117.962,-35.013],[117.954,-35.008],[117.95,-35.0],[117.964,-34.996],[117.976,-34.993],[117.98,-34.986],[117.977,-34.969],[117.977,-34.955],[117.98,-34.946],[117.98,-34.939],[117.976,-34.939],[117.978,-34.941],[117.978,-34.945],[117.969,-34.95],[117.961,-34.948],[117.95,-34.944],[117.945,-34.953],[117.948,-34.965],[117.946,-34.977],[117.94,-34.987],[117.946,-34.997],[117.93,-35.005],[117.918,-35.026],[117.922,-35.03],[117.921,-35.034],[117.912,-35.037],[117.883,-35.029],[117.859,-35.027],[117.848,-35.044],[117.858,-35.057],[117.87,-35.062],[117.879,-35.068],[117.886,-35.076],[117.9,-35.081],[117.914,-35.083],[117.923,-35.08],[117.928,-35.062],[117.916,-35.056],[117.913,-35.051],[117.916,-35.041],[117.921,-35.044],[117.923,-35.054],[117.931,-35.056],[117.939,-35.061],[117.936,-35.08],[117.942,-35.09],[117.952,-35.091],[117.963,-35.095],[117.971,-35.095],[117.984,-35.093],[117.996,-35.089],[118.005,-35.089],[118.014,-35.096],[118.016,-35.104],[118.018,-35.108],[118.011,-35.104],[118.004,-35.099],[117.993,-35.099],[117.976,-35.099],[117.969,-35.102],[117.967,-35.109],[117.967,-35.115],[117.962,-35.119],[117.956,-35.122],[117.954,-35.127],[117.947,-35.128],[117.944,-35.125],[117.944,-35.12],[117.941,-35.115],[117.934,-35.119],[117.928,-35.121],[117.922,-35.12],[117.915,-35.116],[117.901,-35.116],[117.9,-35.124],[117.895,-35.121],[117.891,-35.118],[117.888,-35.113],[117.882,-35.109],[117.868,-35.108],[117.862,-35.104],[117.855,-35.099],[117.849,-35.093],[117.843,-35.09],[117.833,-35.084],[117.822,-35.08],[117.81,-35.074],[117.794,-35.067],[117.783,-35.062],[117.763,-35.055],[117.742,-35.05],[117.726,-35.047],[117.71,-35.045],[117.704,-35.048],[117.697,-35.05],[117.68,-35.044],[117.661,-35.052],[117.65,-35.058],[117.644,-35.069],[117.649,-35.077],[117.651,-35.084],[117.645,-35.086],[117.636,-35.094],[117.635,-35.102],[117.631,-35.107],[117.631,-35.116],[117.635,-35.123],[117.641,-35.125],[117.639,-35.132],[117.636,-35.133],[117.632,-35.129],[117.627,-35.128],[117.626,-35.133],[117.621,-35.132],[117.614,-35.133],[117.61,-35.129],[117.608,-35.125],[117.606,-35.115],[117.597,-35.109],[117.585,-35.103],[117.565,-35.09],[117.541,-35.08],[117.522,-35.076],[117.515,-35.075],[117.51,-35.083],[117.501,-35.084],[117.49,-35.089],[117.483,-35.083],[117.478,-35.073],[117.452,-35.06],[117.437,-35.053],[117.427,-35.047],[117.417,-35.041],[117.399,-35.035],[117.385,-35.029],[117.37,-35.023],[117.347,-35.021],[117.339,-35.015],[117.356,-35.005],[117.383,-35.0],[117.409,-35.012],[117.442,-35.022],[117.463,-35.02],[117.459,-35.013],[117.456,-35.008],[117.465,-35.006],[117.475,-35.001],[117.477,-34.985],[117.458,-34.968],[117.441,-34.975],[117.43,-34.984],[117.42,-34.983],[117.405,-34.974],[117.387,-34.969],[117.372,-34.969],[117.364,-34.979],[117.358,-34.991],[117.353,-34.988],[117.34,-34.991],[117.337,-35.003],[117.327,-35.019],[117.332,-35.03],[117.336,-35.037],[117.329,-35.043],[117.32,-35.041],[117.314,-35.037],[117.285,-35.026],[117.269,-35.022],[117.257,-35.026],[117.239,-35.027],[117.226,-35.023],[117.177,-35.021],[117.163,-35.04],[117.16,-35.045],[117.156,-35.058],[117.149,-35.058],[117.136,-35.055],[117.121,-35.044],[117.109,-35.039],[117.09,-35.032],[117.073,-35.033],[117.067,-35.036],[117.057,-35.03],[117.041,-35.027],[117.025,-35.032],[117.015,-35.032],[116.994,-35.026],[116.973,-35.02],[116.956,-35.021],[116.94,-35.03],[116.93,-35.044],[116.929,-35.051],[116.925,-35.055],[116.925,-35.063],[116.918,-35.063],[116.916,-35.06],[116.909,-35.059],[116.904,-35.056],[116.897,-35.057],[116.889,-35.051],[116.874,-35.05],[116.864,-35.05],[116.86,-35.054],[116.85,-35.048],[116.848,-35.045],[116.836,-35.041],[116.832,-35.042],[116.827,-35.041],[116.824,-35.039],[116.813,-35.027],[116.795,-35.02],[116.771,-35.015],[116.746,-35.019],[116.742,-35.031],[116.741,-35.036],[116.72,-35.039],[116.7,-35.034],[116.688,-35.035],[116.681,-35.038],[116.677,-35.044],[116.668,-35.047],[116.656,-35.051],[116.648,-35.048],[116.64,-35.053],[116.633,-35.059],[116.626,-35.052],[116.622,-35.041],[116.591,-35.034],[116.579,-35.029],[116.576,-35.028],[116.557,-35.014],[116.526,-35.005],[116.513,-35.007],[116.494,-35.016],[116.481,-35.006],[116.424,-34.968],[116.384,-34.947],[116.353,-34.926],[116.325,-34.912],[116.3,-34.904],[116.292,-34.899],[116.288,-34.894],[116.257,-34.879],[116.227,-34.869],[116.204,-34.864],[116.181,-34.858],[116.15,-34.848],[116.111,-34.846],[116.05,-34.841],[116.007,-34.841],[115.997,-34.831],[116.002,-34.822],[116.001,-34.809],[115.991,-34.794],[115.983,-34.783],[115.968,-34.767],[115.962,-34.744],[115.957,-34.736],[115.952,-34.727],[115.94,-34.715],[115.927,-34.703],[115.915,-34.691],[115.901,-34.678],[115.886,-34.664],[115.87,-34.649],[115.855,-34.635],[115.841,-34.623],[115.824,-34.608],[115.809,-34.595],[115.795,-34.582],[115.783,-34.572],[115.767,-34.559],[115.753,-34.547],[115.734,-34.532],[115.714,-34.518],[115.697,-34.504],[115.683,-34.494],[115.674,-34.485],[115.663,-34.477],[115.65,-34.468],[115.638,-34.46],[115.624,-34.45],[115.609,-34.44],[115.592,-34.43],[115.577,-34.422],[115.566,-34.418],[115.554,-34.419],[115.549,-34.423],[115.542,-34.423],[115.542,-34.414],[115.532,-34.406],[115.517,-34.396],[115.5,-34.388],[115.483,-34.384],[115.443,-34.355],[115.422,-34.345],[115.404,-34.336],[115.387,-34.329],[115.367,-34.322],[115.346,-34.316],[115.324,-34.313],[115.299,-34.31],[115.271,-34.307],[115.244,-34.309],[115.215,-34.311],[115.19,-34.317],[115.168,-34.322],[115.168,-34.308],[115.173,-34.298],[115.187,-34.285],[115.197,-34.28],[115.192,-34.277],[115.179,-34.278],[115.172,-34.277],[115.167,-34.272],[115.177,-34.266],[115.157,-34.274],[115.162,-34.288],[115.155,-34.295],[115.145,-34.29],[115.151,-34.297],[115.161,-34.301],[115.162,-34.315],[115.171,-34.324],[115.17,-34.334],[115.168,-34.347],[115.165,-34.361],[115.156,-34.368],[115.151,-34.37],[115.144,-34.368],[115.137,-34.377],[115.134,-34.372],[115.136,-34.364],[115.132,-34.359],[115.126,-34.355],[115.123,-34.348],[115.112,-34.334],[115.097,-34.324],[115.086,-34.311],[115.076,-34.3],[115.066,-34.291],[115.053,-34.278],[115.038,-34.271],[115.035,-34.267],[115.032,-34.258],[115.024,-34.252],[115.031,-34.24],[115.031,-34.23],[115.034,-34.216],[115.039,-34.197],[115.033,-34.178],[115.028,-34.161],[115.022,-34.157],[115.022,-34.147],[115.012,-34.129],[115.001,-34.113],[114.992,-34.102],[114.993,-34.097],[114.998,-34.088],[115.003,-34.079],[115.0,-34.06],[114.999,-34.047],[115.001,-34.036],[115.0,-34.024],[114.997,-34.007],[114.991,-33.995],[114.99,-33.984],[114.986,-33.973],[114.981,-33.966],[114.981,-33.961],[114.991,-33.955],[114.992,-33.943],[114.991,-33.93],[114.988,-33.917],[114.988,-33.906],[114.985,-33.89],[114.98,-33.872],[114.981,-33.865],[114.985,-33.858],[114.993,-33.848],[114.994,-33.836],[114.997,-33.824],[114.998,-33.806],[114.998,-33.79],[114.993,-33.775],[114.99,-33.766],[114.993,-33.753],[114.989,-33.742],[114.985,-33.728],[114.98,-33.715],[114.975,-33.701],[114.981,-33.7],[114.992,-33.693],[114.993,-33.683],[114.993,-33.679],[114.995,-33.672],[115.002,-33.668],[115.006,-33.661],[115.016,-33.659],[115.022,-33.648],[115.021,-33.643],[115.028,-33.633],[115.025,-33.619],[115.022,-33.608],[115.017,-33.596],[115.013,-33.581],[115.008,-33.569],[115.006,-33.559],[115.011,-33.551],[115.007,-33.536],[115.008,-33.53],[115.024,-33.533],[115.032,-33.539],[115.052,-33.544],[115.059,-33.55],[115.071,-33.56],[115.089,-33.569],[115.099,-33.583],[115.104,-33.594],[115.108,-33.609],[115.126,-33.625],[115.15,-33.632],[115.177,-33.641],[115.204,-33.65],[115.23,-33.655],[115.257,-33.656],[115.284,-33.654],[115.309,-33.654],[115.335,-33.648],[115.356,-33.642],[115.378,-33.636],[115.399,-33.626],[115.416,-33.616],[115.431,-33.605],[115.445,-33.591],[115.458,-33.575],[115.472,-33.561],[115.485,-33.549],[115.499,-33.533],[115.52,-33.511],[115.543,-33.485],[115.567,-33.462],[115.588,-33.432],[115.604,-33.396],[115.616,-33.36],[115.626,-33.334],[115.635,-33.313],[115.646,-33.301],[115.642,-33.311],[115.641,-33.319],[115.666,-33.322],[115.66,-33.316],[115.673,-33.3],[115.681,-33.276],[115.682,-33.248],[115.683,-33.228],[115.683,-33.208],[115.683,-33.187],[115.684,-33.168],[115.685,-33.149],[115.689,-33.129],[115.687,-33.099],[115.683,-33.063],[115.678,-33.03],[115.674,-32.999],[115.695,-32.932],[115.73,-32.922]]]]}},{"type":"Feature","properties":{"state":"Western Australia","state_code":"5","region_code":510,"region":"Destination Perth"},"geometry":{"type":"MultiPolygon","coordinates":[[[[115.708,-32.564],[115.704,-32.565],[115.707,-32.564],[115.708,-32.564]]],[[[115.668,-32.156],[115.676,-32.169],[115.676,-32.187],[115.683,-32.202],[115.689,-32.215],[115.7,-32.226],[115.689,-32.231],[115.699,-32.244],[115.688,-32.245],[115.681,-32.244],[115.679,-32.232],[115.674,-32.219],[115.671,-32.207],[115.667,-32.191],[115.663,-32.181],[115.662,-32.175],[115.661,-32.168],[115.66,-32.157],[115.668,-32.156]]],[[[115.665,-32.119],[115.661,-32.123],[115.662,-32.119],[115.665,-32.119]]],[[[116.084,-31.089],[116.569,-31.312],[116.684,-31.495],[116.943,-31.648],[117.131,-31.812],[117.12,-31.986],[117.23,-32.042],[117.335,-32.225],[117.528,-32.2],[117.925,-32.158],[118.2,-32.231],[117.716,-32.593],[117.308,-32.595],[117.123,-32.596],[117.068,-32.597],[117.046,-32.609],[117.025,-32.622],[116.996,-32.637],[116.978,-32.641],[116.969,-32.649],[116.956,-32.647],[116.945,-32.65],[116.934,-32.655],[116.924,-32.662],[116.91,-32.66],[116.711,-32.8],[116.371,-32.995],[116.2,-32.968],[116.187,-32.964],[116.182,-32.947],[116.171,-32.938],[116.164,-32.932],[116.147,-32.935],[115.992,-32.935],[115.919,-32.938],[115.837,-32.932],[115.7,-32.932],[115.652,-32.894],[115.637,-32.846],[115.624,-32.773],[115.609,-32.693],[115.613,-32.658],[115.622,-32.624],[115.629,-32.602],[115.631,-32.6],[115.633,-32.595],[115.646,-32.584],[115.656,-32.577],[115.67,-32.562],[115.682,-32.547],[115.697,-32.524],[115.705,-32.52],[115.717,-32.535],[115.716,-32.55],[115.701,-32.564],[115.679,-32.572],[115.671,-32.594],[115.652,-32.607],[115.641,-32.619],[115.647,-32.642],[115.657,-32.661],[115.663,-32.685],[115.67,-32.708],[115.674,-32.73],[115.684,-32.751],[115.693,-32.763],[115.703,-32.777],[115.714,-32.786],[115.712,-32.775],[115.716,-32.777],[115.725,-32.782],[115.727,-32.757],[115.722,-32.746],[115.713,-32.735],[115.713,-32.727],[115.703,-32.713],[115.697,-32.692],[115.691,-32.684],[115.687,-32.671],[115.682,-32.651],[115.672,-32.64],[115.668,-32.621],[115.679,-32.623],[115.698,-32.637],[115.709,-32.643],[115.729,-32.634],[115.751,-32.643],[115.761,-32.642],[115.772,-32.636],[115.77,-32.625],[115.775,-32.624],[115.774,-32.609],[115.767,-32.592],[115.766,-32.581],[115.758,-32.566],[115.726,-32.568],[115.722,-32.544],[115.721,-32.528],[115.718,-32.521],[115.736,-32.505],[115.744,-32.483],[115.747,-32.46],[115.75,-32.436],[115.747,-32.414],[115.737,-32.395],[115.722,-32.378],[115.728,-32.366],[115.744,-32.339],[115.734,-32.313],[115.704,-32.306],[115.701,-32.281],[115.685,-32.267],[115.696,-32.269],[115.72,-32.277],[115.745,-32.262],[115.759,-32.243],[115.758,-32.228],[115.762,-32.216],[115.774,-32.196],[115.774,-32.179],[115.766,-32.161],[115.766,-32.154],[115.761,-32.14],[115.744,-32.138],[115.751,-32.132],[115.762,-32.107],[115.751,-32.078],[115.743,-32.066],[115.749,-32.07],[115.745,-32.066],[115.743,-32.063],[115.745,-32.06],[115.742,-32.062],[115.739,-32.062],[115.739,-32.063],[115.732,-32.056],[115.753,-32.042],[115.763,-32.03],[115.777,-32.029],[115.785,-32.018],[115.799,-32.017],[115.817,-32.029],[115.829,-32.006],[115.847,-32.002],[115.851,-32.018],[115.857,-32.037],[115.861,-32.04],[115.878,-32.032],[115.886,-32.025],[115.901,-32.023],[115.903,-32.027],[115.904,-32.025],[115.902,-32.023],[115.901,-32.021],[115.899,-32.021],[115.898,-32.02],[115.898,-32.019],[115.885,-32.02],[115.868,-32.027],[115.86,-32.028],[115.854,-32.007],[115.854,-31.993],[115.848,-31.98],[115.847,-31.973],[115.845,-31.967],[115.849,-31.965],[115.858,-31.973],[115.879,-31.971],[115.887,-31.967],[115.891,-31.961],[115.886,-31.953],[115.884,-31.944],[115.89,-31.94],[115.895,-31.945],[115.896,-31.951],[115.902,-31.954],[115.911,-31.952],[115.918,-31.948],[115.917,-31.944],[115.911,-31.941],[115.909,-31.941],[115.911,-31.936],[115.912,-31.936],[115.92,-31.933],[115.928,-31.932],[115.936,-31.931],[115.94,-31.924],[115.948,-31.923],[115.955,-31.918],[115.962,-31.912],[115.963,-31.908],[115.962,-31.908],[115.963,-31.903],[115.959,-31.898],[115.965,-31.896],[115.974,-31.894],[115.965,-31.895],[115.958,-31.895],[115.963,-31.903],[115.962,-31.911],[115.957,-31.915],[115.951,-31.922],[115.943,-31.92],[115.938,-31.926],[115.93,-31.931],[115.922,-31.931],[115.913,-31.932],[115.908,-31.939],[115.913,-31.944],[115.913,-31.951],[115.905,-31.952],[115.897,-31.948],[115.897,-31.942],[115.895,-31.94],[115.89,-31.937],[115.883,-31.94],[115.881,-31.946],[115.882,-31.952],[115.884,-31.958],[115.883,-31.964],[115.885,-31.962],[115.886,-31.965],[115.88,-31.968],[115.877,-31.967],[115.853,-31.959],[115.846,-31.962],[115.84,-31.966],[115.831,-31.972],[115.823,-31.976],[115.822,-31.982],[115.826,-31.985],[115.825,-31.987],[115.818,-31.989],[115.813,-31.995],[115.793,-32.005],[115.787,-31.992],[115.777,-31.988],[115.773,-31.994],[115.774,-32.001],[115.778,-32.014],[115.77,-32.024],[115.758,-32.03],[115.737,-32.053],[115.728,-32.051],[115.748,-32.029],[115.751,-32.003],[115.752,-31.988],[115.754,-31.966],[115.754,-31.943],[115.755,-31.922],[115.755,-31.898],[115.751,-31.877],[115.752,-31.858],[115.75,-31.842],[115.739,-31.827],[115.74,-31.822],[115.728,-31.804],[115.732,-31.779],[115.727,-31.761],[115.723,-31.744],[115.718,-31.73],[115.707,-31.714],[115.699,-31.692],[115.698,-31.69],[115.699,-31.687],[115.69,-31.674],[115.687,-31.658],[115.68,-31.644],[115.667,-31.628],[115.652,-31.598],[115.626,-31.556],[115.609,-31.532],[115.584,-31.503],[115.581,-31.488],[115.569,-31.469],[115.561,-31.455],[115.958,-31.474],[116.028,-31.323],[116.042,-31.267],[116.053,-31.126],[116.084,-31.089]]]]}},{"type":"Feature","properties":{"state":"Western Australia","state_code":"5","region_code":511,"region":"Australia's Golden Outback"},"geometry":{"type":"MultiPolygon","coordinates":[[[[119.613,-34.379],[119.62,-34.381],[119.615,-34.381],[119.613,-34.379]]],[[[119.586,-34.371],[119.584,-34.374],[119.578,-34.377],[119.573,-34.374],[119.581,-34.373],[119.586,-34.371]]],[[[119.601,-34.368],[119.608,-34.374],[119.613,-34.374],[119.609,-34.377],[119.606,-34.375],[119.602,-34.372],[119.601,-34.368]]],[[[122.234,-34.109],[122.257,-34.125],[122.235,-34.155],[122.233,-34.124],[122.234,-34.109]]],[[[121.877,-33.917],[121.883,-33.92],[121.882,-33.924],[121.882,-33.926],[121.876,-33.927],[121.872,-33.925],[121.868,-33.923],[121.873,-33.92],[121.877,-33.917]]],[[[121.774,-33.915],[121.777,-33.917],[121.775,-33.919],[121.773,-33.918],[121.771,-33.918],[121.769,-33.918],[121.772,-33.916],[121.774,-33.915]]],[[[121.354,-33.865],[121.35,-33.873],[121.347,-33.87],[121.354,-33.865]]],[[[118.079,-23.293],[119.872,-23.443],[120.84,-23.728],[122.131,-23.441],[123.275,-23.444],[124.365,-23.442],[129.002,-28.556],[128.66,-31.836],[128.281,-31.991],[127.896,-32.101],[127.542,-32.195],[127.394,-32.236],[127.266,-32.267],[126.939,-32.299],[126.485,-32.291],[126.037,-32.269],[125.688,-32.44],[125.285,-32.621],[124.942,-32.784],[124.53,-32.928],[124.101,-33.176],[123.934,-33.578],[123.747,-33.775],[123.61,-33.882],[123.482,-33.909],[123.296,-33.967],[123.213,-34.002],[123.149,-33.977],[123.005,-33.871],[122.826,-33.907],[122.601,-33.913],[122.575,-33.952],[122.424,-33.916],[122.276,-34.0],[122.224,-33.995],[122.201,-34.008],[122.171,-34.01],[122.135,-34.009],[122.106,-33.999],[122.035,-33.849],[121.879,-33.877],[121.731,-33.873],[121.509,-33.838],[121.483,-33.828],[121.463,-33.824],[121.455,-33.825],[121.439,-33.821],[121.434,-33.822],[121.431,-33.827],[121.428,-33.828],[121.415,-33.823],[121.4,-33.819],[121.382,-33.817],[121.367,-33.816],[121.35,-33.821],[121.352,-33.828],[121.347,-33.828],[121.334,-33.824],[121.32,-33.822],[121.312,-33.822],[121.305,-33.823],[121.294,-33.831],[121.297,-33.836],[121.295,-33.841],[121.289,-33.842],[121.279,-33.842],[121.275,-33.847],[121.269,-33.849],[121.266,-33.85],[121.26,-33.848],[121.249,-33.847],[121.234,-33.844],[121.213,-33.842],[121.193,-33.855],[121.19,-33.858],[121.179,-33.868],[121.18,-33.875],[121.177,-33.876],[121.169,-33.867],[121.147,-33.86],[121.135,-33.854],[121.117,-33.85],[121.088,-33.849],[121.08,-33.858],[121.074,-33.861],[121.048,-33.857],[121.04,-33.861],[121.03,-33.859],[121.009,-33.866],[121.003,-33.87],[120.988,-33.867],[120.981,-33.869],[120.961,-33.866],[120.937,-33.863],[120.924,-33.87],[120.918,-33.87],[120.901,-33.861],[120.878,-33.857],[120.865,-33.859],[120.861,-33.86],[120.839,-33.867],[120.838,-33.874],[120.832,-33.877],[120.822,-33.882],[120.816,-33.883],[120.812,-33.886],[120.812,-33.892],[120.808,-33.889],[120.781,-33.886],[120.757,-33.89],[120.725,-33.892],[120.695,-33.89],[120.674,-33.885],[120.643,-33.888],[120.619,-33.889],[120.587,-33.888],[120.56,-33.898],[120.555,-33.91],[120.562,-33.92],[120.558,-33.926],[120.535,-33.93],[120.512,-33.939],[120.495,-33.953],[120.48,-33.956],[120.469,-33.963],[120.46,-33.965],[120.444,-33.966],[120.438,-33.97],[120.427,-33.969],[120.404,-33.962],[120.39,-33.959],[120.371,-33.954],[120.358,-33.952],[120.345,-33.949],[120.335,-33.948],[120.325,-33.945],[120.31,-33.942],[120.284,-33.939],[120.262,-33.936],[120.247,-33.934],[120.235,-33.933],[120.225,-33.933],[120.193,-33.936],[120.156,-33.942],[120.142,-33.945],[120.119,-33.953],[120.081,-33.934],[120.06,-33.927],[120.045,-33.923],[120.029,-33.928],[120.022,-33.932],[120.015,-33.935],[120.009,-33.936],[119.99,-33.941],[119.986,-33.952],[119.981,-33.954],[119.972,-33.955],[119.969,-33.959],[119.963,-33.965],[119.957,-33.968],[119.949,-33.974],[119.944,-33.975],[119.939,-33.975],[119.929,-33.976],[119.919,-33.968],[119.9,-33.97],[119.883,-33.969],[119.875,-33.971],[119.855,-33.97],[119.847,-33.974],[119.842,-33.975],[119.831,-33.98],[119.826,-33.98],[119.822,-33.984],[119.818,-33.984],[119.815,-33.987],[119.808,-33.988],[119.804,-33.994],[119.798,-33.999],[119.794,-34.003],[119.79,-34.005],[119.788,-34.008],[119.787,-34.011],[119.787,-34.016],[119.783,-34.021],[119.783,-34.024],[119.779,-34.027],[119.775,-34.03],[119.768,-34.037],[119.761,-34.04],[119.756,-34.041],[119.75,-34.041],[119.75,-34.045],[119.746,-34.047],[119.744,-34.05],[119.741,-34.054],[119.737,-34.056],[119.734,-34.06],[119.731,-34.061],[119.727,-34.061],[119.715,-34.061],[119.704,-34.067],[119.698,-34.071],[119.694,-34.072],[119.69,-34.075],[119.688,-34.078],[119.683,-34.079],[119.678,-34.078],[119.651,-34.087],[119.634,-34.103],[119.638,-34.11],[119.638,-34.113],[119.632,-34.115],[119.624,-34.118],[119.608,-34.127],[119.593,-34.139],[119.584,-34.15],[119.579,-34.167],[119.588,-34.17],[119.582,-34.175],[119.576,-34.18],[119.568,-34.187],[119.567,-34.189],[119.564,-34.191],[119.563,-34.192],[119.561,-34.194],[119.558,-34.197],[119.554,-34.199],[119.55,-34.203],[119.546,-34.207],[119.542,-34.212],[119.538,-34.218],[119.534,-34.224],[119.529,-34.23],[119.525,-34.237],[119.521,-34.244],[119.517,-34.251],[119.507,-34.276],[119.492,-34.283],[119.475,-34.284],[119.466,-34.288],[119.462,-34.283],[119.458,-34.291],[119.467,-34.292],[119.479,-34.288],[119.492,-34.29],[119.5,-34.305],[119.5,-34.34],[119.512,-34.359],[119.52,-34.363],[119.528,-34.364],[119.532,-34.373],[119.549,-34.381],[119.562,-34.378],[119.571,-34.379],[119.575,-34.382],[119.576,-34.387],[119.569,-34.39],[119.559,-34.391],[119.55,-34.39],[119.546,-34.393],[119.538,-34.394],[119.534,-34.396],[119.531,-34.401],[119.525,-34.404],[119.519,-34.405],[119.517,-34.408],[119.511,-34.411],[119.501,-34.41],[119.492,-34.409],[119.487,-34.407],[119.48,-34.404],[119.479,-34.4],[119.487,-34.398],[119.492,-34.389],[119.478,-34.377],[119.474,-34.375],[119.466,-34.378],[119.459,-34.379],[119.454,-34.379],[119.45,-34.376],[119.443,-34.367],[119.42,-34.372],[119.4,-34.385],[119.387,-34.391],[119.381,-34.386],[119.371,-34.388],[119.368,-34.386],[119.498,-33.829],[118.808,-33.332],[118.023,-33.362],[117.674,-33.465],[117.311,-33.453],[117.054,-33.499],[117.046,-33.496],[117.042,-33.491],[117.032,-33.496],[117.024,-33.502],[117.014,-33.509],[117.0,-33.503],[116.982,-33.518],[116.735,-33.679],[116.713,-33.683],[116.688,-33.696],[116.675,-33.698],[116.65,-33.698],[116.639,-33.686],[116.628,-33.684],[116.612,-33.676],[116.598,-33.675],[116.476,-33.64],[116.299,-33.553],[116.289,-33.53],[116.276,-33.513],[116.389,-33.307],[116.618,-32.939],[116.909,-32.66],[116.921,-32.663],[116.931,-32.657],[116.943,-32.649],[116.955,-32.65],[116.966,-32.648],[116.977,-32.64],[116.992,-32.638],[117.017,-32.624],[117.048,-32.612],[117.065,-32.596],[117.124,-32.597],[117.235,-32.599],[117.64,-32.588],[118.17,-32.38],[117.954,-32.163],[117.622,-32.177],[117.356,-32.225],[117.227,-32.105],[117.168,-31.996],[117.147,-31.862],[116.951,-31.688],[116.735,-31.488],[116.598,-31.395],[116.183,-31.089],[115.934,-30.753],[115.998,-30.184],[116.356,-30.021],[116.693,-29.907],[117.101,-29.5],[116.215,-28.8],[115.569,-27.929],[115.407,-26.448],[115.97,-25.69],[117.794,-25.21],[118.079,-23.293]]]]}},{"type":"Feature","properties":{"state":"Western Australia","state_code":"5","region_code":514,"region":"Australia's Coral Coast"},"geometry":{"type":"MultiPolygon","coordinates":[[[[113.999,-28.908],[113.96,-28.983],[113.981,-28.924],[113.999,-28.908]]],[[[113.653,-26.591],[113.652,-26.593],[113.651,-26.593],[113.651,-26.592],[113.653,-26.591]]],[[[113.61,-26.487],[113.609,-26.487],[113.609,-26.486],[113.61,-26.487]]],[[[113.617,-26.451],[113.616,-26.452],[113.616,-26.45],[113.617,-26.451]]],[[[113.62,-26.408],[113.619,-26.408],[113.619,-26.406],[113.62,-26.407],[113.62,-26.408]]],[[[113.397,-26.057],[113.395,-26.058],[113.395,-26.057],[113.397,-26.057]]],[[[113.89,-25.808],[113.899,-25.894],[113.859,-25.808],[113.89,-25.808]]],[[[113.0,-25.5],[113.054,-25.691],[113.11,-25.858],[113.151,-25.977],[113.211,-26.038],[113.219,-26.155],[113.047,-25.927],[112.963,-25.711],[112.96,-25.49],[113.0,-25.5]]],[[[113.122,-25.007],[113.103,-25.174],[113.071,-25.227],[113.118,-24.997],[113.122,-25.007]]],[[[113.16,-24.755],[113.141,-24.922],[113.127,-24.857],[113.16,-24.755]]],[[[114.18,-21.806],[114.124,-22.001],[114.106,-22.218],[114.145,-22.309],[114.133,-22.4],[114.147,-22.52],[114.218,-22.494],[114.324,-22.499],[114.359,-22.502],[114.394,-22.464],[114.394,-22.423],[114.413,-22.365],[114.432,-22.346],[114.461,-22.329],[114.681,-22.861],[115.703,-23.743],[117.736,-25.215],[115.859,-25.69],[115.407,-26.479],[115.581,-27.929],[116.098,-28.797],[117.101,-29.549],[116.668,-29.907],[116.353,-30.03],[115.992,-30.184],[115.934,-30.755],[116.052,-31.118],[116.039,-31.245],[116.029,-31.319],[115.974,-31.474],[115.671,-31.458],[115.555,-31.441],[115.549,-31.426],[115.539,-31.408],[115.525,-31.388],[115.513,-31.371],[115.496,-31.349],[115.476,-31.324],[115.459,-31.301],[115.441,-31.277],[115.43,-31.25],[115.423,-31.228],[115.412,-31.203],[115.398,-31.174],[115.391,-31.15],[115.382,-31.119],[115.367,-31.095],[115.351,-31.067],[115.34,-31.041],[115.33,-31.021],[115.325,-30.999],[115.316,-30.982],[115.302,-30.96],[115.289,-30.941],[115.277,-30.92],[115.268,-30.901],[115.253,-30.876],[115.24,-30.861],[115.222,-30.836],[115.199,-30.823],[115.19,-30.81],[115.189,-30.789],[115.179,-30.763],[115.169,-30.744],[115.159,-30.728],[115.154,-30.713],[115.15,-30.699],[115.143,-30.683],[115.137,-30.67],[115.132,-30.655],[115.124,-30.64],[115.117,-30.625],[115.108,-30.608],[115.103,-30.593],[115.09,-30.581],[115.091,-30.564],[115.095,-30.549],[115.076,-30.52],[115.061,-30.5],[115.067,-30.469],[115.063,-30.452],[115.054,-30.433],[115.051,-30.409],[115.051,-30.39],[115.048,-30.371],[115.044,-30.354],[115.041,-30.335],[115.024,-30.321],[115.04,-30.296],[115.039,-30.263],[115.034,-30.247],[115.02,-30.233],[115.007,-30.229],[114.995,-30.23],[114.998,-30.225],[114.993,-30.208],[114.993,-30.184],[114.999,-30.176],[115.003,-30.165],[115.004,-30.151],[115.002,-30.135],[114.995,-30.119],[114.989,-30.096],[114.982,-30.076],[114.966,-30.073],[114.962,-30.069],[114.964,-30.053],[114.956,-30.046],[114.96,-30.038],[114.963,-30.024],[114.969,-30.009],[114.964,-29.991],[114.966,-29.969],[114.975,-29.947],[114.981,-29.926],[114.982,-29.907],[114.978,-29.879],[114.978,-29.863],[114.981,-29.845],[114.971,-29.821],[114.963,-29.792],[114.96,-29.765],[114.959,-29.733],[114.959,-29.701],[114.959,-29.67],[114.967,-29.64],[114.972,-29.613],[114.976,-29.589],[114.977,-29.564],[114.986,-29.535],[114.997,-29.513],[114.993,-29.48],[114.979,-29.448],[114.964,-29.41],[114.96,-29.378],[114.95,-29.343],[114.925,-29.31],[114.918,-29.282],[114.916,-29.276],[114.919,-29.271],[114.92,-29.254],[114.91,-29.231],[114.901,-29.207],[114.892,-29.179],[114.885,-29.153],[114.876,-29.133],[114.87,-29.113],[114.847,-29.084],[114.827,-29.062],[114.805,-29.041],[114.787,-29.022],[114.767,-29.003],[114.745,-28.985],[114.722,-28.962],[114.689,-28.934],[114.663,-28.904],[114.637,-28.878],[114.631,-28.857],[114.621,-28.81],[114.596,-28.789],[114.576,-28.785],[114.582,-28.776],[114.588,-28.773],[114.588,-28.771],[114.591,-28.771],[114.592,-28.773],[114.589,-28.776],[114.594,-28.771],[114.599,-28.77],[114.599,-28.771],[114.596,-28.772],[114.602,-28.775],[114.603,-28.772],[114.608,-28.772],[114.611,-28.765],[114.61,-28.768],[114.611,-28.764],[114.612,-28.764],[114.615,-28.76],[114.616,-28.755],[114.618,-28.75],[114.618,-28.744],[114.618,-28.74],[114.619,-28.734],[114.62,-28.729],[114.607,-28.683],[114.605,-28.641],[114.593,-28.608],[114.573,-28.574],[114.563,-28.555],[114.532,-28.499],[114.514,-28.473],[114.483,-28.439],[114.462,-28.408],[114.435,-28.396],[114.412,-28.357],[114.402,-28.332],[114.388,-28.319],[114.378,-28.308],[114.373,-28.297],[114.368,-28.292],[114.362,-28.287],[114.354,-28.281],[114.348,-28.273],[114.339,-28.264],[114.332,-28.249],[114.324,-28.234],[114.306,-28.222],[114.272,-28.207],[114.241,-28.187],[114.231,-28.171],[114.216,-28.153],[114.207,-28.141],[114.198,-28.129],[114.174,-28.108],[114.167,-28.079],[114.162,-28.052],[114.158,-28.029],[114.151,-28.002],[114.148,-27.989],[114.145,-27.977],[114.142,-27.962],[114.138,-27.947],[114.133,-27.93],[114.13,-27.917],[114.125,-27.902],[114.118,-27.882],[114.112,-27.864],[114.105,-27.849],[114.108,-27.836],[114.111,-27.829],[114.112,-27.824],[114.112,-27.816],[114.116,-27.805],[114.118,-27.795],[114.123,-27.779],[114.128,-27.768],[114.132,-27.764],[114.134,-27.761],[114.137,-27.753],[114.138,-27.747],[114.144,-27.744],[114.152,-27.732],[114.156,-27.716],[114.167,-27.702],[114.163,-27.699],[114.159,-27.696],[114.159,-27.694],[114.159,-27.692],[114.159,-27.691],[114.158,-27.689],[114.159,-27.688],[114.155,-27.673],[114.151,-27.649],[114.146,-27.632],[114.141,-27.616],[114.136,-27.601],[114.131,-27.591],[114.128,-27.581],[114.124,-27.571],[114.121,-27.56],[114.117,-27.55],[114.114,-27.54],[114.11,-27.52],[114.105,-27.504],[114.099,-27.492],[114.095,-27.484],[114.091,-27.474],[114.086,-27.462],[114.081,-27.452],[114.076,-27.441],[114.07,-27.431],[114.067,-27.423],[114.061,-27.411],[114.055,-27.398],[114.049,-27.387],[114.044,-27.378],[114.041,-27.369],[114.036,-27.362],[114.032,-27.354],[114.03,-27.348],[114.027,-27.342],[114.022,-27.332],[114.016,-27.321],[114.008,-27.308],[114.0,-27.294],[113.981,-27.26],[113.968,-27.236],[113.863,-27.064],[113.716,-26.84],[113.542,-26.628],[113.333,-26.437],[113.242,-26.241],[113.216,-26.177],[113.283,-26.169],[113.308,-26.063],[113.322,-26.264],[113.361,-26.36],[113.382,-26.373],[113.365,-26.229],[113.373,-26.097],[113.38,-26.05],[113.445,-26.175],[113.488,-26.357],[113.478,-26.457],[113.521,-26.38],[113.518,-26.277],[113.567,-26.433],[113.579,-26.591],[113.612,-26.508],[113.637,-26.47],[113.66,-26.601],[113.689,-26.649],[113.753,-26.607],[113.886,-26.446],[113.734,-26.23],[113.618,-26.099],[113.561,-25.991],[113.496,-25.837],[113.472,-25.732],[113.45,-25.757],[113.415,-25.703],[113.516,-25.525],[113.585,-25.638],[113.724,-25.82],[113.73,-25.999],[113.703,-26.126],[113.762,-26.212],[113.88,-26.071],[113.906,-25.963],[113.948,-26.229],[114.075,-26.448],[114.092,-26.461],[114.217,-26.346],[114.193,-26.19],[114.252,-26.157],[114.237,-26.07],[114.266,-25.981],[114.227,-25.87],[114.168,-25.805],[114.115,-25.725],[114.01,-25.614],[113.984,-25.56],[113.943,-25.458],[113.893,-25.352],[113.838,-25.222],[113.748,-25.131],[113.677,-24.939],[113.654,-24.882],[113.629,-24.862],[113.557,-24.663],[113.404,-24.326],[113.437,-24.03],[113.52,-23.813],[113.624,-23.624],[113.78,-23.459],[113.784,-23.271],[113.76,-23.121],[113.795,-22.849],[113.658,-22.585],[113.782,-22.366],[113.871,-22.145],[113.959,-21.94],[114.18,-21.806]]]]}},{"type":"Feature","properties":{"state":"Western Australia","state_code":"5","region_code":512,"region":"Australia's North West"},"geometry":{"type":"MultiPolygon","coordinates":[[[[114.429,-22.219],[114.428,-22.219],[114.428,-22.218],[114.429,-22.219]]],[[[115.739,-21.26],[115.738,-21.26],[115.738,-21.259],[115.739,-21.26]]],[[[115.34,-20.96],[115.34,-20.961],[115.339,-20.96],[115.34,-20.96]]],[[[115.579,-20.676],[115.578,-20.676],[115.578,-20.675],[115.579,-20.675],[115.579,-20.676]]],[[[115.58,-20.675],[115.579,-20.675],[115.58,-20.674],[115.58,-20.675]]],[[[115.436,-20.666],[115.475,-20.727],[115.448,-20.804],[115.374,-20.89],[115.323,-20.81],[115.388,-20.73],[115.436,-20.666]]],[[[116.954,-20.663],[116.951,-20.663],[116.953,-20.662],[116.954,-20.663]]],[[[115.57,-20.631],[115.57,-20.63],[115.57,-20.629],[115.57,-20.631]]],[[[115.56,-20.601],[115.56,-20.602],[115.559,-20.602],[115.56,-20.601]]],[[[116.553,-20.572],[116.55,-20.605],[116.475,-20.599],[116.553,-20.572]]],[[[117.954,-20.476],[117.954,-20.477],[117.953,-20.476],[117.954,-20.476]]],[[[116.883,-20.437],[116.88,-20.484],[116.816,-20.517],[116.848,-20.459],[116.883,-20.437]]],[[[115.536,-20.427],[115.539,-20.466],[115.528,-20.458],[115.533,-20.498],[115.525,-20.444],[115.536,-20.427]]],[[[115.53,-20.38],[115.53,-20.382],[115.528,-20.385],[115.527,-20.387],[115.528,-20.384],[115.528,-20.381],[115.53,-20.38]]],[[[115.516,-20.37],[115.518,-20.37],[115.521,-20.37],[115.521,-20.373],[115.519,-20.376],[115.513,-20.372],[115.515,-20.369],[115.516,-20.37]]],[[[123.683,-17.028],[123.683,-17.03],[123.682,-17.028],[123.683,-17.028]]],[[[123.354,-16.531],[123.389,-16.601],[123.349,-16.538],[123.354,-16.531]]],[[[123.834,-16.228],[123.811,-16.25],[123.834,-16.232],[123.834,-16.228]]],[[[123.464,-16.212],[123.502,-16.246],[123.484,-16.28],[123.45,-16.218],[123.464,-16.212]]],[[[123.707,-16.106],[123.79,-16.125],[123.764,-16.156],[123.689,-16.109],[123.707,-16.106]]],[[[123.589,-16.081],[123.598,-16.087],[123.615,-16.093],[123.624,-16.096],[123.64,-16.1],[123.636,-16.105],[123.62,-16.103],[123.589,-16.081]]],[[[124.595,-15.909],[124.553,-15.965],[124.583,-15.913],[124.595,-15.909]]],[[[124.462,-15.897],[124.462,-15.942],[124.457,-15.921],[124.462,-15.897]]],[[[124.628,-15.786],[124.627,-15.788],[124.627,-15.786],[124.628,-15.786]]],[[[125.224,-15.552],[125.224,-15.553],[125.223,-15.553],[125.223,-15.552],[125.224,-15.552]]],[[[125.119,-15.325],[125.118,-15.325],[125.119,-15.324],[125.119,-15.325]]],[[[125.039,-15.317],[125.038,-15.318],[125.038,-15.317],[125.039,-15.317]]],[[[128.264,-15.309],[128.278,-15.336],[128.262,-15.312],[128.264,-15.309]]],[[[125.028,-15.302],[125.028,-15.303],[125.027,-15.303],[125.027,-15.302],[125.028,-15.302]]],[[[125.031,-15.301],[125.031,-15.302],[125.03,-15.301],[125.031,-15.301]]],[[[124.455,-15.287],[124.455,-15.288],[124.454,-15.287],[124.454,-15.286],[124.455,-15.287]]],[[[128.248,-15.282],[128.262,-15.301],[128.244,-15.285],[128.248,-15.282]]],[[[124.884,-15.26],[124.884,-15.261],[124.883,-15.26],[124.884,-15.26]]],[[[124.444,-15.257],[124.46,-15.299],[124.436,-15.311],[124.4,-15.314],[124.371,-15.327],[124.371,-15.288],[124.444,-15.257]]],[[[124.572,-15.246],[124.569,-15.315],[124.623,-15.389],[124.567,-15.444],[124.53,-15.42],[124.565,-15.389],[124.564,-15.383],[124.556,-15.388],[124.549,-15.387],[124.547,-15.378],[124.54,-15.371],[124.518,-15.388],[124.487,-15.395],[124.469,-15.354],[124.501,-15.337],[124.535,-15.303],[124.52,-15.276],[124.572,-15.246]]],[[[124.926,-15.232],[124.926,-15.233],[124.925,-15.232],[124.926,-15.232]]],[[[124.818,-15.236],[124.829,-15.286],[124.807,-15.237],[124.818,-15.236]]],[[[124.541,-15.224],[124.541,-15.225],[124.54,-15.224],[124.54,-15.223],[124.541,-15.224]]],[[[124.973,-15.202],[124.972,-15.203],[124.972,-15.202],[124.973,-15.202]]],[[[128.189,-15.212],[128.153,-15.18],[128.189,-15.2],[128.189,-15.212]]],[[[128.1,-15.197],[128.103,-15.176],[128.114,-15.17],[128.106,-15.194],[128.1,-15.197]]],[[[124.968,-15.12],[124.967,-15.121],[124.967,-15.118],[124.968,-15.12]]],[[[125.239,-15.08],[125.238,-15.081],[125.238,-15.08],[125.239,-15.08]]],[[[124.721,-15.078],[124.721,-15.079],[124.72,-15.078],[124.721,-15.078]]],[[[125.149,-15.052],[125.148,-15.052],[125.148,-15.051],[125.149,-15.051],[125.149,-15.052]]],[[[124.747,-15.032],[124.746,-15.032],[124.746,-15.031],[124.747,-15.032]]],[[[125.155,-15.027],[125.155,-15.028],[125.154,-15.027],[125.155,-15.027]]],[[[125.168,-15.025],[125.23,-15.084],[125.171,-15.115],[125.147,-15.047],[125.168,-15.025]]],[[[124.618,-15.02],[124.617,-15.021],[124.617,-15.02],[124.618,-15.02]]],[[[125.231,-14.999],[125.232,-15.001],[125.229,-15.001],[125.231,-14.999]]],[[[124.927,-14.94],[124.93,-15.008],[124.941,-15.04],[124.913,-14.991],[124.878,-14.988],[124.921,-14.962],[124.927,-14.94]]],[[[125.169,-14.841],[125.168,-14.842],[125.167,-14.841],[125.169,-14.841]]],[[[125.246,-14.619],[125.239,-14.639],[125.213,-14.646],[125.23,-14.627],[125.246,-14.619]]],[[[125.658,-14.617],[125.655,-14.626],[125.656,-14.618],[125.658,-14.616],[125.658,-14.617]]],[[[125.167,-14.447],[125.201,-14.485],[125.206,-14.532],[125.2,-14.569],[125.214,-14.608],[125.177,-14.632],[125.136,-14.648],[125.106,-14.637],[125.098,-14.585],[125.111,-14.545],[125.143,-14.564],[125.148,-14.53],[125.129,-14.511],[125.152,-14.471],[125.167,-14.447]]],[[[125.928,-14.322],[125.931,-14.325],[125.934,-14.329],[125.929,-14.326],[125.924,-14.329],[125.919,-14.329],[125.92,-14.326],[125.927,-14.323],[125.928,-14.322]]],[[[127.715,-14.233],[127.708,-14.244],[127.708,-14.236],[127.715,-14.233]]],[[[126.547,-13.995],[126.539,-14.003],[126.546,-13.996],[126.547,-13.995]]],[[[126.703,-13.941],[126.707,-13.943],[126.707,-13.949],[126.708,-13.954],[126.705,-13.952],[126.705,-13.949],[126.703,-13.946],[126.701,-13.942],[126.703,-13.941]]],[[[126.601,-13.937],[126.608,-13.944],[126.603,-13.951],[126.596,-13.944],[126.6,-13.936],[126.601,-13.937]]],[[[126.693,-13.931],[126.693,-13.937],[126.696,-13.937],[126.699,-13.942],[126.697,-13.943],[126.693,-13.944],[126.691,-13.945],[126.69,-13.95],[126.688,-13.954],[126.686,-13.957],[126.683,-13.957],[126.681,-13.96],[126.677,-13.961],[126.676,-13.961],[126.68,-13.956],[126.683,-13.95],[126.683,-13.942],[126.684,-13.939],[126.685,-13.937],[126.689,-13.934],[126.692,-13.931],[126.693,-13.931]]],[[[126.273,-13.928],[126.279,-13.933],[126.284,-13.936],[126.289,-13.938],[126.294,-13.94],[126.292,-13.944],[126.285,-13.946],[126.28,-13.942],[126.275,-13.937],[126.273,-13.932],[126.273,-13.928]]],[[[126.312,-13.927],[126.317,-13.934],[126.32,-13.941],[126.319,-13.943],[126.316,-13.948],[126.315,-13.954],[126.312,-13.958],[126.313,-13.961],[126.314,-13.963],[126.31,-13.964],[126.305,-13.966],[126.302,-13.967],[126.299,-13.967],[126.301,-13.96],[126.3,-13.956],[126.302,-13.951],[126.303,-13.946],[126.305,-13.939],[126.307,-13.935],[126.309,-13.928],[126.312,-13.927]]],[[[126.311,-13.901],[126.316,-13.906],[126.317,-13.91],[126.316,-13.915],[126.313,-13.919],[126.311,-13.923],[126.306,-13.926],[126.303,-13.923],[126.303,-13.921],[126.301,-13.916],[126.303,-13.91],[126.304,-13.904],[126.311,-13.901]]],[[[127.116,-13.898],[127.115,-13.9],[127.115,-13.902],[127.111,-13.906],[127.113,-13.902],[127.115,-13.897],[127.116,-13.898]]],[[[127.163,-13.883],[127.169,-13.894],[127.175,-13.9],[127.171,-13.905],[127.162,-13.901],[127.16,-13.897],[127.159,-13.888],[127.163,-13.883]]],[[[126.595,-13.878],[126.595,-13.883],[126.589,-13.882],[126.595,-13.878]]],[[[126.521,-13.867],[126.528,-13.873],[126.54,-13.871],[126.551,-13.873],[126.561,-13.877],[126.572,-13.885],[126.584,-13.886],[126.589,-13.89],[126.595,-13.893],[126.6,-13.896],[126.602,-13.891],[126.608,-13.891],[126.615,-13.891],[126.619,-13.892],[126.612,-13.896],[126.617,-13.902],[126.617,-13.908],[126.612,-13.911],[126.606,-13.912],[126.602,-13.909],[126.596,-13.903],[126.591,-13.899],[126.584,-13.899],[126.576,-13.9],[126.57,-13.901],[126.562,-13.903],[126.559,-13.901],[126.564,-13.9],[126.568,-13.895],[126.562,-13.891],[126.559,-13.896],[126.554,-13.895],[126.551,-13.894],[126.547,-13.893],[126.544,-13.896],[126.542,-13.899],[126.54,-13.904],[126.533,-13.906],[126.522,-13.904],[126.513,-13.906],[126.507,-13.898],[126.503,-13.89],[126.506,-13.879],[126.504,-13.872],[126.509,-13.87],[126.52,-13.866],[126.521,-13.867]]],[[[126.305,-13.867],[126.309,-13.871],[126.316,-13.877],[126.319,-13.886],[126.316,-13.888],[126.314,-13.895],[126.31,-13.89],[126.306,-13.886],[126.301,-13.881],[126.305,-13.873],[126.303,-13.867],[126.305,-13.867]]],[[[126.624,-13.853],[126.628,-13.86],[126.63,-13.87],[126.635,-13.871],[126.632,-13.877],[126.625,-13.877],[126.619,-13.881],[126.62,-13.87],[126.615,-13.863],[126.621,-13.854],[126.624,-13.853]]],[[[126.765,-13.785],[126.767,-13.781],[126.766,-13.784],[126.765,-13.785]]],[[[126.792,-13.769],[126.791,-13.763],[126.793,-13.766],[126.792,-13.769]]],[[[126.961,-13.741],[127.004,-13.788],[127.013,-13.823],[127.045,-13.838],[127.067,-13.903],[127.111,-13.946],[127.153,-13.953],[127.201,-13.948],[127.251,-13.906],[127.347,-13.942],[127.406,-13.951],[127.457,-13.986],[127.477,-14.075],[127.522,-14.069],[127.528,-14.085],[127.545,-14.104],[127.59,-14.139],[127.643,-14.168],[127.674,-14.212],[127.685,-14.244],[127.739,-14.282],[127.761,-14.358],[127.791,-14.388],[127.823,-14.433],[127.875,-14.476],[127.924,-14.501],[127.934,-14.547],[127.972,-14.586],[128.014,-14.57],[128.066,-14.642],[128.135,-14.679],[128.211,-14.71],[128.198,-14.737],[128.167,-14.841],[128.114,-14.964],[128.079,-15.12],[128.09,-15.266],[128.077,-15.434],[128.094,-15.47],[128.113,-15.228],[128.258,-15.318],[128.337,-15.505],[128.299,-15.316],[128.225,-15.01],[128.316,-14.999],[128.35,-15.034],[128.359,-14.977],[128.38,-14.905],[128.42,-14.931],[128.502,-14.985],[128.461,-14.883],[128.422,-14.799],[128.507,-14.781],[128.569,-14.788],[128.6,-14.801],[128.622,-14.787],[128.668,-14.796],[128.696,-14.803],[128.696,-14.812],[128.704,-14.808],[128.724,-14.821],[128.735,-14.836],[128.769,-14.837],[128.79,-14.844],[128.817,-14.852],[128.832,-14.859],[128.867,-14.859],[128.915,-14.861],[128.931,-14.866],[128.939,-14.871],[128.952,-14.874],[128.965,-14.875],[128.976,-14.877],[128.996,-14.878],[124.58,-23.441],[123.544,-23.444],[122.41,-23.44],[121.126,-23.441],[120.136,-23.443],[118.673,-23.441],[116.023,-23.578],[114.649,-22.96],[114.456,-22.257],[114.475,-22.205],[114.474,-22.179],[114.506,-22.153],[114.536,-22.079],[114.557,-22.021],[114.588,-22.015],[114.613,-21.962],[114.662,-21.914],[114.692,-21.832],[114.956,-21.681],[114.97,-21.679],[115.036,-21.694],[115.132,-21.655],[115.182,-21.61],[115.223,-21.6],[115.34,-21.572],[115.388,-21.544],[115.438,-21.541],[115.454,-21.539],[115.478,-21.531],[115.513,-21.516],[115.505,-21.506],[115.495,-21.485],[115.522,-21.461],[115.563,-21.44],[115.581,-21.402],[115.595,-21.374],[115.633,-21.347],[115.66,-21.335],[115.709,-21.289],[115.744,-21.278],[115.767,-21.267],[115.799,-21.27],[115.841,-21.247],[115.852,-21.203],[115.881,-21.135],[115.917,-21.092],[116.08,-21.011],[116.126,-20.999],[116.184,-20.972],[116.214,-20.882],[116.241,-20.873],[116.288,-20.881],[116.399,-20.822],[116.47,-20.845],[116.483,-20.811],[116.491,-20.797],[116.527,-20.782],[116.545,-20.75],[116.584,-20.744],[116.618,-20.719],[116.632,-20.744],[116.651,-20.741],[116.663,-20.727],[116.685,-20.718],[116.657,-20.709],[116.694,-20.673],[116.709,-20.655],[116.723,-20.639],[116.74,-20.641],[116.761,-20.635],[116.755,-20.631],[116.752,-20.63],[116.75,-20.625],[116.746,-20.621],[116.749,-20.617],[116.752,-20.615],[116.765,-20.596],[116.776,-20.585],[116.788,-20.585],[116.799,-20.574],[116.797,-20.568],[116.782,-20.577],[116.786,-20.564],[116.802,-20.557],[116.812,-20.55],[116.814,-20.544],[116.808,-20.54],[116.81,-20.529],[116.827,-20.526],[116.847,-20.522],[116.865,-20.523],[116.85,-20.547],[116.833,-20.566],[116.82,-20.584],[116.82,-20.59],[116.82,-20.603],[116.813,-20.607],[116.803,-20.626],[116.802,-20.638],[116.791,-20.665],[116.8,-20.675],[116.813,-20.693],[116.906,-20.721],[116.954,-20.698],[116.986,-20.673],[116.986,-20.66],[117.008,-20.654],[117.032,-20.649],[117.061,-20.646],[117.135,-20.64],[117.145,-20.62],[117.163,-20.605],[117.184,-20.594],[117.184,-20.617],[117.198,-20.625],[117.193,-20.638],[117.18,-20.642],[117.172,-20.655],[117.19,-20.673],[117.192,-20.705],[117.216,-20.721],[117.27,-20.726],[117.298,-20.738],[117.332,-20.763],[117.367,-20.744],[117.396,-20.767],[117.431,-20.752],[117.478,-20.724],[117.567,-20.698],[117.64,-20.664],[117.642,-20.71],[117.669,-20.678],[117.738,-20.686],[117.776,-20.668],[117.86,-20.603],[117.87,-20.567],[117.919,-20.567],[117.937,-20.556],[117.969,-20.549],[117.953,-20.539],[117.934,-20.521],[118.01,-20.463],[118.195,-20.34],[118.19,-20.358],[118.178,-20.38],[118.22,-20.37],[118.289,-20.361],[118.317,-20.343],[118.372,-20.358],[118.426,-20.339],[118.495,-20.347],[118.513,-20.331],[118.54,-20.326],[118.569,-20.294],[118.563,-20.329],[118.573,-20.338],[118.594,-20.351],[118.616,-20.341],[118.588,-20.328],[118.574,-20.311],[118.59,-20.305],[118.599,-20.291],[118.595,-20.3],[118.613,-20.306],[118.641,-20.301],[118.66,-20.32],[118.677,-20.327],[118.806,-20.285],[118.856,-20.288],[118.84,-20.237],[118.878,-20.245],[118.919,-20.155],[119.024,-20.029],[119.093,-19.988],[119.163,-20.009],[119.168,-19.992],[119.243,-19.965],[119.369,-20.007],[119.449,-20.017],[119.542,-20.062],[119.673,-20.032],[119.706,-20.01],[119.694,-20.034],[119.747,-20.012],[119.751,-19.983],[119.768,-19.955],[119.977,-19.932],[120.298,-19.883],[120.804,-19.695],[121.073,-19.565],[121.482,-19.138],[121.6,-18.941],[121.651,-18.819],[121.63,-18.709],[121.739,-18.698],[121.791,-18.61],[121.793,-18.532],[121.831,-18.447],[122.13,-18.307],[122.212,-18.229],[122.347,-18.143],[122.373,-17.993],[122.238,-17.971],[122.212,-17.864],[122.151,-17.574],[122.175,-17.266],[122.226,-17.192],[122.255,-17.161],[122.314,-17.157],[122.312,-17.127],[122.269,-17.095],[122.447,-16.967],[122.467,-16.977],[122.483,-16.951],[122.511,-16.947],[122.603,-16.969],[122.564,-16.896],[122.564,-16.836],[122.579,-16.762],[122.76,-16.755],[122.784,-16.761],[122.814,-16.772],[122.829,-16.772],[122.807,-16.75],[122.782,-16.696],[122.773,-16.59],[122.83,-16.555],[122.86,-16.502],[122.926,-16.389],[123.032,-16.358],[123.031,-16.431],[123.009,-16.456],[122.976,-16.512],[122.961,-16.574],[123.004,-16.635],[123.068,-16.692],[123.137,-16.724],[123.149,-16.802],[123.205,-16.949],[123.314,-17.13],[123.405,-17.328],[123.511,-17.425],[123.533,-17.478],[123.574,-17.554],[123.585,-17.492],[123.59,-17.358],[123.618,-17.24],[123.593,-17.024],[123.741,-17.068],[123.853,-17.202],[123.839,-17.145],[123.812,-16.98],[123.942,-16.867],[123.899,-16.864],[123.771,-16.89],[123.671,-16.738],[123.557,-16.665],[123.511,-16.647],[123.569,-16.609],[123.615,-16.571],[123.539,-16.574],[123.476,-16.544],[123.459,-16.508],[123.494,-16.482],[123.619,-16.526],[123.602,-16.491],[123.647,-16.474],[123.544,-16.429],[123.582,-16.428],[123.514,-16.39],[123.572,-16.401],[123.665,-16.434],[123.641,-16.371],[123.692,-16.373],[123.673,-16.325],[123.605,-16.311],[123.548,-16.268],[123.597,-16.263],[123.6,-16.247],[123.577,-16.224],[123.566,-16.203],[123.574,-16.172],[123.629,-16.159],[123.668,-16.154],[123.7,-16.174],[123.709,-16.152],[123.728,-16.143],[123.8,-16.203],[123.785,-16.212],[123.791,-16.264],[123.742,-16.253],[123.796,-16.3],[123.844,-16.315],[123.87,-16.362],[123.847,-16.382],[123.888,-16.41],[123.886,-16.343],[123.945,-16.362],[123.971,-16.338],[123.941,-16.291],[123.976,-16.276],[123.95,-16.251],[123.921,-16.217],[123.984,-16.252],[124.021,-16.258],[124.068,-16.284],[124.119,-16.282],[124.195,-16.344],[124.196,-16.39],[124.223,-16.417],[124.302,-16.415],[124.318,-16.464],[124.387,-16.443],[124.411,-16.505],[124.431,-16.516],[124.462,-16.493],[124.393,-16.419],[124.364,-16.375],[124.427,-16.392],[124.508,-16.406],[124.673,-16.403],[124.815,-16.427],[124.935,-16.39],[124.867,-16.413],[124.741,-16.375],[124.618,-16.336],[124.506,-16.343],[124.412,-16.357],[124.402,-16.296],[124.386,-16.215],[124.417,-16.177],[124.443,-16.087],[124.491,-16.135],[124.51,-16.192],[124.525,-16.189],[124.551,-16.136],[124.643,-16.101],[124.585,-16.067],[124.582,-15.998],[124.584,-15.995],[124.59,-15.996],[124.586,-15.987],[124.62,-15.995],[124.612,-15.967],[124.626,-15.921],[124.629,-15.881],[124.683,-15.881],[124.705,-15.814],[124.701,-15.784],[124.699,-15.768],[124.686,-15.765],[124.647,-15.786],[124.576,-15.859],[124.518,-15.968],[124.494,-15.97],[124.504,-15.932],[124.476,-15.893],[124.478,-15.87],[124.469,-15.82],[124.46,-15.8],[124.428,-15.863],[124.4,-15.779],[124.408,-15.72],[124.414,-15.717],[124.395,-15.691],[124.398,-15.679],[124.431,-15.664],[124.435,-15.626],[124.488,-15.625],[124.456,-15.605],[124.41,-15.61],[124.421,-15.546],[124.462,-15.512],[124.506,-15.504],[124.505,-15.481],[124.578,-15.515],[124.62,-15.522],[124.621,-15.486],[124.635,-15.434],[124.652,-15.469],[124.686,-15.467],[124.674,-15.405],[124.715,-15.356],[124.673,-15.325],[124.676,-15.271],[124.723,-15.267],[124.741,-15.344],[124.802,-15.305],[124.848,-15.331],[124.895,-15.354],[124.941,-15.384],[124.984,-15.47],[124.984,-15.476],[124.993,-15.484],[125.007,-15.498],[125.026,-15.493],[125.006,-15.53],[125.024,-15.525],[125.045,-15.503],[125.063,-15.461],[125.129,-15.494],[125.218,-15.563],[125.308,-15.622],[125.345,-15.641],[125.238,-15.565],[125.147,-15.497],[125.077,-15.444],[125.105,-15.347],[125.147,-15.337],[125.16,-15.325],[125.151,-15.317],[125.127,-15.322],[125.11,-15.318],[125.106,-15.274],[125.095,-15.274],[125.081,-15.259],[125.091,-15.301],[125.031,-15.277],[124.926,-15.351],[124.887,-15.313],[124.912,-15.256],[124.936,-15.224],[125.026,-15.213],[125.049,-15.158],[124.992,-15.197],[124.978,-15.168],[124.936,-15.195],[124.903,-15.248],[124.866,-15.238],[124.89,-15.172],[124.834,-15.159],[124.917,-15.111],[124.98,-15.128],[125.039,-15.089],[125.02,-15.006],[125.051,-14.992],[125.082,-14.998],[125.099,-15.06],[125.125,-15.094],[125.202,-15.124],[125.222,-15.106],[125.265,-15.1],[125.308,-15.15],[125.373,-15.144],[125.459,-15.135],[125.374,-15.11],[125.377,-15.071],[125.445,-15.021],[125.471,-14.993],[125.41,-15.01],[125.337,-15.002],[125.287,-15.0],[125.283,-14.963],[125.257,-14.945],[125.228,-14.966],[125.214,-14.952],[125.225,-14.927],[125.253,-14.919],[125.272,-14.928],[125.307,-14.924],[125.311,-14.9],[125.304,-14.876],[125.272,-14.855],[125.243,-14.849],[125.224,-14.866],[125.195,-14.834],[125.193,-14.803],[125.184,-14.783],[125.148,-14.77],[125.169,-14.736],[125.187,-14.705],[125.211,-14.69],[125.259,-14.693],[125.278,-14.658],[125.282,-14.633],[125.257,-14.608],[125.284,-14.579],[125.326,-14.575],[125.351,-14.513],[125.368,-14.56],[125.392,-14.572],[125.411,-14.567],[125.426,-14.636],[125.463,-14.604],[125.467,-14.551],[125.495,-14.547],[125.517,-14.509],[125.538,-14.55],[125.598,-14.56],[125.609,-14.509],[125.595,-14.467],[125.62,-14.413],[125.597,-14.347],[125.598,-14.271],[125.604,-14.238],[125.65,-14.247],[125.707,-14.303],[125.717,-14.313],[125.72,-14.333],[125.678,-14.333],[125.667,-14.367],[125.663,-14.415],[125.684,-14.477],[125.681,-14.529],[125.65,-14.638],[125.69,-14.549],[125.736,-14.478],[125.802,-14.445],[125.858,-14.478],[125.829,-14.543],[125.847,-14.605],[125.899,-14.63],[125.933,-14.626],[125.918,-14.552],[125.953,-14.529],[126.001,-14.554],[126.049,-14.52],[126.027,-14.453],[125.977,-14.398],[126.046,-14.359],[126.074,-14.329],[126.065,-14.27],[126.121,-14.239],[126.15,-14.172],[126.114,-14.083],[125.983,-14.018],[126.004,-14.023],[126.032,-14.019],[126.038,-13.992],[126.094,-14.043],[126.098,-13.982],[126.046,-13.953],[126.047,-13.936],[126.107,-13.921],[126.158,-13.915],[126.146,-13.979],[126.132,-14.01],[126.195,-13.982],[126.202,-14.008],[126.151,-14.081],[126.178,-14.091],[126.193,-14.13],[126.191,-14.168],[126.237,-14.185],[126.217,-14.234],[126.272,-14.237],[126.329,-14.203],[126.323,-14.155],[126.317,-14.097],[126.349,-14.047],[126.41,-14.012],[126.468,-14.003],[126.539,-13.935],[126.53,-13.98],[126.463,-14.07],[126.478,-14.106],[126.497,-14.114],[126.565,-14.141],[126.604,-14.229],[126.649,-14.136],[126.68,-14.097],[126.716,-14.122],[126.745,-14.059],[126.746,-14.017],[126.756,-14.016],[126.738,-14.015],[126.728,-14.026],[126.718,-14.027],[126.707,-14.023],[126.698,-14.017],[126.696,-14.01],[126.7,-14.008],[126.695,-14.001],[126.7,-13.992],[126.706,-13.974],[126.721,-13.993],[126.731,-13.996],[126.771,-13.982],[126.803,-13.984],[126.833,-13.974],[126.865,-13.949],[126.802,-13.9],[126.744,-13.789],[126.763,-13.781],[126.766,-13.775],[126.768,-13.78],[126.764,-13.782],[126.762,-13.784],[126.763,-13.784],[126.758,-13.785],[126.76,-13.786],[126.767,-13.786],[126.765,-13.79],[126.764,-13.791],[126.769,-13.788],[126.772,-13.785],[126.775,-13.784],[126.776,-13.783],[126.781,-13.782],[126.785,-13.786],[126.788,-13.789],[126.789,-13.79],[126.792,-13.786],[126.792,-13.783],[126.791,-13.779],[126.794,-13.775],[126.798,-13.777],[126.807,-13.775],[126.813,-13.77],[126.82,-13.77],[126.821,-13.779],[126.825,-13.782],[126.831,-13.786],[126.832,-13.796],[126.857,-13.781],[126.932,-13.77],[126.961,-13.741]]],[[[126.918,-13.691],[126.916,-13.693],[126.913,-13.69],[126.918,-13.691]]]]}},{"type":"Feature","properties":{"state":"Tasmania","state_code":"6","region_code":610,"region":"Hobart and the South"},"geometry":{"type":"MultiPolygon","coordinates":[[[[146.276,-43.636],[146.28,-43.64],[146.28,-43.644],[146.284,-43.645],[146.285,-43.65],[146.285,-43.653],[146.281,-43.656],[146.275,-43.657],[146.268,-43.657],[146.269,-43.654],[146.271,-43.651],[146.273,-43.647],[146.274,-43.643],[146.275,-43.64],[146.274,-43.638],[146.275,-43.636],[146.276,-43.636]]],[[[146.272,-43.63],[146.276,-43.631],[146.277,-43.633],[146.276,-43.633],[146.273,-43.632],[146.272,-43.63]]],[[[146.292,-43.613],[146.295,-43.616],[146.297,-43.619],[146.295,-43.621],[146.292,-43.623],[146.287,-43.624],[146.286,-43.621],[146.288,-43.619],[146.288,-43.618],[146.29,-43.616],[146.291,-43.614],[146.292,-43.613]]],[[[146.349,-43.587],[146.357,-43.588],[146.365,-43.589],[146.374,-43.587],[146.376,-43.59],[146.378,-43.596],[146.375,-43.599],[146.368,-43.6],[146.364,-43.605],[146.356,-43.607],[146.35,-43.607],[146.344,-43.604],[146.34,-43.599],[146.337,-43.593],[146.339,-43.59],[146.342,-43.588],[146.348,-43.587],[146.349,-43.587]]],[[[146.587,-43.567],[146.583,-43.571],[146.582,-43.57],[146.587,-43.567]]],[[[146.535,-43.564],[146.53,-43.568],[146.528,-43.57],[146.526,-43.572],[146.524,-43.573],[146.522,-43.577],[146.519,-43.579],[146.516,-43.579],[146.52,-43.575],[146.523,-43.569],[146.527,-43.565],[146.534,-43.564],[146.535,-43.564]]],[[[146.358,-43.532],[146.362,-43.534],[146.361,-43.535],[146.358,-43.537],[146.355,-43.536],[146.357,-43.532],[146.358,-43.532]]],[[[146.997,-43.535],[146.995,-43.527],[146.998,-43.529],[146.997,-43.535]]],[[[147.01,-43.475],[147.01,-43.477],[147.007,-43.477],[147.01,-43.475]]],[[[145.97,-43.412],[145.97,-43.416],[145.969,-43.419],[145.969,-43.423],[145.966,-43.425],[145.964,-43.423],[145.964,-43.42],[145.967,-43.418],[145.969,-43.413],[145.97,-43.412]]],[[[145.931,-43.41],[145.932,-43.413],[145.93,-43.411],[145.931,-43.41]]],[[[147.104,-43.395],[147.098,-43.406],[147.099,-43.391],[147.104,-43.395]]],[[[145.968,-43.326],[145.968,-43.328],[145.966,-43.331],[145.966,-43.333],[145.964,-43.331],[145.965,-43.329],[145.966,-43.328],[145.967,-43.327],[145.968,-43.326]]],[[[145.968,-43.321],[145.969,-43.325],[145.967,-43.324],[145.968,-43.321]]],[[[147.148,-43.286],[147.145,-43.292],[147.139,-43.291],[147.146,-43.286],[147.148,-43.286]]],[[[147.134,-43.253],[147.134,-43.259],[147.127,-43.264],[147.128,-43.256],[147.134,-43.253]]],[[[148.003,-43.231],[148.009,-43.234],[148.008,-43.241],[148.005,-43.244],[148.0,-43.245],[147.998,-43.242],[147.998,-43.238],[148.002,-43.231],[148.003,-43.231]]],[[[147.675,-43.137],[147.673,-43.141],[147.67,-43.138],[147.67,-43.134],[147.673,-43.13],[147.675,-43.137]]],[[[147.01,-43.116],[147.005,-43.13],[147.004,-43.123],[147.007,-43.117],[147.006,-43.114],[147.01,-43.116]]],[[[147.018,-43.101],[147.009,-43.115],[147.014,-43.104],[147.008,-43.108],[147.001,-43.119],[147.003,-43.113],[147.01,-43.099],[147.013,-43.093],[147.02,-43.091],[147.018,-43.101]]],[[[147.03,-43.078],[147.02,-43.091],[147.017,-43.087],[147.023,-43.079],[147.03,-43.078]]],[[[147.356,-43.063],[147.367,-43.073],[147.363,-43.083],[147.376,-43.095],[147.383,-43.103],[147.387,-43.111],[147.39,-43.12],[147.4,-43.129],[147.399,-43.135],[147.395,-43.149],[147.393,-43.16],[147.407,-43.168],[147.41,-43.175],[147.413,-43.182],[147.41,-43.188],[147.411,-43.196],[147.419,-43.205],[147.428,-43.211],[147.432,-43.223],[147.432,-43.234],[147.43,-43.247],[147.425,-43.253],[147.412,-43.241],[147.375,-43.253],[147.32,-43.31],[147.323,-43.324],[147.322,-43.342],[147.325,-43.353],[147.329,-43.361],[147.335,-43.366],[147.343,-43.368],[147.358,-43.361],[147.368,-43.35],[147.369,-43.353],[147.372,-43.355],[147.379,-43.361],[147.381,-43.366],[147.381,-43.374],[147.38,-43.38],[147.379,-43.383],[147.378,-43.387],[147.375,-43.39],[147.37,-43.39],[147.369,-43.393],[147.365,-43.392],[147.36,-43.4],[147.358,-43.403],[147.353,-43.402],[147.349,-43.405],[147.348,-43.413],[147.338,-43.423],[147.345,-43.429],[147.343,-43.432],[147.343,-43.436],[147.343,-43.438],[147.333,-43.441],[147.321,-43.472],[147.326,-43.498],[147.317,-43.501],[147.301,-43.514],[147.296,-43.514],[147.29,-43.506],[147.28,-43.504],[147.27,-43.495],[147.266,-43.49],[147.254,-43.491],[147.244,-43.489],[147.242,-43.481],[147.246,-43.472],[147.243,-43.468],[147.256,-43.459],[147.233,-43.439],[147.229,-43.433],[147.239,-43.417],[147.214,-43.415],[147.2,-43.447],[147.195,-43.461],[147.185,-43.467],[147.186,-43.481],[147.179,-43.49],[147.174,-43.488],[147.167,-43.487],[147.151,-43.49],[147.141,-43.493],[147.141,-43.488],[147.135,-43.484],[147.135,-43.475],[147.136,-43.466],[147.132,-43.456],[147.126,-43.453],[147.12,-43.447],[147.113,-43.437],[147.103,-43.436],[147.098,-43.432],[147.094,-43.428],[147.094,-43.422],[147.098,-43.417],[147.117,-43.412],[147.131,-43.432],[147.144,-43.448],[147.159,-43.462],[147.175,-43.453],[147.175,-43.438],[147.189,-43.422],[147.173,-43.417],[147.171,-43.406],[147.184,-43.381],[147.184,-43.353],[147.188,-43.359],[147.2,-43.371],[147.219,-43.376],[147.231,-43.364],[147.227,-43.355],[147.228,-43.334],[147.241,-43.323],[147.255,-43.299],[147.273,-43.286],[147.285,-43.268],[147.289,-43.248],[147.298,-43.258],[147.298,-43.275],[147.306,-43.297],[147.309,-43.296],[147.339,-43.279],[147.349,-43.237],[147.344,-43.218],[147.362,-43.21],[147.383,-43.203],[147.385,-43.183],[147.359,-43.183],[147.332,-43.185],[147.343,-43.172],[147.317,-43.177],[147.299,-43.169],[147.281,-43.17],[147.292,-43.159],[147.282,-43.147],[147.306,-43.137],[147.322,-43.147],[147.336,-43.139],[147.357,-43.139],[147.359,-43.123],[147.356,-43.12],[147.343,-43.122],[147.323,-43.127],[147.328,-43.116],[147.316,-43.111],[147.322,-43.095],[147.337,-43.083],[147.35,-43.067],[147.356,-43.063]]],[[[147.04,-43.058],[147.032,-43.072],[147.027,-43.076],[147.024,-43.077],[147.027,-43.075],[147.024,-43.074],[147.03,-43.059],[147.04,-43.056],[147.041,-43.054],[147.04,-43.058]]],[[[147.485,-43.045],[147.489,-43.058],[147.489,-43.063],[147.48,-43.057],[147.473,-43.045],[147.485,-43.045]]],[[[147.642,-42.943],[147.649,-42.949],[147.643,-42.957],[147.636,-42.949],[147.641,-42.944],[147.642,-42.943]]],[[[147.906,-42.842],[147.91,-42.846],[147.92,-42.844],[147.916,-42.852],[147.923,-42.854],[147.921,-42.86],[147.944,-42.877],[147.951,-42.873],[147.958,-42.871],[147.97,-42.864],[147.971,-42.867],[147.974,-42.87],[147.971,-42.874],[147.96,-42.885],[147.968,-42.883],[147.973,-42.886],[147.981,-42.89],[147.991,-42.907],[147.998,-42.921],[147.99,-42.934],[147.986,-42.943],[147.987,-42.95],[147.996,-42.954],[147.998,-42.96],[147.992,-42.971],[147.988,-42.975],[147.978,-42.981],[147.965,-42.983],[147.956,-42.993],[147.953,-42.998],[147.943,-43.006],[147.927,-43.024],[147.947,-43.034],[147.952,-43.039],[147.952,-43.044],[147.952,-43.049],[147.951,-43.054],[147.949,-43.061],[147.956,-43.066],[147.956,-43.072],[147.962,-43.082],[147.966,-43.085],[147.962,-43.088],[147.965,-43.09],[147.966,-43.094],[147.968,-43.096],[147.968,-43.099],[147.971,-43.102],[147.973,-43.103],[147.977,-43.105],[147.981,-43.107],[147.98,-43.112],[147.977,-43.115],[147.978,-43.118],[147.98,-43.121],[147.98,-43.123],[147.975,-43.122],[147.97,-43.123],[147.967,-43.127],[147.953,-43.128],[147.959,-43.129],[147.959,-43.132],[147.955,-43.135],[147.957,-43.139],[147.968,-43.141],[147.972,-43.135],[147.977,-43.135],[147.983,-43.136],[147.987,-43.138],[147.989,-43.14],[147.994,-43.141],[147.997,-43.14],[148.002,-43.14],[148.005,-43.14],[148.003,-43.144],[148.001,-43.145],[147.998,-43.145],[147.997,-43.146],[147.996,-43.149],[147.992,-43.152],[147.991,-43.154],[147.987,-43.154],[147.985,-43.156],[147.983,-43.157],[147.982,-43.16],[147.981,-43.164],[147.973,-43.175],[147.967,-43.182],[147.964,-43.187],[147.964,-43.191],[147.967,-43.196],[147.97,-43.199],[147.975,-43.203],[147.982,-43.206],[147.987,-43.211],[147.992,-43.215],[147.999,-43.218],[148.004,-43.219],[148.011,-43.221],[148.007,-43.224],[148.005,-43.226],[148.001,-43.228],[147.998,-43.225],[147.995,-43.223],[147.987,-43.224],[147.985,-43.223],[147.98,-43.222],[147.977,-43.219],[147.972,-43.218],[147.968,-43.217],[147.962,-43.216],[147.958,-43.217],[147.954,-43.216],[147.951,-43.215],[147.946,-43.213],[147.95,-43.209],[147.949,-43.206],[147.948,-43.203],[147.947,-43.199],[147.94,-43.195],[147.93,-43.198],[147.922,-43.193],[147.919,-43.192],[147.917,-43.19],[147.904,-43.189],[147.897,-43.191],[147.895,-43.182],[147.895,-43.176],[147.894,-43.17],[147.893,-43.166],[147.893,-43.162],[147.892,-43.16],[147.893,-43.157],[147.894,-43.154],[147.894,-43.149],[147.891,-43.146],[147.888,-43.142],[147.89,-43.138],[147.887,-43.127],[147.875,-43.128],[147.865,-43.124],[147.865,-43.115],[147.86,-43.11],[147.854,-43.119],[147.858,-43.124],[147.853,-43.122],[147.856,-43.127],[147.861,-43.13],[147.866,-43.137],[147.858,-43.135],[147.857,-43.138],[147.86,-43.142],[147.853,-43.147],[147.852,-43.151],[147.849,-43.157],[147.859,-43.165],[147.866,-43.158],[147.869,-43.151],[147.871,-43.157],[147.871,-43.162],[147.868,-43.166],[147.863,-43.17],[147.855,-43.176],[147.86,-43.186],[147.867,-43.184],[147.87,-43.187],[147.873,-43.191],[147.876,-43.193],[147.875,-43.194],[147.868,-43.194],[147.872,-43.202],[147.875,-43.206],[147.869,-43.208],[147.863,-43.204],[147.861,-43.208],[147.86,-43.204],[147.858,-43.201],[147.855,-43.199],[147.851,-43.197],[147.849,-43.192],[147.847,-43.189],[147.845,-43.188],[147.842,-43.189],[147.839,-43.192],[147.836,-43.195],[147.832,-43.196],[147.828,-43.199],[147.823,-43.2],[147.822,-43.201],[147.819,-43.204],[147.817,-43.206],[147.815,-43.207],[147.813,-43.208],[147.808,-43.208],[147.805,-43.211],[147.804,-43.214],[147.804,-43.216],[147.801,-43.218],[147.798,-43.218],[147.797,-43.221],[147.799,-43.224],[147.8,-43.227],[147.799,-43.231],[147.8,-43.233],[147.8,-43.237],[147.798,-43.239],[147.796,-43.241],[147.791,-43.236],[147.788,-43.236],[147.784,-43.235],[147.781,-43.232],[147.781,-43.229],[147.783,-43.225],[147.782,-43.222],[147.781,-43.219],[147.775,-43.213],[147.766,-43.209],[147.757,-43.207],[147.747,-43.207],[147.746,-43.198],[147.74,-43.199],[147.734,-43.199],[147.726,-43.196],[147.719,-43.196],[147.717,-43.199],[147.714,-43.195],[147.712,-43.193],[147.711,-43.191],[147.713,-43.188],[147.715,-43.183],[147.71,-43.179],[147.707,-43.179],[147.704,-43.178],[147.703,-43.177],[147.701,-43.175],[147.698,-43.172],[147.696,-43.17],[147.695,-43.168],[147.697,-43.164],[147.7,-43.161],[147.701,-43.159],[147.699,-43.158],[147.696,-43.154],[147.695,-43.152],[147.696,-43.148],[147.693,-43.144],[147.691,-43.142],[147.687,-43.14],[147.69,-43.137],[147.698,-43.129],[147.712,-43.122],[147.723,-43.125],[147.734,-43.111],[147.727,-43.109],[147.72,-43.106],[147.716,-43.105],[147.726,-43.101],[147.738,-43.105],[147.742,-43.11],[147.746,-43.108],[147.741,-43.1],[147.737,-43.096],[147.731,-43.093],[147.724,-43.095],[147.719,-43.097],[147.716,-43.098],[147.71,-43.102],[147.702,-43.098],[147.696,-43.099],[147.694,-43.1],[147.689,-43.101],[147.684,-43.102],[147.683,-43.101],[147.682,-43.098],[147.677,-43.098],[147.675,-43.095],[147.671,-43.088],[147.664,-43.088],[147.66,-43.087],[147.654,-43.09],[147.65,-43.089],[147.65,-43.083],[147.646,-43.081],[147.642,-43.076],[147.631,-43.075],[147.627,-43.072],[147.626,-43.068],[147.624,-43.067],[147.623,-43.065],[147.624,-43.061],[147.624,-43.059],[147.623,-43.057],[147.624,-43.054],[147.623,-43.052],[147.624,-43.05],[147.627,-43.045],[147.627,-43.042],[147.626,-43.039],[147.623,-43.037],[147.624,-43.031],[147.624,-43.028],[147.623,-43.025],[147.623,-43.02],[147.622,-43.019],[147.62,-43.018],[147.619,-43.014],[147.619,-43.011],[147.619,-43.008],[147.621,-43.005],[147.622,-43.002],[147.625,-43.0],[147.638,-42.995],[147.649,-42.994],[147.658,-42.997],[147.681,-42.989],[147.68,-42.973],[147.673,-42.965],[147.674,-42.954],[147.665,-42.944],[147.672,-42.936],[147.683,-42.937],[147.693,-42.941],[147.7,-42.947],[147.705,-42.956],[147.716,-42.952],[147.729,-42.956],[147.727,-42.965],[147.733,-42.971],[147.726,-42.978],[147.724,-42.986],[147.715,-42.991],[147.711,-42.998],[147.708,-43.007],[147.71,-43.01],[147.72,-43.009],[147.723,-43.013],[147.723,-43.017],[147.726,-43.025],[147.719,-43.028],[147.731,-43.024],[147.74,-43.014],[147.746,-43.027],[147.749,-43.042],[147.761,-43.038],[147.768,-43.044],[147.774,-43.055],[147.785,-43.048],[147.801,-43.049],[147.813,-43.057],[147.826,-43.056],[147.837,-43.06],[147.843,-43.047],[147.842,-43.035],[147.845,-43.033],[147.856,-43.041],[147.858,-43.057],[147.864,-43.049],[147.864,-43.034],[147.883,-43.024],[147.907,-43.02],[147.925,-43.015],[147.903,-43.017],[147.889,-43.018],[147.863,-43.014],[147.849,-43.007],[147.843,-42.998],[147.849,-42.99],[147.838,-42.98],[147.827,-42.974],[147.811,-42.962],[147.833,-42.963],[147.853,-42.957],[147.865,-42.947],[147.86,-42.938],[147.844,-42.945],[147.83,-42.944],[147.828,-42.936],[147.814,-42.937],[147.812,-42.925],[147.822,-42.914],[147.81,-42.9],[147.804,-42.893],[147.814,-42.892],[147.827,-42.892],[147.842,-42.889],[147.866,-42.893],[147.877,-42.889],[147.897,-42.897],[147.905,-42.905],[147.905,-42.885],[147.887,-42.877],[147.874,-42.874],[147.869,-42.876],[147.863,-42.874],[147.87,-42.872],[147.873,-42.864],[147.884,-42.863],[147.88,-42.854],[147.891,-42.847],[147.904,-42.843],[147.906,-42.842]]],[[[147.488,-42.819],[147.489,-42.821],[147.487,-42.819],[147.488,-42.819]]],[[[147.192,-42.733],[147.192,-42.734],[147.19,-42.735],[147.187,-42.736],[147.189,-42.734],[147.19,-42.733],[147.192,-42.733]]],[[[147.197,-42.733],[147.201,-42.735],[147.194,-42.734],[147.197,-42.733]]],[[[146.819,-41.702],[146.83,-41.71],[146.843,-41.719],[146.846,-41.73],[146.839,-41.742],[146.842,-41.749],[146.846,-41.754],[146.833,-41.757],[146.82,-41.76],[146.826,-41.771],[146.839,-41.78],[146.857,-41.787],[146.864,-41.794],[146.847,-41.802],[146.86,-41.815],[146.871,-41.815],[146.886,-41.816],[146.893,-41.823],[146.908,-41.836],[146.928,-41.839],[146.938,-41.838],[146.967,-41.844],[146.975,-41.859],[146.986,-41.877],[147.274,-42.123],[147.262,-42.125],[147.274,-42.162],[147.29,-42.159],[147.305,-42.15],[147.317,-42.142],[147.328,-42.13],[147.329,-42.126],[147.337,-42.123],[147.339,-42.124],[147.344,-42.124],[147.353,-42.123],[147.363,-42.125],[147.369,-42.129],[147.375,-42.134],[147.385,-42.139],[147.399,-42.136],[147.405,-42.141],[147.425,-42.137],[147.442,-42.124],[147.51,-42.154],[147.551,-42.207],[147.557,-42.215],[147.562,-42.225],[147.781,-42.263],[147.815,-42.325],[147.828,-42.331],[147.845,-42.329],[147.848,-42.335],[147.837,-42.342],[147.824,-42.349],[147.809,-42.348],[147.792,-42.343],[147.727,-42.45],[147.716,-42.455],[147.701,-42.456],[147.696,-42.456],[147.693,-42.462],[147.685,-42.469],[147.674,-42.478],[147.667,-42.485],[147.67,-42.493],[147.666,-42.5],[147.669,-42.505],[147.67,-42.513],[147.645,-42.552],[147.628,-42.569],[147.62,-42.571],[147.615,-42.566],[147.609,-42.568],[147.602,-42.565],[147.59,-42.598],[147.634,-42.65],[147.64,-42.656],[147.639,-42.671],[147.619,-42.675],[147.665,-42.672],[147.678,-42.682],[147.696,-42.693],[147.776,-42.71],[147.917,-42.74],[147.905,-42.743],[147.895,-42.75],[147.886,-42.76],[147.877,-42.775],[147.869,-42.809],[147.87,-42.817],[147.871,-42.825],[147.875,-42.835],[147.884,-42.846],[147.881,-42.845],[147.873,-42.839],[147.868,-42.832],[147.867,-42.824],[147.865,-42.816],[147.862,-42.82],[147.861,-42.824],[147.86,-42.828],[147.857,-42.83],[147.857,-42.835],[147.854,-42.838],[147.853,-42.843],[147.857,-42.847],[147.855,-42.848],[147.85,-42.845],[147.845,-42.845],[147.842,-42.849],[147.84,-42.852],[147.841,-42.857],[147.842,-42.86],[147.84,-42.859],[147.837,-42.859],[147.835,-42.862],[147.836,-42.864],[147.839,-42.867],[147.843,-42.87],[147.845,-42.874],[147.841,-42.877],[147.838,-42.874],[147.839,-42.871],[147.838,-42.868],[147.834,-42.866],[147.829,-42.868],[147.829,-42.872],[147.826,-42.876],[147.824,-42.881],[147.819,-42.883],[147.815,-42.887],[147.807,-42.89],[147.794,-42.892],[147.791,-42.897],[147.778,-42.901],[147.764,-42.904],[147.749,-42.897],[147.732,-42.897],[147.728,-42.891],[147.705,-42.893],[147.688,-42.896],[147.682,-42.899],[147.68,-42.903],[147.679,-42.902],[147.675,-42.901],[147.669,-42.902],[147.669,-42.897],[147.668,-42.892],[147.659,-42.886],[147.654,-42.888],[147.652,-42.89],[147.65,-42.893],[147.647,-42.892],[147.643,-42.891],[147.641,-42.888],[147.639,-42.883],[147.64,-42.881],[147.641,-42.879],[147.648,-42.878],[147.654,-42.882],[147.658,-42.88],[147.66,-42.877],[147.665,-42.874],[147.671,-42.874],[147.678,-42.873],[147.68,-42.869],[147.683,-42.865],[147.694,-42.87],[147.696,-42.869],[147.684,-42.863],[147.68,-42.865],[147.678,-42.865],[147.676,-42.867],[147.673,-42.869],[147.668,-42.87],[147.665,-42.872],[147.661,-42.873],[147.658,-42.875],[147.655,-42.875],[147.652,-42.876],[147.65,-42.876],[147.652,-42.878],[147.647,-42.876],[147.641,-42.875],[147.62,-42.869],[147.611,-42.869],[147.609,-42.869],[147.607,-42.87],[147.606,-42.869],[147.607,-42.866],[147.611,-42.861],[147.607,-42.857],[147.611,-42.857],[147.616,-42.852],[147.62,-42.851],[147.621,-42.843],[147.615,-42.837],[147.61,-42.834],[147.606,-42.831],[147.607,-42.824],[147.595,-42.807],[147.6,-42.797],[147.596,-42.786],[147.59,-42.782],[147.594,-42.794],[147.586,-42.798],[147.569,-42.795],[147.567,-42.794],[147.566,-42.791],[147.565,-42.789],[147.565,-42.791],[147.563,-42.793],[147.562,-42.797],[147.557,-42.796],[147.552,-42.793],[147.551,-42.788],[147.548,-42.785],[147.543,-42.784],[147.538,-42.784],[147.538,-42.78],[147.537,-42.779],[147.535,-42.776],[147.533,-42.779],[147.535,-42.782],[147.533,-42.782],[147.531,-42.782],[147.53,-42.782],[147.529,-42.784],[147.531,-42.785],[147.53,-42.791],[147.536,-42.794],[147.537,-42.8],[147.539,-42.803],[147.533,-42.805],[147.528,-42.804],[147.526,-42.803],[147.526,-42.8],[147.526,-42.797],[147.524,-42.795],[147.524,-42.792],[147.522,-42.79],[147.52,-42.788],[147.519,-42.784],[147.511,-42.785],[147.505,-42.788],[147.502,-42.791],[147.496,-42.795],[147.492,-42.801],[147.489,-42.802],[147.487,-42.803],[147.484,-42.801],[147.481,-42.799],[147.476,-42.796],[147.473,-42.793],[147.47,-42.793],[147.465,-42.791],[147.461,-42.788],[147.455,-42.784],[147.455,-42.782],[147.458,-42.781],[147.46,-42.779],[147.467,-42.77],[147.46,-42.769],[147.451,-42.764],[147.446,-42.758],[147.458,-42.775],[147.458,-42.777],[147.456,-42.776],[147.451,-42.775],[147.446,-42.778],[147.445,-42.783],[147.443,-42.781],[147.437,-42.776],[147.435,-42.776],[147.437,-42.78],[147.437,-42.781],[147.436,-42.782],[147.437,-42.784],[147.441,-42.788],[147.445,-42.791],[147.447,-42.795],[147.445,-42.796],[147.447,-42.798],[147.452,-42.799],[147.455,-42.804],[147.458,-42.808],[147.463,-42.811],[147.47,-42.812],[147.477,-42.812],[147.48,-42.812],[147.485,-42.809],[147.488,-42.812],[147.489,-42.815],[147.488,-42.815],[147.477,-42.813],[147.475,-42.815],[147.475,-42.818],[147.472,-42.821],[147.474,-42.819],[147.475,-42.82],[147.479,-42.825],[147.489,-42.829],[147.495,-42.826],[147.497,-42.824],[147.5,-42.822],[147.503,-42.819],[147.503,-42.815],[147.504,-42.812],[147.508,-42.813],[147.512,-42.813],[147.513,-42.812],[147.514,-42.814],[147.513,-42.817],[147.514,-42.822],[147.517,-42.825],[147.519,-42.827],[147.531,-42.828],[147.543,-42.826],[147.555,-42.825],[147.573,-42.825],[147.583,-42.826],[147.591,-42.828],[147.596,-42.831],[147.6,-42.835],[147.603,-42.838],[147.608,-42.84],[147.613,-42.846],[147.605,-42.844],[147.596,-42.84],[147.584,-42.838],[147.562,-42.838],[147.541,-42.843],[147.523,-42.85],[147.504,-42.864],[147.51,-42.872],[147.509,-42.879],[147.506,-42.884],[147.501,-42.893],[147.495,-42.904],[147.496,-42.914],[147.503,-42.917],[147.513,-42.92],[147.52,-42.925],[147.528,-42.93],[147.532,-42.936],[147.536,-42.942],[147.536,-42.947],[147.536,-42.951],[147.534,-42.957],[147.535,-42.96],[147.524,-42.955],[147.518,-42.952],[147.514,-42.953],[147.515,-42.959],[147.516,-42.964],[147.51,-42.968],[147.517,-42.973],[147.522,-42.983],[147.528,-42.985],[147.536,-42.981],[147.537,-42.971],[147.53,-42.968],[147.531,-42.963],[147.539,-42.964],[147.542,-42.96],[147.544,-42.963],[147.548,-42.966],[147.55,-42.968],[147.55,-42.973],[147.55,-42.976],[147.55,-42.98],[147.55,-42.981],[147.551,-42.983],[147.553,-42.984],[147.553,-42.987],[147.55,-42.989],[147.549,-42.987],[147.539,-42.987],[147.528,-42.99],[147.523,-42.993],[147.523,-42.994],[147.524,-42.995],[147.524,-42.998],[147.525,-42.998],[147.526,-43.0],[147.528,-43.001],[147.528,-43.003],[147.529,-43.005],[147.528,-43.006],[147.527,-43.008],[147.526,-43.009],[147.525,-43.011],[147.525,-43.012],[147.524,-43.013],[147.523,-43.014],[147.522,-43.014],[147.52,-43.016],[147.522,-43.017],[147.523,-43.019],[147.521,-43.021],[147.519,-43.021],[147.517,-43.021],[147.513,-43.021],[147.512,-43.021],[147.507,-43.021],[147.497,-43.023],[147.486,-43.026],[147.483,-43.029],[147.482,-43.03],[147.481,-43.031],[147.467,-43.034],[147.451,-43.035],[147.438,-43.038],[147.43,-43.041],[147.423,-43.044],[147.421,-43.046],[147.42,-43.049],[147.417,-43.05],[147.415,-43.047],[147.408,-43.045],[147.412,-43.043],[147.409,-43.039],[147.405,-43.036],[147.41,-43.032],[147.413,-43.028],[147.415,-43.019],[147.408,-43.01],[147.402,-43.007],[147.399,-43.008],[147.397,-43.006],[147.398,-43.004],[147.398,-43.002],[147.398,-43.0],[147.401,-42.996],[147.399,-42.993],[147.4,-42.993],[147.405,-42.99],[147.404,-42.986],[147.399,-42.98],[147.395,-42.978],[147.392,-42.976],[147.395,-42.974],[147.402,-42.972],[147.404,-42.97],[147.405,-42.966],[147.406,-42.962],[147.409,-42.966],[147.408,-42.971],[147.405,-42.975],[147.411,-42.983],[147.418,-42.985],[147.419,-42.992],[147.419,-42.998],[147.418,-43.002],[147.419,-43.005],[147.423,-43.007],[147.426,-43.011],[147.428,-43.016],[147.427,-43.021],[147.429,-43.026],[147.435,-43.03],[147.444,-43.031],[147.452,-43.033],[147.459,-43.031],[147.471,-43.025],[147.473,-43.017],[147.47,-43.012],[147.473,-43.007],[147.469,-43.0],[147.473,-42.993],[147.475,-42.989],[147.479,-42.986],[147.474,-42.975],[147.463,-42.971],[147.454,-42.972],[147.449,-42.977],[147.446,-42.977],[147.449,-42.971],[147.446,-42.965],[147.451,-42.962],[147.451,-42.953],[147.449,-42.95],[147.453,-42.951],[147.456,-42.945],[147.455,-42.94],[147.457,-42.936],[147.462,-42.933],[147.464,-42.928],[147.466,-42.923],[147.472,-42.92],[147.48,-42.92],[147.484,-42.928],[147.49,-42.928],[147.486,-42.925],[147.485,-42.918],[147.486,-42.914],[147.484,-42.912],[147.482,-42.908],[147.476,-42.907],[147.469,-42.908],[147.463,-42.909],[147.457,-42.911],[147.446,-42.908],[147.434,-42.909],[147.434,-42.914],[147.434,-42.919],[147.433,-42.924],[147.429,-42.927],[147.427,-42.931],[147.424,-42.935],[147.421,-42.94],[147.415,-42.939],[147.41,-42.939],[147.41,-42.934],[147.411,-42.929],[147.412,-42.924],[147.411,-42.92],[147.411,-42.918],[147.417,-42.913],[147.415,-42.904],[147.411,-42.896],[147.404,-42.891],[147.405,-42.887],[147.393,-42.881],[147.389,-42.881],[147.386,-42.882],[147.381,-42.879],[147.37,-42.881],[147.368,-42.882],[147.364,-42.88],[147.363,-42.876],[147.369,-42.873],[147.366,-42.87],[147.363,-42.872],[147.358,-42.874],[147.357,-42.875],[147.352,-42.876],[147.351,-42.871],[147.354,-42.867],[147.351,-42.865],[147.351,-42.862],[147.353,-42.858],[147.356,-42.853],[147.359,-42.849],[147.354,-42.851],[147.351,-42.852],[147.345,-42.851],[147.34,-42.847],[147.342,-42.841],[147.345,-42.838],[147.346,-42.836],[147.338,-42.84],[147.333,-42.836],[147.33,-42.835],[147.327,-42.83],[147.323,-42.827],[147.317,-42.823],[147.32,-42.817],[147.312,-42.817],[147.31,-42.815],[147.303,-42.811],[147.294,-42.809],[147.291,-42.806],[147.286,-42.804],[147.281,-42.8],[147.283,-42.797],[147.286,-42.796],[147.289,-42.795],[147.292,-42.791],[147.29,-42.785],[147.285,-42.78],[147.283,-42.78],[147.28,-42.782],[147.274,-42.781],[147.27,-42.782],[147.266,-42.78],[147.265,-42.775],[147.263,-42.769],[147.261,-42.764],[147.264,-42.757],[147.264,-42.756],[147.262,-42.753],[147.258,-42.751],[147.258,-42.745],[147.264,-42.74],[147.261,-42.735],[147.261,-42.733],[147.264,-42.739],[147.258,-42.742],[147.254,-42.748],[147.256,-42.755],[147.253,-42.755],[147.25,-42.751],[147.248,-42.747],[147.241,-42.744],[147.232,-42.742],[147.226,-42.739],[147.223,-42.737],[147.219,-42.737],[147.213,-42.736],[147.209,-42.732],[147.205,-42.727],[147.2,-42.725],[147.19,-42.728],[147.186,-42.737],[147.183,-42.739],[147.184,-42.74],[147.184,-42.741],[147.177,-42.743],[147.155,-42.75],[147.146,-42.756],[147.143,-42.761],[147.141,-42.766],[147.135,-42.769],[147.125,-42.77],[147.116,-42.772],[147.113,-42.776],[147.122,-42.771],[147.137,-42.771],[147.143,-42.767],[147.147,-42.759],[147.161,-42.752],[147.176,-42.747],[147.191,-42.743],[147.201,-42.74],[147.211,-42.743],[147.217,-42.746],[147.225,-42.749],[147.231,-42.752],[147.236,-42.756],[147.241,-42.761],[147.246,-42.764],[147.25,-42.765],[147.253,-42.768],[147.256,-42.773],[147.258,-42.778],[147.257,-42.78],[147.256,-42.782],[147.255,-42.784],[147.252,-42.786],[147.256,-42.787],[147.259,-42.789],[147.261,-42.785],[147.266,-42.788],[147.27,-42.791],[147.276,-42.789],[147.283,-42.789],[147.279,-42.792],[147.273,-42.795],[147.268,-42.794],[147.26,-42.791],[147.258,-42.794],[147.258,-42.795],[147.26,-42.795],[147.264,-42.797],[147.262,-42.8],[147.258,-42.805],[147.257,-42.807],[147.262,-42.809],[147.26,-42.813],[147.256,-42.813],[147.257,-42.816],[147.261,-42.815],[147.261,-42.816],[147.264,-42.819],[147.268,-42.819],[147.27,-42.821],[147.272,-42.824],[147.274,-42.825],[147.278,-42.825],[147.281,-42.824],[147.285,-42.82],[147.288,-42.82],[147.294,-42.819],[147.3,-42.819],[147.306,-42.823],[147.298,-42.824],[147.299,-42.828],[147.295,-42.829],[147.299,-42.831],[147.302,-42.834],[147.305,-42.831],[147.304,-42.827],[147.31,-42.827],[147.314,-42.829],[147.323,-42.834],[147.323,-42.839],[147.318,-42.841],[147.315,-42.845],[147.316,-42.847],[147.322,-42.846],[147.328,-42.845],[147.327,-42.849],[147.327,-42.852],[147.32,-42.853],[147.323,-42.857],[147.328,-42.86],[147.334,-42.864],[147.336,-42.868],[147.336,-42.874],[147.341,-42.879],[147.335,-42.886],[147.338,-42.892],[147.334,-42.894],[147.333,-42.897],[147.336,-42.901],[147.342,-42.906],[147.347,-42.908],[147.357,-42.91],[147.359,-42.914],[147.36,-42.917],[147.361,-42.922],[147.362,-42.927],[147.361,-42.932],[147.357,-42.938],[147.358,-42.943],[147.355,-42.949],[147.351,-42.953],[147.344,-42.955],[147.343,-42.959],[147.342,-42.96],[147.341,-42.962],[147.341,-42.964],[147.34,-42.967],[147.34,-42.969],[147.339,-42.971],[147.339,-42.973],[147.338,-42.974],[147.336,-42.975],[147.33,-42.977],[147.326,-42.976],[147.323,-42.976],[147.317,-42.977],[147.316,-42.975],[147.315,-42.974],[147.318,-42.978],[147.322,-42.98],[147.328,-42.977],[147.324,-42.983],[147.327,-42.986],[147.33,-42.988],[147.329,-42.991],[147.329,-42.992],[147.33,-42.994],[147.33,-42.996],[147.329,-42.998],[147.329,-42.999],[147.328,-43.0],[147.326,-43.002],[147.324,-43.006],[147.328,-43.008],[147.329,-43.008],[147.329,-43.01],[147.33,-43.011],[147.33,-43.012],[147.33,-43.013],[147.33,-43.015],[147.329,-43.016],[147.33,-43.018],[147.332,-43.019],[147.332,-43.02],[147.333,-43.023],[147.334,-43.023],[147.334,-43.024],[147.334,-43.025],[147.335,-43.025],[147.335,-43.026],[147.335,-43.028],[147.335,-43.029],[147.336,-43.03],[147.337,-43.031],[147.337,-43.032],[147.337,-43.033],[147.338,-43.034],[147.338,-43.036],[147.339,-43.037],[147.339,-43.039],[147.337,-43.039],[147.337,-43.041],[147.34,-43.043],[147.341,-43.043],[147.343,-43.045],[147.344,-43.047],[147.345,-43.049],[147.344,-43.051],[147.343,-43.053],[147.341,-43.054],[147.338,-43.056],[147.337,-43.057],[147.335,-43.058],[147.333,-43.059],[147.329,-43.058],[147.324,-43.06],[147.318,-43.06],[147.312,-43.057],[147.308,-43.053],[147.305,-43.048],[147.302,-43.045],[147.3,-43.041],[147.299,-43.037],[147.297,-43.033],[147.293,-43.029],[147.291,-43.026],[147.292,-43.021],[147.289,-43.019],[147.288,-43.019],[147.286,-43.013],[147.286,-43.01],[147.283,-43.01],[147.277,-43.012],[147.275,-43.015],[147.271,-43.019],[147.27,-43.022],[147.271,-43.023],[147.27,-43.024],[147.269,-43.023],[147.268,-43.024],[147.268,-43.027],[147.274,-43.025],[147.278,-43.025],[147.278,-43.028],[147.277,-43.033],[147.275,-43.039],[147.274,-43.042],[147.268,-43.044],[147.267,-43.047],[147.268,-43.048],[147.267,-43.05],[147.267,-43.053],[147.267,-43.055],[147.267,-43.058],[147.265,-43.06],[147.261,-43.06],[147.256,-43.062],[147.257,-43.062],[147.257,-43.063],[147.261,-43.061],[147.264,-43.066],[147.261,-43.068],[147.257,-43.072],[147.261,-43.072],[147.268,-43.073],[147.274,-43.075],[147.28,-43.076],[147.289,-43.079],[147.295,-43.082],[147.294,-43.097],[147.286,-43.103],[147.286,-43.11],[147.281,-43.108],[147.276,-43.105],[147.271,-43.106],[147.267,-43.107],[147.261,-43.106],[147.26,-43.107],[147.261,-43.108],[147.265,-43.113],[147.27,-43.114],[147.272,-43.119],[147.27,-43.121],[147.267,-43.122],[147.259,-43.123],[147.253,-43.122],[147.248,-43.122],[147.248,-43.124],[147.248,-43.126],[147.25,-43.126],[147.253,-43.128],[147.257,-43.128],[147.262,-43.13],[147.257,-43.132],[147.252,-43.134],[147.254,-43.139],[147.249,-43.144],[147.243,-43.147],[147.243,-43.149],[147.242,-43.153],[147.239,-43.155],[147.241,-43.159],[147.24,-43.161],[147.24,-43.164],[147.248,-43.166],[147.242,-43.17],[147.239,-43.174],[147.244,-43.179],[147.242,-43.182],[147.246,-43.185],[147.255,-43.189],[147.253,-43.19],[147.253,-43.194],[147.255,-43.196],[147.256,-43.198],[147.257,-43.2],[147.256,-43.203],[147.258,-43.206],[147.259,-43.21],[147.26,-43.215],[147.259,-43.218],[147.259,-43.222],[147.259,-43.227],[147.257,-43.234],[147.253,-43.24],[147.249,-43.245],[147.245,-43.249],[147.243,-43.253],[147.24,-43.259],[147.24,-43.264],[147.243,-43.268],[147.237,-43.271],[147.231,-43.276],[147.226,-43.279],[147.216,-43.281],[147.208,-43.279],[147.204,-43.278],[147.198,-43.277],[147.188,-43.277],[147.182,-43.277],[147.175,-43.281],[147.167,-43.283],[147.154,-43.276],[147.146,-43.272],[147.146,-43.271],[147.142,-43.266],[147.143,-43.258],[147.143,-43.251],[147.149,-43.244],[147.148,-43.246],[147.139,-43.248],[147.13,-43.248],[147.127,-43.244],[147.121,-43.247],[147.117,-43.247],[147.111,-43.248],[147.108,-43.251],[147.101,-43.252],[147.096,-43.249],[147.097,-43.245],[147.089,-43.243],[147.09,-43.24],[147.097,-43.239],[147.098,-43.237],[147.096,-43.234],[147.096,-43.231],[147.096,-43.23],[147.095,-43.227],[147.095,-43.225],[147.092,-43.223],[147.1,-43.215],[147.11,-43.214],[147.113,-43.211],[147.117,-43.211],[147.113,-43.208],[147.109,-43.206],[147.102,-43.207],[147.104,-43.2],[147.102,-43.198],[147.101,-43.191],[147.095,-43.189],[147.102,-43.187],[147.104,-43.186],[147.108,-43.185],[147.103,-43.185],[147.098,-43.184],[147.093,-43.178],[147.093,-43.174],[147.096,-43.172],[147.094,-43.171],[147.095,-43.17],[147.095,-43.169],[147.089,-43.169],[147.085,-43.167],[147.083,-43.163],[147.083,-43.165],[147.081,-43.163],[147.082,-43.168],[147.081,-43.173],[147.083,-43.179],[147.082,-43.184],[147.086,-43.192],[147.08,-43.197],[147.074,-43.196],[147.077,-43.199],[147.072,-43.202],[147.078,-43.204],[147.081,-43.208],[147.073,-43.212],[147.067,-43.215],[147.064,-43.223],[147.056,-43.221],[147.055,-43.221],[147.045,-43.216],[147.035,-43.211],[147.027,-43.208],[147.024,-43.203],[147.019,-43.199],[147.014,-43.195],[147.01,-43.19],[146.995,-43.19],[146.984,-43.187],[146.986,-43.18],[146.99,-43.176],[146.995,-43.169],[146.995,-43.165],[146.997,-43.16],[146.999,-43.155],[146.999,-43.151],[146.997,-43.148],[147.001,-43.143],[147.007,-43.137],[147.011,-43.121],[147.018,-43.113],[147.018,-43.111],[147.021,-43.103],[147.022,-43.092],[147.027,-43.084],[147.034,-43.075],[147.038,-43.07],[147.039,-43.069],[147.037,-43.067],[147.045,-43.051],[147.047,-43.044],[147.052,-43.036],[147.04,-43.027],[147.039,-43.019],[147.036,-43.019],[147.034,-43.011],[147.012,-43.014],[147.002,-43.017],[147.024,-43.012],[147.035,-43.022],[147.042,-43.03],[147.046,-43.034],[147.054,-43.04],[147.043,-43.048],[147.032,-43.056],[147.026,-43.066],[147.02,-43.079],[147.018,-43.079],[147.017,-43.083],[147.014,-43.088],[147.008,-43.094],[147.003,-43.102],[147.0,-43.111],[146.996,-43.114],[146.993,-43.117],[146.991,-43.12],[146.993,-43.124],[146.993,-43.129],[146.988,-43.132],[146.981,-43.132],[146.981,-43.135],[146.977,-43.138],[146.972,-43.139],[146.975,-43.143],[146.979,-43.145],[146.978,-43.148],[146.981,-43.153],[146.981,-43.159],[146.975,-43.158],[146.968,-43.157],[146.964,-43.158],[146.959,-43.157],[146.955,-43.159],[146.952,-43.162],[146.959,-43.158],[146.961,-43.159],[146.964,-43.163],[146.969,-43.165],[146.974,-43.17],[146.97,-43.175],[146.971,-43.181],[146.966,-43.189],[146.97,-43.195],[146.972,-43.202],[146.981,-43.206],[146.996,-43.208],[146.991,-43.216],[147.002,-43.215],[147.006,-43.22],[147.013,-43.222],[147.018,-43.224],[147.024,-43.227],[147.027,-43.233],[147.035,-43.238],[147.038,-43.244],[147.047,-43.244],[147.056,-43.248],[147.065,-43.25],[147.065,-43.254],[147.067,-43.259],[147.073,-43.268],[147.095,-43.279],[147.098,-43.291],[147.078,-43.304],[147.069,-43.323],[147.059,-43.329],[147.049,-43.313],[147.033,-43.315],[147.023,-43.317],[147.022,-43.318],[147.016,-43.316],[147.011,-43.318],[147.004,-43.324],[147.003,-43.329],[146.999,-43.334],[146.991,-43.332],[146.982,-43.326],[146.971,-43.331],[146.978,-43.33],[146.98,-43.336],[146.982,-43.336],[146.987,-43.334],[146.991,-43.339],[146.996,-43.34],[147.007,-43.343],[147.024,-43.34],[147.052,-43.351],[147.056,-43.358],[147.051,-43.373],[147.035,-43.386],[147.03,-43.397],[147.023,-43.411],[147.015,-43.419],[147.025,-43.433],[147.019,-43.44],[147.014,-43.443],[147.005,-43.435],[146.989,-43.44],[146.964,-43.436],[146.948,-43.436],[146.925,-43.418],[146.928,-43.436],[146.92,-43.436],[146.919,-43.436],[146.907,-43.422],[146.907,-43.429],[146.919,-43.437],[146.92,-43.443],[146.923,-43.444],[146.942,-43.44],[146.944,-43.445],[146.938,-43.447],[146.94,-43.45],[146.943,-43.45],[146.951,-43.452],[146.964,-43.453],[146.986,-43.46],[147.001,-43.479],[146.987,-43.485],[146.981,-43.48],[146.98,-43.471],[146.968,-43.471],[146.961,-43.473],[146.955,-43.478],[146.946,-43.481],[146.939,-43.481],[146.937,-43.487],[146.932,-43.492],[146.936,-43.499],[146.94,-43.501],[146.945,-43.502],[146.942,-43.507],[146.944,-43.512],[146.949,-43.511],[146.977,-43.488],[146.975,-43.496],[146.952,-43.515],[146.956,-43.528],[146.95,-43.534],[146.946,-43.533],[146.928,-43.535],[146.927,-43.534],[146.919,-43.536],[146.917,-43.546],[146.914,-43.543],[146.905,-43.54],[146.91,-43.535],[146.907,-43.524],[146.904,-43.52],[146.911,-43.514],[146.904,-43.516],[146.901,-43.519],[146.892,-43.534],[146.895,-43.54],[146.888,-43.549],[146.885,-43.554],[146.884,-43.556],[146.892,-43.554],[146.898,-43.559],[146.904,-43.56],[146.902,-43.565],[146.896,-43.563],[146.893,-43.564],[146.892,-43.568],[146.888,-43.568],[146.891,-43.575],[146.887,-43.578],[146.887,-43.581],[146.875,-43.587],[146.879,-43.586],[146.888,-43.582],[146.9,-43.578],[146.908,-43.575],[146.915,-43.57],[146.92,-43.573],[146.921,-43.584],[146.919,-43.592],[146.922,-43.598],[146.918,-43.602],[146.905,-43.61],[146.889,-43.615],[146.883,-43.621],[146.873,-43.628],[146.873,-43.633],[146.872,-43.638],[146.869,-43.636],[146.867,-43.634],[146.86,-43.633],[146.857,-43.634],[146.851,-43.636],[146.847,-43.634],[146.843,-43.634],[146.839,-43.636],[146.837,-43.638],[146.832,-43.641],[146.827,-43.643],[146.829,-43.638],[146.839,-43.63],[146.835,-43.624],[146.83,-43.615],[146.821,-43.608],[146.807,-43.605],[146.795,-43.603],[146.792,-43.604],[146.786,-43.604],[146.779,-43.608],[146.769,-43.61],[146.763,-43.615],[146.758,-43.611],[146.754,-43.608],[146.75,-43.611],[146.743,-43.614],[146.738,-43.617],[146.733,-43.619],[146.726,-43.626],[146.724,-43.632],[146.723,-43.63],[146.718,-43.628],[146.714,-43.627],[146.709,-43.627],[146.708,-43.632],[146.705,-43.63],[146.703,-43.627],[146.698,-43.626],[146.698,-43.619],[146.694,-43.616],[146.694,-43.612],[146.691,-43.607],[146.689,-43.603],[146.687,-43.6],[146.686,-43.597],[146.669,-43.598],[146.663,-43.605],[146.66,-43.608],[146.657,-43.605],[146.655,-43.6],[146.654,-43.597],[146.653,-43.596],[146.656,-43.591],[146.658,-43.588],[146.658,-43.584],[146.658,-43.579],[146.657,-43.584],[146.647,-43.583],[146.642,-43.586],[146.64,-43.585],[146.645,-43.582],[146.642,-43.58],[146.64,-43.578],[146.637,-43.578],[146.636,-43.576],[146.634,-43.573],[146.631,-43.571],[146.63,-43.568],[146.628,-43.567],[146.625,-43.564],[146.618,-43.563],[146.614,-43.566],[146.611,-43.569],[146.606,-43.568],[146.607,-43.564],[146.611,-43.561],[146.604,-43.56],[146.601,-43.561],[146.599,-43.558],[146.603,-43.554],[146.607,-43.55],[146.597,-43.546],[146.593,-43.538],[146.585,-43.533],[146.577,-43.526],[146.578,-43.521],[146.576,-43.515],[146.574,-43.507],[146.575,-43.502],[146.575,-43.498],[146.576,-43.494],[146.576,-43.491],[146.578,-43.486],[146.573,-43.481],[146.571,-43.477],[146.57,-43.475],[146.565,-43.469],[146.56,-43.467],[146.557,-43.468],[146.553,-43.469],[146.55,-43.477],[146.549,-43.484],[146.549,-43.492],[146.555,-43.494],[146.55,-43.502],[146.554,-43.513],[146.558,-43.515],[146.564,-43.52],[146.563,-43.524],[146.576,-43.531],[146.587,-43.538],[146.593,-43.543],[146.561,-43.529],[146.541,-43.524],[146.532,-43.531],[146.528,-43.53],[146.521,-43.53],[146.518,-43.53],[146.518,-43.525],[146.506,-43.526],[146.5,-43.53],[146.497,-43.534],[146.493,-43.536],[146.491,-43.54],[146.487,-43.543],[146.487,-43.539],[146.481,-43.538],[146.477,-43.537],[146.472,-43.537],[146.47,-43.542],[146.462,-43.542],[146.455,-43.538],[146.45,-43.536],[146.445,-43.538],[146.436,-43.536],[146.431,-43.536],[146.424,-43.535],[146.418,-43.537],[146.415,-43.537],[146.413,-43.536],[146.41,-43.536],[146.406,-43.539],[146.403,-43.537],[146.397,-43.535],[146.396,-43.532],[146.39,-43.531],[146.385,-43.533],[146.38,-43.532],[146.374,-43.534],[146.371,-43.527],[146.371,-43.525],[146.368,-43.52],[146.357,-43.517],[146.351,-43.517],[146.343,-43.514],[146.338,-43.517],[146.332,-43.521],[146.327,-43.523],[146.321,-43.529],[146.319,-43.533],[146.315,-43.537],[146.309,-43.54],[146.302,-43.541],[146.295,-43.544],[146.292,-43.544],[146.288,-43.542],[146.287,-43.536],[146.281,-43.534],[146.277,-43.531],[146.274,-43.529],[146.27,-43.527],[146.267,-43.527],[146.268,-43.524],[146.27,-43.519],[146.265,-43.516],[146.269,-43.513],[146.273,-43.511],[146.274,-43.505],[146.271,-43.498],[146.252,-43.49],[146.244,-43.495],[146.241,-43.493],[146.225,-43.49],[146.217,-43.486],[146.212,-43.488],[146.211,-43.492],[146.22,-43.492],[146.214,-43.498],[146.211,-43.506],[146.209,-43.511],[146.211,-43.519],[146.211,-43.524],[146.21,-43.528],[146.21,-43.533],[146.2,-43.537],[146.195,-43.539],[146.191,-43.536],[146.188,-43.532],[146.186,-43.531],[146.184,-43.531],[146.182,-43.525],[146.181,-43.519],[146.179,-43.515],[146.173,-43.511],[146.166,-43.514],[146.16,-43.514],[146.157,-43.508],[146.159,-43.502],[146.144,-43.503],[146.146,-43.518],[146.149,-43.526],[146.146,-43.529],[146.143,-43.522],[146.137,-43.519],[146.129,-43.526],[146.123,-43.522],[146.12,-43.526],[146.116,-43.527],[146.11,-43.526],[146.109,-43.53],[146.108,-43.534],[146.109,-43.539],[146.107,-43.543],[146.112,-43.55],[146.111,-43.554],[146.109,-43.557],[146.104,-43.557],[146.101,-43.555],[146.096,-43.556],[146.094,-43.553],[146.093,-43.55],[146.091,-43.543],[146.085,-43.541],[146.075,-43.546],[146.07,-43.556],[146.064,-43.555],[146.06,-43.553],[146.054,-43.551],[146.049,-43.553],[146.044,-43.556],[146.043,-43.559],[146.038,-43.565],[146.033,-43.571],[146.031,-43.568],[146.033,-43.565],[146.035,-43.562],[146.033,-43.558],[146.035,-43.555],[146.036,-43.552],[146.037,-43.548],[146.035,-43.543],[146.035,-43.541],[146.04,-43.541],[146.039,-43.536],[146.041,-43.533],[146.038,-43.526],[146.037,-43.523],[146.039,-43.52],[146.041,-43.515],[146.042,-43.51],[146.04,-43.507],[146.036,-43.502],[146.035,-43.495],[146.029,-43.491],[146.027,-43.484],[146.03,-43.473],[146.025,-43.461],[146.014,-43.462],[146.011,-43.465],[146.006,-43.465],[146.009,-43.46],[146.012,-43.456],[146.014,-43.456],[146.018,-43.455],[146.013,-43.448],[146.008,-43.445],[146.007,-43.442],[146.005,-43.441],[146.003,-43.438],[146.003,-43.435],[146.0,-43.434],[146.002,-43.428],[146.001,-43.423],[145.998,-43.423],[145.996,-43.419],[145.996,-43.413],[145.997,-43.407],[145.974,-43.405],[145.97,-43.402],[145.976,-43.397],[145.964,-43.383],[145.958,-43.383],[145.952,-43.383],[145.949,-43.382],[145.944,-43.385],[145.941,-43.388],[145.937,-43.39],[145.933,-43.389],[145.929,-43.387],[145.925,-43.386],[145.923,-43.383],[145.923,-43.38],[145.925,-43.379],[145.929,-43.379],[145.931,-43.378],[145.932,-43.376],[145.932,-43.374],[145.931,-43.371],[145.933,-43.371],[145.937,-43.37],[145.946,-43.372],[145.947,-43.367],[145.948,-43.365],[145.951,-43.364],[145.952,-43.361],[145.957,-43.362],[145.963,-43.364],[145.969,-43.369],[145.971,-43.361],[145.97,-43.359],[145.972,-43.357],[145.977,-43.356],[145.982,-43.358],[145.989,-43.367],[145.993,-43.374],[145.989,-43.381],[145.986,-43.394],[145.995,-43.391],[145.997,-43.383],[145.998,-43.373],[146.001,-43.366],[145.997,-43.365],[145.993,-43.359],[145.989,-43.348],[145.982,-43.351],[145.977,-43.353],[145.976,-43.35],[145.976,-43.346],[145.978,-43.343],[145.978,-43.34],[145.981,-43.337],[145.982,-43.333],[145.987,-43.329],[145.991,-43.334],[146.001,-43.339],[146.003,-43.343],[146.007,-43.345],[146.016,-43.345],[146.024,-43.347],[146.036,-43.347],[146.046,-43.346],[146.052,-43.35],[146.062,-43.352],[146.069,-43.355],[146.077,-43.36],[146.071,-43.365],[146.079,-43.37],[146.085,-43.371],[146.086,-43.37],[146.093,-43.37],[146.09,-43.364],[146.079,-43.357],[146.07,-43.353],[146.064,-43.348],[146.059,-43.343],[146.068,-43.344],[146.077,-43.347],[146.084,-43.349],[146.088,-43.346],[146.09,-43.346],[146.096,-43.349],[146.1,-43.349],[146.109,-43.352],[146.115,-43.354],[146.118,-43.353],[146.127,-43.354],[146.133,-43.36],[146.131,-43.363],[146.134,-43.37],[146.129,-43.372],[146.129,-43.378],[146.134,-43.384],[146.133,-43.387],[146.138,-43.389],[146.139,-43.4],[146.14,-43.406],[146.15,-43.413],[146.162,-43.417],[146.167,-43.418],[146.172,-43.414],[146.166,-43.411],[146.161,-43.413],[146.15,-43.413],[146.143,-43.406],[146.142,-43.398],[146.139,-43.389],[146.136,-43.379],[146.139,-43.375],[146.149,-43.382],[146.155,-43.391],[146.16,-43.386],[146.172,-43.383],[146.172,-43.379],[146.165,-43.375],[146.16,-43.367],[146.16,-43.364],[146.165,-43.363],[146.179,-43.361],[146.185,-43.363],[146.194,-43.363],[146.203,-43.364],[146.21,-43.365],[146.208,-43.373],[146.214,-43.38],[146.219,-43.386],[146.221,-43.389],[146.223,-43.386],[146.225,-43.381],[146.221,-43.374],[146.214,-43.366],[146.223,-43.363],[146.227,-43.357],[146.224,-43.346],[146.223,-43.333],[146.231,-43.325],[146.225,-43.323],[146.218,-43.325],[146.219,-43.322],[146.211,-43.331],[146.205,-43.325],[146.198,-43.319],[146.188,-43.316],[146.186,-43.319],[146.181,-43.322],[146.179,-43.326],[146.175,-43.323],[146.172,-43.319],[146.173,-43.311],[146.176,-43.304],[146.172,-43.299],[146.169,-43.291],[146.162,-43.295],[146.155,-43.301],[146.155,-43.306],[146.157,-43.312],[146.153,-43.319],[146.148,-43.318],[146.142,-43.322],[146.139,-43.329],[146.138,-43.334],[146.138,-43.339],[146.137,-43.345],[146.127,-43.348],[146.119,-43.348],[146.11,-43.346],[146.105,-43.344],[146.097,-43.342],[146.091,-43.339],[146.088,-43.329],[146.085,-43.326],[146.086,-43.337],[146.081,-43.339],[146.077,-43.332],[146.072,-43.326],[146.071,-43.319],[146.07,-43.311],[146.065,-43.309],[146.059,-43.304],[146.059,-43.3],[146.067,-43.295],[146.065,-43.292],[146.06,-43.296],[146.053,-43.303],[146.056,-43.304],[146.058,-43.309],[146.052,-43.312],[146.051,-43.319],[146.051,-43.324],[146.059,-43.328],[146.059,-43.334],[146.052,-43.334],[146.044,-43.336],[146.038,-43.336],[146.027,-43.342],[146.024,-43.338],[146.017,-43.335],[146.011,-43.334],[146.005,-43.334],[146.001,-43.332],[146.004,-43.329],[146.006,-43.324],[146.001,-43.32],[145.994,-43.322],[145.987,-43.322],[145.982,-43.321],[145.98,-43.317],[145.98,-43.314],[145.982,-43.305],[145.974,-43.305],[145.97,-43.303],[145.968,-43.3],[145.964,-43.296],[145.96,-43.292],[145.964,-43.288],[145.956,-43.283],[145.954,-43.28],[145.963,-43.279],[145.97,-43.276],[145.973,-43.269],[145.967,-43.263],[145.97,-43.255],[145.972,-43.245],[145.979,-43.235],[145.972,-43.232],[145.961,-43.229],[145.95,-43.23],[145.942,-43.224],[145.935,-43.218],[145.928,-43.212],[145.921,-43.212],[145.923,-43.209],[145.925,-43.203],[145.917,-43.197],[145.922,-43.19],[145.937,-43.192],[145.931,-43.188],[145.929,-43.18],[145.921,-43.172],[145.927,-43.157],[145.94,-43.151],[145.985,-43.118],[145.973,-43.077],[145.976,-43.052],[145.991,-43.002],[145.983,-42.971],[145.973,-42.96],[145.965,-42.952],[145.955,-42.944],[145.946,-42.933],[145.94,-42.922],[145.934,-42.909],[145.947,-42.906],[145.864,-42.715],[145.904,-42.688],[145.965,-42.655],[145.985,-42.618],[145.997,-42.59],[146.026,-42.56],[146.047,-42.53],[146.062,-42.519],[146.082,-42.499],[146.085,-42.486],[146.078,-42.483],[146.08,-42.477],[146.089,-42.472],[146.098,-42.461],[146.105,-42.456],[146.109,-42.448],[146.116,-42.442],[146.124,-42.438],[146.125,-42.431],[146.13,-42.425],[146.134,-42.424],[146.131,-42.418],[146.134,-42.415],[146.131,-42.411],[146.128,-42.407],[146.118,-42.404],[146.108,-42.407],[146.1,-42.402],[146.107,-42.394],[146.112,-42.388],[146.114,-42.38],[146.107,-42.373],[146.098,-42.371],[146.098,-42.361],[146.098,-42.355],[146.098,-42.35],[146.097,-42.343],[146.098,-42.337],[146.101,-42.328],[146.104,-42.32],[146.105,-42.313],[146.103,-42.3],[146.09,-42.291],[146.091,-42.282],[146.316,-41.925],[146.32,-41.923],[146.325,-41.919],[146.331,-41.917],[146.337,-41.915],[146.336,-41.913],[146.34,-41.91],[146.35,-41.906],[146.348,-41.9],[146.345,-41.891],[146.362,-41.882],[146.36,-41.876],[146.39,-41.826],[146.386,-41.824],[146.383,-41.822],[146.38,-41.82],[146.379,-41.818],[146.378,-41.815],[146.379,-41.814],[146.379,-41.815],[146.382,-41.815],[146.38,-41.813],[146.381,-41.812],[146.381,-41.813],[146.383,-41.813],[146.383,-41.812],[146.381,-41.81],[146.383,-41.808],[146.381,-41.807],[146.378,-41.807],[146.379,-41.808],[146.377,-41.809],[146.379,-41.811],[146.377,-41.812],[146.376,-41.81],[146.375,-41.808],[146.373,-41.807],[146.371,-41.805],[146.37,-41.804],[146.368,-41.802],[146.365,-41.802],[146.366,-41.799],[146.365,-41.798],[146.363,-41.796],[146.36,-41.794],[146.36,-41.792],[146.359,-41.792],[146.357,-41.79],[146.356,-41.788],[146.357,-41.789],[146.357,-41.788],[146.355,-41.784],[146.353,-41.782],[146.352,-41.781],[146.35,-41.777],[146.505,-41.734],[146.512,-41.738],[146.522,-41.739],[146.538,-41.745],[146.545,-41.741],[146.557,-41.739],[146.573,-41.745],[146.593,-41.744],[146.615,-41.751],[146.622,-41.748],[146.629,-41.737],[146.644,-41.744],[146.648,-41.738],[146.656,-41.732],[146.682,-41.731],[146.689,-41.726],[146.703,-41.72],[146.716,-41.714],[146.719,-41.725],[146.714,-41.734],[146.73,-41.739],[146.735,-41.731],[146.741,-41.722],[146.756,-41.718],[146.767,-41.721],[146.773,-41.726],[146.786,-41.724],[146.803,-41.721],[146.805,-41.715],[146.814,-41.707],[146.819,-41.702]]]]}},{"type":"Feature","properties":{"state":"Tasmania","state_code":"6","region_code":612,"region":"Launceston and the North"},"geometry":{"type":"MultiPolygon","coordinates":[[[[147.081,-41.374],[147.088,-41.38],[147.083,-41.385],[147.082,-41.381],[147.08,-41.378],[147.081,-41.374]]],[[[147.643,-40.782],[147.644,-40.787],[147.641,-40.794],[147.635,-40.804],[147.627,-40.811],[147.62,-40.814],[147.616,-40.811],[147.62,-40.808],[147.624,-40.804],[147.627,-40.801],[147.627,-40.797],[147.631,-40.795],[147.634,-40.791],[147.636,-40.787],[147.639,-40.784],[147.641,-40.78],[147.643,-40.782]]],[[[147.982,-40.742],[147.986,-40.742],[148.007,-40.744],[148.013,-40.748],[148.018,-40.753],[148.032,-40.752],[148.034,-40.759],[148.035,-40.763],[148.036,-40.77],[148.042,-40.774],[148.042,-40.773],[148.041,-40.767],[148.037,-40.765],[148.048,-40.768],[148.08,-40.77],[148.087,-40.776],[148.093,-40.781],[148.099,-40.786],[148.102,-40.791],[148.106,-40.799],[148.113,-40.808],[148.12,-40.815],[148.142,-40.831],[148.17,-40.834],[148.135,-40.831],[148.121,-40.824],[148.12,-40.818],[148.115,-40.816],[148.115,-40.819],[148.108,-40.821],[148.112,-40.828],[148.126,-40.836],[148.146,-40.836],[148.154,-40.838],[148.178,-40.833],[148.178,-40.821],[148.186,-40.832],[148.17,-40.887],[148.123,-41.021],[148.102,-41.03],[148.096,-41.041],[148.117,-41.079],[147.843,-41.334],[147.753,-41.337],[147.722,-41.349],[147.705,-41.351],[147.685,-41.349],[147.665,-41.348],[147.643,-41.348],[147.623,-41.362],[147.642,-41.378],[147.646,-41.399],[147.648,-41.425],[147.651,-41.443],[147.671,-41.461],[147.686,-41.471],[147.693,-41.484],[147.763,-41.646],[147.76,-41.653],[147.759,-41.658],[147.761,-41.666],[147.769,-41.671],[147.779,-41.676],[147.779,-41.688],[147.787,-41.696],[147.79,-41.719],[147.835,-41.779],[147.897,-41.755],[147.914,-41.758],[147.934,-41.757],[147.951,-41.746],[147.955,-41.734],[148.046,-41.71],[148.101,-41.648],[148.177,-41.709],[148.184,-41.714],[148.184,-41.719],[148.181,-41.73],[148.129,-41.748],[148.135,-41.773],[148.139,-41.807],[147.695,-42.248],[147.562,-42.223],[147.557,-42.213],[147.553,-42.207],[147.449,-42.118],[147.438,-42.127],[147.421,-42.139],[147.405,-42.138],[147.396,-42.136],[147.383,-42.137],[147.373,-42.133],[147.369,-42.129],[147.363,-42.125],[147.351,-42.124],[147.343,-42.124],[147.339,-42.124],[147.336,-42.124],[147.328,-42.126],[147.328,-42.131],[147.315,-42.142],[147.3,-42.155],[147.286,-42.16],[147.268,-42.165],[147.267,-42.125],[147.258,-42.103],[146.981,-41.873],[146.975,-41.855],[146.961,-41.844],[146.934,-41.837],[146.923,-41.842],[146.904,-41.831],[146.891,-41.822],[146.883,-41.817],[146.87,-41.817],[146.854,-41.811],[146.847,-41.799],[146.867,-41.792],[146.852,-41.789],[146.836,-41.778],[146.824,-41.768],[146.822,-41.762],[146.834,-41.755],[146.85,-41.754],[146.838,-41.747],[146.841,-41.74],[146.847,-41.728],[146.839,-41.718],[146.826,-41.707],[146.817,-41.701],[146.811,-41.709],[146.804,-41.718],[146.794,-41.721],[146.782,-41.726],[146.769,-41.726],[146.763,-41.719],[146.749,-41.718],[146.738,-41.724],[146.735,-41.736],[146.725,-41.738],[146.712,-41.73],[146.721,-41.722],[146.713,-41.716],[146.698,-41.721],[146.689,-41.73],[146.672,-41.731],[146.65,-41.73],[146.648,-41.741],[146.639,-41.741],[146.626,-41.739],[146.621,-41.754],[146.608,-41.748],[146.587,-41.744],[146.567,-41.743],[146.552,-41.74],[146.543,-41.742],[146.53,-41.744],[146.519,-41.738],[146.511,-41.738],[146.507,-41.732],[146.351,-41.779],[146.353,-41.781],[146.353,-41.783],[146.354,-41.785],[146.357,-41.789],[146.356,-41.789],[146.358,-41.791],[146.359,-41.792],[146.36,-41.793],[146.361,-41.794],[146.363,-41.797],[146.365,-41.798],[146.367,-41.8],[146.366,-41.801],[146.369,-41.803],[146.371,-41.804],[146.371,-41.806],[146.374,-41.807],[146.375,-41.809],[146.376,-41.81],[146.378,-41.812],[146.379,-41.81],[146.377,-41.809],[146.379,-41.808],[146.379,-41.807],[146.382,-41.807],[146.383,-41.809],[146.382,-41.811],[146.383,-41.812],[146.383,-41.813],[146.382,-41.812],[146.38,-41.813],[146.38,-41.814],[146.381,-41.815],[146.379,-41.815],[146.378,-41.814],[146.378,-41.816],[146.379,-41.819],[146.381,-41.821],[146.384,-41.823],[146.387,-41.825],[146.391,-41.827],[146.361,-41.878],[146.361,-41.883],[146.346,-41.894],[146.347,-41.901],[146.351,-41.907],[146.339,-41.911],[146.336,-41.913],[146.336,-41.916],[146.329,-41.917],[146.325,-41.921],[146.318,-41.924],[146.314,-41.925],[146.187,-41.564],[146.431,-41.513],[146.457,-41.511],[146.494,-41.513],[146.492,-41.5],[146.495,-41.49],[146.484,-41.486],[146.478,-41.479],[146.467,-41.478],[146.456,-41.481],[146.458,-41.478],[146.454,-41.474],[146.452,-41.468],[146.45,-41.459],[146.468,-41.454],[146.463,-41.447],[146.468,-41.435],[146.459,-41.427],[146.468,-41.419],[146.468,-41.416],[146.468,-41.406],[146.474,-41.401],[146.484,-41.404],[146.494,-41.396],[146.501,-41.386],[146.496,-41.381],[146.591,-41.361],[146.588,-41.355],[146.582,-41.348],[146.701,-41.319],[146.666,-41.097],[146.679,-41.1],[146.705,-41.083],[146.709,-41.069],[146.707,-41.064],[146.718,-41.066],[146.723,-41.072],[146.729,-41.074],[146.732,-41.078],[146.737,-41.077],[146.742,-41.079],[146.743,-41.083],[146.75,-41.085],[146.756,-41.082],[146.761,-41.079],[146.767,-41.079],[146.771,-41.081],[146.775,-41.083],[146.778,-41.085],[146.781,-41.087],[146.785,-41.091],[146.789,-41.093],[146.791,-41.096],[146.792,-41.1],[146.796,-41.104],[146.799,-41.107],[146.796,-41.109],[146.794,-41.109],[146.792,-41.11],[146.792,-41.111],[146.79,-41.111],[146.789,-41.112],[146.79,-41.113],[146.794,-41.113],[146.796,-41.111],[146.796,-41.113],[146.796,-41.116],[146.798,-41.116],[146.801,-41.115],[146.805,-41.116],[146.804,-41.111],[146.814,-41.114],[146.815,-41.115],[146.813,-41.114],[146.808,-41.113],[146.808,-41.115],[146.809,-41.117],[146.811,-41.118],[146.81,-41.121],[146.812,-41.125],[146.811,-41.13],[146.811,-41.133],[146.817,-41.135],[146.819,-41.137],[146.817,-41.138],[146.814,-41.139],[146.81,-41.136],[146.803,-41.136],[146.801,-41.135],[146.798,-41.14],[146.79,-41.139],[146.786,-41.142],[146.783,-41.145],[146.782,-41.147],[146.78,-41.149],[146.776,-41.15],[146.771,-41.15],[146.769,-41.15],[146.765,-41.15],[146.766,-41.153],[146.77,-41.153],[146.77,-41.158],[146.771,-41.164],[146.774,-41.163],[146.776,-41.158],[146.783,-41.153],[146.788,-41.154],[146.786,-41.152],[146.787,-41.15],[146.79,-41.147],[146.795,-41.147],[146.798,-41.147],[146.797,-41.147],[146.8,-41.147],[146.805,-41.146],[146.806,-41.143],[146.807,-41.141],[146.808,-41.144],[146.812,-41.145],[146.816,-41.145],[146.819,-41.148],[146.823,-41.15],[146.824,-41.154],[146.823,-41.157],[146.824,-41.159],[146.824,-41.16],[146.825,-41.163],[146.824,-41.166],[146.822,-41.17],[146.824,-41.17],[146.827,-41.169],[146.826,-41.171],[146.83,-41.172],[146.833,-41.173],[146.835,-41.174],[146.838,-41.176],[146.837,-41.18],[146.835,-41.184],[146.833,-41.186],[146.832,-41.186],[146.834,-41.188],[146.834,-41.192],[146.834,-41.195],[146.835,-41.197],[146.838,-41.198],[146.839,-41.199],[146.838,-41.197],[146.837,-41.193],[146.84,-41.191],[146.839,-41.192],[146.841,-41.189],[146.845,-41.186],[146.849,-41.187],[146.852,-41.188],[146.854,-41.19],[146.855,-41.191],[146.857,-41.192],[146.856,-41.19],[146.853,-41.187],[146.851,-41.185],[146.846,-41.182],[146.844,-41.178],[146.844,-41.175],[146.842,-41.172],[146.839,-41.168],[146.835,-41.165],[146.835,-41.163],[146.84,-41.164],[146.843,-41.167],[146.847,-41.168],[146.851,-41.169],[146.854,-41.172],[146.858,-41.171],[146.86,-41.17],[146.862,-41.168],[146.864,-41.167],[146.864,-41.166],[146.867,-41.164],[146.868,-41.166],[146.869,-41.167],[146.869,-41.164],[146.868,-41.162],[146.87,-41.16],[146.871,-41.158],[146.872,-41.157],[146.873,-41.154],[146.876,-41.151],[146.88,-41.151],[146.884,-41.152],[146.89,-41.154],[146.893,-41.156],[146.898,-41.158],[146.905,-41.16],[146.909,-41.163],[146.911,-41.166],[146.916,-41.168],[146.923,-41.17],[146.929,-41.178],[146.923,-41.181],[146.914,-41.188],[146.911,-41.189],[146.917,-41.191],[146.916,-41.197],[146.91,-41.201],[146.907,-41.204],[146.902,-41.204],[146.898,-41.2],[146.899,-41.206],[146.901,-41.208],[146.904,-41.211],[146.91,-41.216],[146.916,-41.222],[146.922,-41.225],[146.931,-41.23],[146.935,-41.237],[146.934,-41.243],[146.939,-41.249],[146.945,-41.254],[146.946,-41.26],[146.949,-41.26],[146.956,-41.26],[146.962,-41.255],[146.967,-41.253],[146.973,-41.254],[146.972,-41.257],[146.969,-41.268],[146.978,-41.274],[146.978,-41.282],[146.977,-41.288],[146.975,-41.292],[146.971,-41.294],[146.97,-41.296],[146.964,-41.294],[146.965,-41.296],[146.97,-41.297],[146.971,-41.3],[146.97,-41.303],[146.97,-41.306],[146.971,-41.308],[146.974,-41.312],[146.977,-41.314],[146.981,-41.317],[146.985,-41.319],[146.995,-41.321],[147.007,-41.323],[147.008,-41.328],[147.011,-41.331],[147.015,-41.334],[147.019,-41.338],[147.023,-41.34],[147.028,-41.344],[147.031,-41.348],[147.034,-41.352],[147.034,-41.355],[147.033,-41.352],[147.035,-41.349],[147.039,-41.347],[147.044,-41.346],[147.047,-41.344],[147.052,-41.342],[147.058,-41.338],[147.063,-41.336],[147.069,-41.337],[147.076,-41.34],[147.074,-41.346],[147.071,-41.35],[147.069,-41.353],[147.07,-41.358],[147.072,-41.361],[147.075,-41.368],[147.075,-41.372],[147.075,-41.378],[147.074,-41.382],[147.076,-41.387],[147.081,-41.392],[147.085,-41.394],[147.086,-41.395],[147.091,-41.398],[147.099,-41.4],[147.105,-41.401],[147.111,-41.401],[147.114,-41.404],[147.117,-41.407],[147.116,-41.412],[147.118,-41.41],[147.118,-41.413],[147.119,-41.407],[147.123,-41.41],[147.121,-41.414],[147.119,-41.416],[147.115,-41.419],[147.112,-41.422],[147.115,-41.42],[147.116,-41.422],[147.119,-41.426],[147.124,-41.433],[147.126,-41.44],[147.124,-41.442],[147.123,-41.443],[147.126,-41.441],[147.131,-41.438],[147.139,-41.431],[147.143,-41.427],[147.143,-41.423],[147.145,-41.419],[147.153,-41.42],[147.159,-41.423],[147.165,-41.427],[147.168,-41.434],[147.173,-41.436],[147.168,-41.434],[147.165,-41.427],[147.159,-41.424],[147.155,-41.416],[147.148,-41.419],[147.143,-41.42],[147.141,-41.426],[147.139,-41.431],[147.132,-41.432],[147.126,-41.43],[147.119,-41.423],[147.12,-41.418],[147.126,-41.416],[147.128,-41.411],[147.124,-41.407],[147.119,-41.404],[147.115,-41.398],[147.109,-41.394],[147.104,-41.392],[147.099,-41.388],[147.093,-41.384],[147.092,-41.378],[147.088,-41.373],[147.083,-41.37],[147.078,-41.363],[147.077,-41.359],[147.081,-41.353],[147.088,-41.354],[147.078,-41.353],[147.077,-41.35],[147.082,-41.346],[147.078,-41.337],[147.071,-41.331],[147.061,-41.331],[147.054,-41.334],[147.048,-41.337],[147.045,-41.334],[147.045,-41.328],[147.042,-41.324],[147.044,-41.324],[147.041,-41.319],[147.031,-41.317],[147.024,-41.315],[147.015,-41.315],[147.006,-41.316],[146.997,-41.316],[146.987,-41.314],[146.981,-41.31],[146.977,-41.305],[146.979,-41.298],[146.984,-41.295],[146.989,-41.292],[146.997,-41.287],[147.007,-41.283],[147.014,-41.282],[147.016,-41.278],[147.006,-41.269],[147.0,-41.26],[146.999,-41.259],[146.996,-41.257],[146.995,-41.255],[146.994,-41.252],[146.99,-41.25],[146.987,-41.249],[146.983,-41.247],[146.981,-41.244],[146.977,-41.244],[146.975,-41.237],[146.976,-41.233],[146.969,-41.237],[146.966,-41.237],[146.958,-41.233],[146.951,-41.232],[146.946,-41.229],[146.945,-41.227],[146.945,-41.223],[146.945,-41.221],[146.945,-41.217],[146.946,-41.213],[146.944,-41.209],[146.945,-41.206],[146.942,-41.209],[146.937,-41.213],[146.934,-41.216],[146.929,-41.216],[146.925,-41.218],[146.922,-41.22],[146.921,-41.219],[146.918,-41.217],[146.914,-41.215],[146.912,-41.211],[146.915,-41.208],[146.917,-41.207],[146.923,-41.208],[146.927,-41.205],[146.93,-41.202],[146.932,-41.2],[146.93,-41.201],[146.927,-41.201],[146.924,-41.199],[146.922,-41.195],[146.924,-41.193],[146.925,-41.189],[146.93,-41.186],[146.936,-41.183],[146.941,-41.182],[146.946,-41.183],[146.955,-41.186],[146.965,-41.19],[146.956,-41.18],[146.948,-41.176],[146.946,-41.176],[146.94,-41.173],[146.937,-41.171],[146.934,-41.169],[146.933,-41.167],[146.93,-41.166],[146.929,-41.165],[146.926,-41.163],[146.923,-41.162],[146.926,-41.161],[146.922,-41.16],[146.919,-41.158],[146.916,-41.156],[146.915,-41.154],[146.908,-41.148],[146.914,-41.146],[146.911,-41.144],[146.905,-41.143],[146.903,-41.144],[146.9,-41.142],[146.902,-41.14],[146.901,-41.139],[146.9,-41.138],[146.896,-41.139],[146.891,-41.136],[146.886,-41.133],[146.878,-41.131],[146.87,-41.133],[146.862,-41.137],[146.856,-41.139],[146.848,-41.139],[146.843,-41.139],[146.839,-41.137],[146.835,-41.137],[146.828,-41.136],[146.833,-41.135],[146.832,-41.129],[146.834,-41.125],[146.83,-41.127],[146.826,-41.131],[146.822,-41.127],[146.818,-41.124],[146.82,-41.121],[146.821,-41.122],[146.824,-41.12],[146.824,-41.117],[146.823,-41.112],[146.822,-41.112],[146.827,-41.108],[146.822,-41.109],[146.817,-41.11],[146.815,-41.106],[146.815,-41.103],[146.814,-41.1],[146.815,-41.096],[146.813,-41.09],[146.811,-41.087],[146.811,-41.084],[146.809,-41.082],[146.806,-41.079],[146.805,-41.077],[146.804,-41.073],[146.802,-41.069],[146.8,-41.068],[146.795,-41.065],[146.793,-41.065],[146.789,-41.061],[146.787,-41.055],[146.792,-41.056],[146.797,-41.061],[146.802,-41.063],[146.815,-41.058],[146.83,-41.043],[146.851,-41.035],[146.873,-41.022],[146.886,-41.024],[146.904,-41.027],[146.913,-41.029],[146.927,-41.029],[146.943,-41.025],[146.953,-41.025],[146.948,-41.025],[146.963,-41.014],[146.986,-40.998],[147.002,-40.984],[147.017,-40.981],[147.031,-40.989],[147.053,-40.986],[147.068,-40.995],[147.078,-40.999],[147.088,-40.995],[147.093,-40.995],[147.111,-40.995],[147.124,-41.003],[147.143,-41.01],[147.154,-41.013],[147.157,-41.016],[147.149,-41.021],[147.146,-41.03],[147.145,-41.033],[147.152,-41.023],[147.156,-41.025],[147.16,-41.029],[147.157,-41.021],[147.157,-41.02],[147.161,-41.009],[147.175,-41.009],[147.194,-40.999],[147.202,-41.004],[147.2,-41.006],[147.2,-41.001],[147.222,-40.99],[147.233,-40.98],[147.248,-40.962],[147.257,-40.952],[147.267,-40.948],[147.279,-40.942],[147.283,-40.951],[147.324,-40.953],[147.347,-40.941],[147.35,-40.947],[147.354,-40.956],[147.355,-40.965],[147.359,-40.972],[147.357,-40.977],[147.355,-40.982],[147.356,-40.98],[147.375,-40.978],[147.386,-40.981],[147.389,-40.984],[147.392,-40.986],[147.391,-40.989],[147.39,-40.993],[147.391,-40.995],[147.393,-40.999],[147.396,-41.005],[147.399,-41.009],[147.407,-41.012],[147.412,-41.014],[147.419,-41.013],[147.431,-41.012],[147.434,-41.011],[147.426,-41.013],[147.412,-41.01],[147.405,-41.01],[147.401,-41.004],[147.434,-41.004],[147.465,-40.992],[147.49,-40.98],[147.507,-40.968],[147.526,-40.95],[147.549,-40.925],[147.562,-40.906],[147.576,-40.893],[147.581,-40.892],[147.587,-40.875],[147.587,-40.868],[147.584,-40.867],[147.584,-40.864],[147.586,-40.863],[147.593,-40.864],[147.595,-40.861],[147.595,-40.859],[147.599,-40.856],[147.599,-40.853],[147.595,-40.85],[147.6,-40.848],[147.62,-40.846],[147.635,-40.841],[147.644,-40.837],[147.655,-40.83],[147.668,-40.822],[147.669,-40.826],[147.683,-40.835],[147.688,-40.841],[147.693,-40.848],[147.7,-40.855],[147.714,-40.862],[147.74,-40.857],[147.757,-40.858],[147.757,-40.864],[147.751,-40.872],[147.752,-40.868],[147.767,-40.87],[147.774,-40.875],[147.8,-40.884],[147.817,-40.885],[147.834,-40.887],[147.882,-40.868],[147.879,-40.871],[147.876,-40.879],[147.885,-40.881],[147.906,-40.873],[147.91,-40.871],[147.911,-40.868],[147.903,-40.877],[147.885,-40.876],[147.887,-40.864],[147.912,-40.841],[147.933,-40.815],[147.946,-40.792],[147.946,-40.788],[147.944,-40.783],[147.946,-40.78],[147.944,-40.776],[147.957,-40.768],[147.956,-40.761],[147.959,-40.755],[147.949,-40.752],[147.943,-40.753],[147.94,-40.748],[147.94,-40.744],[147.94,-40.74],[147.944,-40.742],[147.948,-40.745],[147.961,-40.746],[147.974,-40.738],[147.982,-40.742]]],[[[148.12,-40.727],[148.126,-40.728],[148.127,-40.731],[148.127,-40.734],[148.125,-40.735],[148.122,-40.735],[148.118,-40.737],[148.117,-40.74],[148.114,-40.74],[148.111,-40.742],[148.108,-40.743],[148.102,-40.739],[148.094,-40.745],[148.091,-40.741],[148.093,-40.737],[148.1,-40.733],[148.114,-40.731],[148.117,-40.729],[148.12,-40.727]]],[[[148.11,-40.547],[148.109,-40.55],[148.109,-40.547],[148.11,-40.547]]],[[[148.312,-40.497],[148.315,-40.51],[148.315,-40.518],[148.311,-40.522],[148.306,-40.517],[148.303,-40.505],[148.312,-40.497]]],[[[148.337,-40.495],[148.344,-40.499],[148.347,-40.504],[148.35,-40.517],[148.346,-40.521],[148.34,-40.515],[148.337,-40.505],[148.328,-40.499],[148.337,-40.495]]],[[[148.073,-40.491],[148.075,-40.496],[148.072,-40.494],[148.073,-40.491]]],[[[148.247,-40.48],[148.248,-40.489],[148.244,-40.498],[148.233,-40.505],[148.233,-40.514],[148.231,-40.521],[148.23,-40.528],[148.235,-40.533],[148.231,-40.538],[148.226,-40.544],[148.22,-40.547],[148.213,-40.552],[148.203,-40.561],[148.195,-40.57],[148.193,-40.581],[148.2,-40.584],[148.198,-40.59],[148.194,-40.587],[148.184,-40.59],[148.18,-40.594],[148.176,-40.591],[148.172,-40.587],[148.169,-40.583],[148.166,-40.581],[148.163,-40.579],[148.158,-40.574],[148.155,-40.571],[148.152,-40.569],[148.149,-40.565],[148.146,-40.567],[148.143,-40.567],[148.139,-40.568],[148.135,-40.565],[148.129,-40.57],[148.125,-40.571],[148.123,-40.568],[148.118,-40.565],[148.114,-40.564],[148.116,-40.56],[148.115,-40.557],[148.117,-40.554],[148.118,-40.551],[148.119,-40.548],[148.115,-40.545],[148.119,-40.544],[148.121,-40.538],[148.115,-40.535],[148.109,-40.535],[148.106,-40.537],[148.101,-40.536],[148.099,-40.536],[148.096,-40.532],[148.097,-40.529],[148.101,-40.526],[148.103,-40.522],[148.107,-40.519],[148.111,-40.517],[148.115,-40.515],[148.115,-40.51],[148.119,-40.51],[148.125,-40.511],[148.128,-40.507],[148.13,-40.503],[148.138,-40.501],[148.143,-40.501],[148.15,-40.5],[148.159,-40.5],[148.167,-40.499],[148.174,-40.497],[148.179,-40.493],[148.184,-40.491],[148.19,-40.489],[148.199,-40.493],[148.205,-40.499],[148.215,-40.503],[148.223,-40.491],[148.227,-40.486],[148.234,-40.483],[148.241,-40.48],[148.247,-40.48]]],[[[148.059,-40.468],[148.067,-40.473],[148.07,-40.478],[148.081,-40.487],[148.074,-40.488],[148.074,-40.483],[148.067,-40.48],[148.062,-40.481],[148.054,-40.477],[148.048,-40.475],[148.051,-40.471],[148.059,-40.468]]],[[[148.024,-40.35],[148.012,-40.363],[147.996,-40.368],[147.981,-40.367],[147.991,-40.363],[148.002,-40.354],[148.018,-40.352],[148.024,-40.35]]],[[[148.112,-40.295],[148.112,-40.308],[148.103,-40.311],[148.101,-40.305],[148.109,-40.298],[148.112,-40.295]]],[[[147.798,-40.294],[147.8,-40.303],[147.802,-40.314],[147.793,-40.304],[147.792,-40.295],[147.798,-40.294]]],[[[147.904,-40.292],[147.908,-40.303],[147.893,-40.321],[147.87,-40.324],[147.847,-40.323],[147.856,-40.309],[147.839,-40.304],[147.839,-40.294],[147.855,-40.298],[147.885,-40.303],[147.902,-40.292],[147.904,-40.292]]],[[[148.342,-40.303],[148.364,-40.328],[148.38,-40.347],[148.389,-40.351],[148.411,-40.373],[148.407,-40.374],[148.41,-40.377],[148.417,-40.373],[148.43,-40.373],[148.44,-40.378],[148.449,-40.375],[148.452,-40.38],[148.448,-40.39],[148.448,-40.4],[148.451,-40.408],[148.458,-40.409],[148.458,-40.414],[148.458,-40.418],[148.466,-40.428],[148.475,-40.43],[148.482,-40.435],[148.477,-40.439],[148.474,-40.443],[148.47,-40.44],[148.465,-40.441],[148.459,-40.439],[148.455,-40.438],[148.442,-40.438],[148.437,-40.443],[148.431,-40.449],[148.435,-40.452],[148.435,-40.456],[148.434,-40.459],[148.432,-40.463],[148.429,-40.466],[148.426,-40.465],[148.416,-40.461],[148.405,-40.469],[148.402,-40.476],[148.401,-40.482],[148.399,-40.484],[148.398,-40.488],[148.395,-40.488],[148.39,-40.488],[148.388,-40.483],[148.385,-40.48],[148.382,-40.48],[148.379,-40.477],[148.364,-40.482],[148.351,-40.491],[148.348,-40.492],[148.343,-40.49],[148.34,-40.486],[148.337,-40.483],[148.337,-40.477],[148.337,-40.469],[148.333,-40.462],[148.33,-40.456],[148.327,-40.449],[148.321,-40.442],[148.315,-40.431],[148.309,-40.428],[148.3,-40.431],[148.291,-40.434],[148.283,-40.428],[148.275,-40.43],[148.274,-40.431],[148.272,-40.437],[148.267,-40.441],[148.26,-40.445],[148.253,-40.452],[148.246,-40.456],[148.24,-40.459],[148.234,-40.462],[148.226,-40.466],[148.22,-40.464],[148.216,-40.46],[148.215,-40.454],[148.209,-40.447],[148.204,-40.441],[148.196,-40.436],[148.191,-40.438],[148.183,-40.444],[148.176,-40.446],[148.168,-40.448],[148.163,-40.45],[148.152,-40.45],[148.144,-40.448],[148.148,-40.451],[148.15,-40.455],[148.146,-40.458],[148.14,-40.46],[148.143,-40.456],[148.14,-40.447],[148.129,-40.44],[148.119,-40.443],[148.113,-40.448],[148.103,-40.449],[148.092,-40.45],[148.087,-40.456],[148.082,-40.455],[148.076,-40.454],[148.07,-40.453],[148.064,-40.452],[148.061,-40.453],[148.057,-40.449],[148.052,-40.45],[148.049,-40.449],[148.046,-40.446],[148.043,-40.444],[148.04,-40.441],[148.043,-40.439],[148.044,-40.433],[148.032,-40.431],[148.024,-40.43],[148.026,-40.427],[148.032,-40.425],[148.025,-40.418],[148.016,-40.414],[148.008,-40.416],[148.0,-40.42],[147.993,-40.423],[147.989,-40.421],[147.987,-40.416],[147.989,-40.41],[147.989,-40.405],[147.986,-40.403],[147.989,-40.4],[147.99,-40.393],[147.986,-40.39],[147.988,-40.387],[147.992,-40.384],[147.995,-40.382],[147.997,-40.379],[148.001,-40.377],[148.005,-40.377],[148.012,-40.374],[148.022,-40.368],[148.032,-40.362],[148.044,-40.358],[148.053,-40.356],[148.064,-40.356],[148.068,-40.351],[148.076,-40.348],[148.078,-40.342],[148.086,-40.345],[148.101,-40.342],[148.107,-40.343],[148.12,-40.341],[148.132,-40.34],[148.143,-40.337],[148.148,-40.344],[148.16,-40.343],[148.166,-40.348],[148.185,-40.346],[148.191,-40.356],[148.208,-40.339],[148.21,-40.32],[148.222,-40.322],[148.227,-40.33],[148.242,-40.327],[148.25,-40.333],[148.263,-40.336],[148.267,-40.337],[148.28,-40.322],[148.292,-40.319],[148.305,-40.318],[148.315,-40.311],[148.328,-40.302],[148.332,-40.292],[148.342,-40.303]]],[[[148.154,-40.29],[148.163,-40.295],[148.148,-40.297],[148.134,-40.301],[148.137,-40.295],[148.148,-40.293],[148.154,-40.29]]],[[[147.934,-40.259],[147.929,-40.281],[147.918,-40.279],[147.918,-40.274],[147.925,-40.263],[147.934,-40.259]]],[[[148.305,-40.262],[148.315,-40.287],[148.297,-40.291],[148.282,-40.288],[148.282,-40.28],[148.288,-40.27],[148.295,-40.259],[148.305,-40.262]]],[[[148.207,-40.248],[148.211,-40.256],[148.202,-40.253],[148.207,-40.248]]],[[[148.232,-40.24],[148.247,-40.242],[148.263,-40.246],[148.266,-40.256],[148.253,-40.256],[148.241,-40.249],[148.234,-40.251],[148.229,-40.24],[148.232,-40.24]]],[[[148.257,-40.222],[148.262,-40.229],[148.249,-40.228],[148.247,-40.222],[148.257,-40.222]]],[[[147.907,-40.178],[147.908,-40.185],[147.895,-40.19],[147.895,-40.183],[147.906,-40.178],[147.907,-40.178]]],[[[147.976,-40.175],[147.986,-40.187],[147.976,-40.184],[147.976,-40.175]]],[[[147.891,-40.094],[147.887,-40.106],[147.888,-40.097],[147.891,-40.094]]],[[[147.775,-40.023],[147.787,-40.042],[147.768,-40.057],[147.759,-40.078],[147.746,-40.097],[147.727,-40.091],[147.744,-40.081],[147.749,-40.075],[147.749,-40.065],[147.756,-40.055],[147.761,-40.046],[147.765,-40.034],[147.773,-40.023],[147.775,-40.023]]],[[[148.329,-39.932],[148.339,-39.942],[148.348,-39.952],[148.339,-39.956],[148.324,-39.958],[148.324,-39.945],[148.329,-39.932]]],[[[147.779,-39.919],[147.783,-39.923],[147.777,-39.924],[147.777,-39.921],[147.779,-39.919]]],[[[147.774,-39.904],[147.779,-39.909],[147.774,-39.91],[147.77,-39.909],[147.772,-39.905],[147.774,-39.904]]],[[[147.942,-39.72],[147.95,-39.723],[147.957,-39.728],[147.964,-39.728],[147.956,-39.733],[147.961,-39.75],[147.965,-39.764],[147.967,-39.773],[147.968,-39.76],[147.974,-39.765],[147.986,-39.776],[147.988,-39.774],[147.976,-39.761],[147.968,-39.748],[147.967,-39.742],[147.963,-39.739],[147.963,-39.734],[147.962,-39.733],[147.976,-39.751],[148.022,-39.796],[148.068,-39.841],[148.119,-39.893],[148.11,-39.895],[148.128,-39.902],[148.17,-39.938],[148.181,-39.946],[148.178,-39.947],[148.175,-39.947],[148.179,-39.949],[148.2,-39.95],[148.207,-39.947],[148.241,-39.961],[148.267,-39.968],[148.287,-39.975],[148.28,-40.005],[148.283,-40.038],[148.284,-40.072],[148.269,-40.09],[148.249,-40.099],[148.243,-40.1],[148.226,-40.117],[148.232,-40.127],[148.254,-40.125],[148.259,-40.121],[148.279,-40.116],[148.281,-40.095],[148.283,-40.087],[148.288,-40.086],[148.298,-40.124],[148.312,-40.16],[148.327,-40.195],[148.312,-40.223],[148.276,-40.23],[148.273,-40.218],[148.268,-40.217],[148.263,-40.212],[148.261,-40.211],[148.255,-40.212],[148.252,-40.211],[148.248,-40.212],[148.244,-40.212],[148.241,-40.215],[148.238,-40.213],[148.238,-40.212],[148.23,-40.21],[148.224,-40.211],[148.209,-40.212],[148.199,-40.219],[148.192,-40.224],[148.192,-40.233],[148.186,-40.24],[148.186,-40.249],[148.172,-40.252],[148.161,-40.259],[148.153,-40.261],[148.147,-40.265],[148.137,-40.269],[148.124,-40.271],[148.119,-40.273],[148.112,-40.269],[148.097,-40.263],[148.092,-40.268],[148.088,-40.265],[148.083,-40.26],[148.075,-40.259],[148.066,-40.258],[148.064,-40.254],[148.059,-40.248],[148.052,-40.248],[148.045,-40.248],[148.042,-40.244],[148.043,-40.239],[148.032,-40.229],[148.028,-40.23],[148.026,-40.227],[148.025,-40.224],[148.024,-40.218],[148.025,-40.212],[148.029,-40.217],[148.04,-40.215],[148.04,-40.197],[148.016,-40.163],[148.018,-40.136],[148.016,-40.127],[148.014,-40.122],[148.009,-40.109],[148.001,-40.103],[148.0,-40.105],[147.997,-40.104],[147.994,-40.098],[147.986,-40.092],[147.971,-40.087],[147.966,-40.076],[147.956,-40.08],[147.964,-40.086],[147.955,-40.096],[147.953,-40.079],[147.947,-40.058],[147.938,-40.038],[147.93,-40.034],[147.916,-40.03],[147.905,-40.033],[147.9,-40.037],[147.895,-40.037],[147.891,-40.032],[147.87,-40.022],[147.862,-40.023],[147.858,-40.021],[147.862,-40.019],[147.865,-40.015],[147.868,-40.012],[147.87,-40.009],[147.873,-40.012],[147.885,-40.008],[147.886,-40.003],[147.886,-40.001],[147.891,-40.001],[147.897,-39.999],[147.899,-39.994],[147.903,-39.983],[147.903,-39.979],[147.904,-39.96],[147.893,-39.931],[147.879,-39.907],[147.861,-39.898],[147.851,-39.898],[147.84,-39.902],[147.834,-39.902],[147.831,-39.905],[147.823,-39.908],[147.817,-39.911],[147.811,-39.915],[147.806,-39.916],[147.802,-39.914],[147.801,-39.91],[147.789,-39.9],[147.786,-39.899],[147.78,-39.896],[147.775,-39.895],[147.771,-39.895],[147.766,-39.891],[147.757,-39.89],[147.758,-39.885],[147.754,-39.883],[147.753,-39.878],[147.748,-39.874],[147.753,-39.872],[147.759,-39.87],[147.763,-39.867],[147.77,-39.866],[147.771,-39.861],[147.774,-39.858],[147.772,-39.855],[147.773,-39.853],[147.775,-39.852],[147.777,-39.85],[147.78,-39.85],[147.782,-39.85],[147.786,-39.851],[147.792,-39.852],[147.8,-39.843],[147.802,-39.838],[147.804,-39.836],[147.807,-39.835],[147.812,-39.834],[147.819,-39.837],[147.825,-39.838],[147.827,-39.833],[147.831,-39.833],[147.844,-39.836],[147.85,-39.821],[147.847,-39.816],[147.843,-39.814],[147.842,-39.809],[147.845,-39.805],[147.85,-39.803],[147.852,-39.801],[147.857,-39.8],[147.863,-39.797],[147.862,-39.794],[147.868,-39.789],[147.869,-39.782],[147.865,-39.779],[147.866,-39.772],[147.857,-39.764],[147.851,-39.762],[147.849,-39.758],[147.847,-39.754],[147.848,-39.752],[147.851,-39.751],[147.855,-39.751],[147.858,-39.751],[147.863,-39.748],[147.869,-39.752],[147.871,-39.755],[147.875,-39.759],[147.891,-39.759],[147.898,-39.75],[147.905,-39.747],[147.91,-39.746],[147.918,-39.745],[147.923,-39.741],[147.93,-39.736],[147.934,-39.733],[147.936,-39.729],[147.939,-39.725],[147.939,-39.723],[147.942,-39.721],[147.942,-39.72]]],[[[147.901,-39.682],[147.905,-39.689],[147.93,-39.686],[147.937,-39.693],[147.945,-39.7],[147.94,-39.701],[147.933,-39.704],[147.922,-39.703],[147.917,-39.7],[147.905,-39.704],[147.893,-39.702],[147.89,-39.693],[147.89,-39.685],[147.898,-39.684],[147.901,-39.682]]],[[[147.985,-39.639],[148.0,-39.64],[147.999,-39.655],[147.975,-39.664],[147.97,-39.656],[147.977,-39.644],[147.985,-39.639]]],[[[147.127,-39.519],[147.129,-39.526],[147.126,-39.521],[147.127,-39.519]]],[[[146.653,-39.463],[146.648,-39.475],[146.639,-39.473],[146.653,-39.463]]],[[[147.341,-39.451],[147.348,-39.46],[147.361,-39.465],[147.357,-39.48],[147.352,-39.491],[147.343,-39.493],[147.331,-39.501],[147.318,-39.497],[147.316,-39.483],[147.305,-39.48],[147.311,-39.469],[147.322,-39.452],[147.333,-39.452],[147.341,-39.451]]],[[[147.302,-39.439],[147.304,-39.455],[147.294,-39.465],[147.284,-39.48],[147.267,-39.481],[147.266,-39.475],[147.27,-39.468],[147.283,-39.469],[147.293,-39.46],[147.285,-39.449],[147.276,-39.443],[147.287,-39.439],[147.3,-39.44],[147.302,-39.439]]],[[[146.389,-39.225],[146.384,-39.235],[146.388,-39.225],[146.389,-39.225]]],[[[146.986,-39.207],[146.991,-39.219],[146.988,-39.231],[146.98,-39.226],[146.983,-39.214],[146.986,-39.207]]]]}},{"type":"Feature","properties":{"state":"Tasmania","state_code":"6","region_code":611,"region":"East Coast"},"geometry":{"type":"MultiPolygon","coordinates":[[[[148.074,-42.57],[148.082,-42.578],[148.1,-42.585],[148.108,-42.584],[148.118,-42.585],[148.122,-42.588],[148.124,-42.593],[148.127,-42.598],[148.132,-42.603],[148.138,-42.608],[148.134,-42.613],[148.136,-42.617],[148.136,-42.623],[148.142,-42.627],[148.142,-42.632],[148.148,-42.637],[148.152,-42.641],[148.16,-42.643],[148.166,-42.647],[148.168,-42.65],[148.162,-42.651],[148.154,-42.653],[148.15,-42.658],[148.148,-42.661],[148.145,-42.666],[148.139,-42.665],[148.13,-42.661],[148.127,-42.666],[148.123,-42.666],[148.116,-42.667],[148.116,-42.663],[148.107,-42.661],[148.095,-42.662],[148.075,-42.686],[148.086,-42.688],[148.088,-42.698],[148.094,-42.707],[148.093,-42.713],[148.093,-42.716],[148.089,-42.721],[148.081,-42.724],[148.073,-42.721],[148.064,-42.719],[148.067,-42.724],[148.063,-42.725],[148.055,-42.725],[148.044,-42.724],[148.031,-42.735],[148.028,-42.738],[148.024,-42.741],[148.016,-42.741],[148.013,-42.736],[148.016,-42.718],[148.028,-42.706],[148.035,-42.694],[148.043,-42.683],[148.067,-42.675],[148.041,-42.661],[148.032,-42.666],[148.015,-42.663],[148.031,-42.655],[148.035,-42.636],[148.028,-42.628],[148.03,-42.622],[148.046,-42.61],[148.049,-42.598],[148.055,-42.584],[148.07,-42.57],[148.074,-42.57]]],[[[148.317,-42.36],[148.313,-42.361],[148.315,-42.359],[148.317,-42.36]]],[[[147.977,-42.323],[147.978,-42.316],[147.981,-42.32],[147.977,-42.323]]],[[[148.296,-42.292],[148.3,-42.294],[148.304,-42.296],[148.309,-42.299],[148.314,-42.302],[148.317,-42.305],[148.317,-42.309],[148.315,-42.313],[148.316,-42.317],[148.317,-42.32],[148.319,-42.323],[148.321,-42.32],[148.326,-42.321],[148.331,-42.324],[148.325,-42.326],[148.325,-42.33],[148.327,-42.334],[148.33,-42.336],[148.335,-42.34],[148.343,-42.34],[148.343,-42.341],[148.339,-42.344],[148.335,-42.342],[148.332,-42.342],[148.327,-42.343],[148.322,-42.342],[148.318,-42.343],[148.311,-42.344],[148.305,-42.343],[148.305,-42.34],[148.3,-42.337],[148.298,-42.341],[148.299,-42.338],[148.295,-42.334],[148.289,-42.332],[148.282,-42.329],[148.276,-42.325],[148.263,-42.33],[148.248,-42.327],[148.239,-42.32],[148.236,-42.312],[148.248,-42.298],[148.272,-42.297],[148.28,-42.301],[148.285,-42.3],[148.288,-42.295],[148.291,-42.293],[148.296,-42.292]]],[[[148.29,-41.856],[148.292,-41.858],[148.291,-41.859],[148.289,-41.859],[148.289,-41.857],[148.29,-41.856]]],[[[148.343,-41.345],[148.348,-41.35],[148.345,-41.353],[148.343,-41.35],[148.342,-41.345],[148.343,-41.345]]],[[[148.218,-40.846],[148.231,-40.878],[148.251,-40.889],[148.259,-40.9],[148.268,-40.905],[148.29,-40.933],[148.301,-40.952],[148.303,-40.959],[148.314,-40.969],[148.322,-40.986],[148.343,-40.989],[148.35,-40.995],[148.33,-41.001],[148.316,-41.014],[148.306,-41.025],[148.294,-41.047],[148.287,-41.047],[148.293,-41.03],[148.274,-41.036],[148.26,-41.049],[148.269,-41.051],[148.279,-41.053],[148.298,-41.065],[148.284,-41.095],[148.269,-41.126],[148.271,-41.143],[148.27,-41.15],[148.277,-41.155],[148.283,-41.164],[148.284,-41.169],[148.281,-41.177],[148.27,-41.181],[148.255,-41.189],[148.262,-41.188],[148.27,-41.182],[148.275,-41.208],[148.263,-41.203],[148.269,-41.21],[148.283,-41.209],[148.281,-41.213],[148.284,-41.222],[148.28,-41.23],[148.293,-41.236],[148.293,-41.24],[148.294,-41.242],[148.304,-41.252],[148.296,-41.249],[148.288,-41.25],[148.293,-41.253],[148.289,-41.257],[148.297,-41.255],[148.301,-41.253],[148.308,-41.25],[148.31,-41.249],[148.311,-41.247],[148.312,-41.248],[148.314,-41.249],[148.316,-41.251],[148.316,-41.255],[148.323,-41.252],[148.329,-41.249],[148.333,-41.252],[148.337,-41.253],[148.338,-41.256],[148.339,-41.258],[148.338,-41.26],[148.335,-41.262],[148.335,-41.265],[148.332,-41.269],[148.333,-41.271],[148.329,-41.276],[148.322,-41.279],[148.316,-41.282],[148.311,-41.287],[148.311,-41.297],[148.306,-41.303],[148.298,-41.305],[148.291,-41.302],[148.293,-41.296],[148.294,-41.285],[148.282,-41.277],[148.274,-41.291],[148.274,-41.312],[148.275,-41.313],[148.274,-41.315],[148.278,-41.313],[148.275,-41.315],[148.275,-41.317],[148.274,-41.318],[148.27,-41.321],[148.264,-41.322],[148.259,-41.325],[148.254,-41.324],[148.246,-41.326],[148.238,-41.321],[148.24,-41.326],[148.251,-41.33],[148.257,-41.333],[148.262,-41.34],[148.273,-41.339],[148.285,-41.33],[148.303,-41.321],[148.311,-41.308],[148.314,-41.303],[148.317,-41.3],[148.326,-41.295],[148.329,-41.288],[148.33,-41.286],[148.341,-41.281],[148.347,-41.278],[148.351,-41.276],[148.355,-41.275],[148.359,-41.277],[148.355,-41.283],[148.351,-41.287],[148.334,-41.299],[148.32,-41.326],[148.308,-41.357],[148.302,-41.364],[148.292,-41.365],[148.293,-41.367],[148.28,-41.372],[148.284,-41.379],[148.293,-41.37],[148.289,-41.4],[148.276,-41.432],[148.274,-41.438],[148.271,-41.445],[148.268,-41.455],[148.266,-41.458],[148.267,-41.454],[148.265,-41.455],[148.263,-41.46],[148.257,-41.459],[148.247,-41.457],[148.24,-41.458],[148.243,-41.467],[148.233,-41.442],[148.226,-41.434],[148.225,-41.435],[148.229,-41.444],[148.215,-41.446],[148.205,-41.444],[148.205,-41.441],[148.211,-41.447],[148.217,-41.45],[148.228,-41.445],[148.234,-41.462],[148.247,-41.465],[148.248,-41.458],[148.255,-41.459],[148.261,-41.461],[148.267,-41.463],[148.266,-41.48],[148.271,-41.502],[148.263,-41.49],[148.264,-41.483],[148.262,-41.489],[148.256,-41.485],[148.257,-41.481],[148.254,-41.478],[148.254,-41.482],[148.25,-41.485],[148.25,-41.486],[148.255,-41.486],[148.259,-41.489],[148.264,-41.5],[148.264,-41.502],[148.27,-41.504],[148.267,-41.506],[148.275,-41.503],[148.275,-41.506],[148.275,-41.508],[148.276,-41.513],[148.282,-41.52],[148.283,-41.537],[148.284,-41.546],[148.29,-41.558],[148.301,-41.56],[148.313,-41.571],[148.316,-41.575],[148.315,-41.58],[148.317,-41.588],[148.318,-41.595],[148.319,-41.601],[148.319,-41.609],[148.319,-41.615],[148.32,-41.622],[148.315,-41.626],[148.314,-41.632],[148.313,-41.636],[148.306,-41.641],[148.291,-41.667],[148.295,-41.693],[148.292,-41.696],[148.285,-41.724],[148.294,-41.739],[148.3,-41.74],[148.302,-41.741],[148.304,-41.743],[148.304,-41.746],[148.304,-41.748],[148.303,-41.751],[148.3,-41.752],[148.286,-41.756],[148.269,-41.787],[148.267,-41.83],[148.275,-41.852],[148.277,-41.854],[148.279,-41.856],[148.28,-41.857],[148.282,-41.858],[148.283,-41.859],[148.285,-41.86],[148.29,-41.867],[148.291,-41.867],[148.292,-41.868],[148.294,-41.868],[148.296,-41.87],[148.297,-41.871],[148.298,-41.871],[148.301,-41.872],[148.304,-41.87],[148.306,-41.87],[148.309,-41.871],[148.311,-41.874],[148.309,-41.877],[148.309,-41.88],[148.306,-41.882],[148.305,-41.885],[148.307,-41.888],[148.305,-41.893],[148.308,-41.894],[148.309,-41.896],[148.309,-41.898],[148.312,-41.901],[148.314,-41.904],[148.319,-41.908],[148.321,-41.912],[148.322,-41.916],[148.322,-41.92],[148.32,-41.925],[148.316,-41.927],[148.31,-41.931],[148.302,-41.94],[148.303,-41.947],[148.308,-41.957],[148.306,-41.963],[148.293,-41.974],[148.29,-41.988],[148.288,-41.99],[148.284,-42.01],[148.287,-42.045],[148.301,-42.058],[148.307,-42.057],[148.311,-42.061],[148.313,-42.064],[148.312,-42.066],[148.314,-42.07],[148.316,-42.072],[148.317,-42.075],[148.317,-42.077],[148.319,-42.079],[148.323,-42.081],[148.325,-42.083],[148.324,-42.087],[148.324,-42.092],[148.326,-42.096],[148.328,-42.1],[148.332,-42.103],[148.338,-42.103],[148.341,-42.105],[148.342,-42.107],[148.34,-42.111],[148.344,-42.116],[148.338,-42.125],[148.335,-42.129],[148.337,-42.131],[148.337,-42.133],[148.332,-42.132],[148.329,-42.131],[148.325,-42.132],[148.323,-42.132],[148.32,-42.135],[148.32,-42.137],[148.323,-42.144],[148.321,-42.15],[148.318,-42.155],[148.312,-42.161],[148.299,-42.163],[148.31,-42.175],[148.314,-42.17],[148.319,-42.171],[148.323,-42.172],[148.327,-42.174],[148.333,-42.176],[148.335,-42.177],[148.339,-42.18],[148.343,-42.181],[148.348,-42.181],[148.353,-42.18],[148.356,-42.181],[148.353,-42.183],[148.351,-42.186],[148.354,-42.19],[148.355,-42.195],[148.353,-42.2],[148.35,-42.205],[148.345,-42.21],[148.343,-42.212],[148.343,-42.218],[148.345,-42.221],[148.342,-42.227],[148.333,-42.228],[148.331,-42.23],[148.328,-42.233],[148.325,-42.237],[148.322,-42.242],[148.321,-42.245],[148.323,-42.249],[148.322,-42.254],[148.319,-42.257],[148.32,-42.26],[148.319,-42.263],[148.318,-42.265],[148.315,-42.267],[148.31,-42.266],[148.308,-42.268],[148.309,-42.273],[148.314,-42.275],[148.313,-42.277],[148.309,-42.278],[148.306,-42.28],[148.303,-42.282],[148.296,-42.283],[148.292,-42.281],[148.293,-42.276],[148.291,-42.267],[148.279,-42.254],[148.272,-42.256],[148.266,-42.254],[148.258,-42.251],[148.254,-42.248],[148.251,-42.242],[148.252,-42.238],[148.252,-42.233],[148.259,-42.228],[148.266,-42.228],[148.272,-42.218],[148.274,-42.215],[148.277,-42.21],[148.279,-42.207],[148.288,-42.201],[148.291,-42.195],[148.285,-42.181],[148.269,-42.169],[148.262,-42.168],[148.261,-42.165],[148.263,-42.16],[148.269,-42.152],[148.275,-42.147],[148.286,-42.145],[148.29,-42.143],[148.298,-42.14],[148.298,-42.136],[148.298,-42.127],[148.291,-42.127],[148.286,-42.127],[148.282,-42.123],[148.268,-42.113],[148.267,-42.112],[148.258,-42.113],[148.249,-42.117],[148.244,-42.107],[148.238,-42.102],[148.241,-42.091],[148.213,-42.079],[148.213,-42.071],[148.223,-42.076],[148.225,-42.072],[148.209,-42.068],[148.196,-42.068],[148.188,-42.078],[148.175,-42.078],[148.158,-42.075],[148.157,-42.069],[148.166,-42.057],[148.173,-42.052],[148.175,-42.043],[148.187,-42.039],[148.198,-42.038],[148.206,-42.039],[148.208,-42.039],[148.215,-42.034],[148.218,-42.031],[148.218,-42.028],[148.221,-42.023],[148.226,-42.023],[148.228,-42.02],[148.229,-42.016],[148.231,-42.013],[148.241,-42.005],[148.245,-41.997],[148.242,-41.987],[148.227,-41.987],[148.219,-41.989],[148.215,-41.986],[148.214,-41.988],[148.215,-41.989],[148.214,-41.992],[148.217,-42.001],[148.216,-42.003],[148.208,-42.013],[148.199,-42.019],[148.187,-42.018],[148.186,-42.013],[148.184,-42.011],[148.174,-42.009],[148.171,-42.006],[148.171,-42.002],[148.169,-41.997],[148.163,-41.998],[148.157,-42.004],[148.154,-42.01],[148.145,-42.016],[148.144,-42.024],[148.146,-42.027],[148.145,-42.035],[148.141,-42.042],[148.137,-42.046],[148.141,-42.046],[148.141,-42.05],[148.149,-42.048],[148.148,-42.039],[148.148,-42.034],[148.163,-42.044],[148.162,-42.05],[148.154,-42.061],[148.139,-42.063],[148.138,-42.061],[148.135,-42.063],[148.126,-42.064],[148.119,-42.07],[148.121,-42.071],[148.126,-42.071],[148.123,-42.075],[148.088,-42.077],[148.076,-42.072],[148.077,-42.056],[148.077,-42.057],[148.074,-42.065],[148.064,-42.068],[148.071,-42.066],[148.079,-42.073],[148.098,-42.083],[148.127,-42.077],[148.124,-42.08],[148.133,-42.08],[148.14,-42.077],[148.149,-42.075],[148.156,-42.078],[148.186,-42.082],[148.235,-42.094],[148.23,-42.099],[148.135,-42.092],[148.075,-42.11],[148.063,-42.114],[148.055,-42.115],[148.053,-42.119],[148.061,-42.114],[148.071,-42.112],[148.074,-42.117],[148.076,-42.123],[148.085,-42.125],[148.084,-42.127],[148.079,-42.13],[148.078,-42.134],[148.078,-42.137],[148.081,-42.144],[148.071,-42.154],[148.08,-42.157],[148.084,-42.167],[148.081,-42.169],[148.072,-42.175],[148.069,-42.182],[148.069,-42.188],[148.066,-42.192],[148.061,-42.196],[148.044,-42.207],[148.041,-42.212],[148.035,-42.216],[148.031,-42.221],[148.026,-42.226],[148.021,-42.232],[148.012,-42.246],[148.023,-42.254],[148.028,-42.26],[148.022,-42.262],[148.019,-42.271],[148.013,-42.275],[148.016,-42.285],[148.006,-42.294],[148.0,-42.305],[147.992,-42.31],[147.98,-42.309],[147.977,-42.315],[147.972,-42.32],[147.971,-42.325],[147.971,-42.333],[147.954,-42.333],[147.948,-42.336],[147.949,-42.339],[147.942,-42.341],[147.938,-42.335],[147.938,-42.336],[147.941,-42.341],[147.94,-42.342],[147.937,-42.339],[147.932,-42.343],[147.931,-42.347],[147.936,-42.349],[147.942,-42.346],[147.942,-42.348],[147.946,-42.348],[147.946,-42.347],[147.95,-42.346],[147.954,-42.344],[147.956,-42.346],[147.957,-42.352],[147.961,-42.356],[147.963,-42.355],[147.96,-42.35],[147.96,-42.344],[147.963,-42.339],[147.967,-42.34],[147.972,-42.339],[147.981,-42.337],[147.981,-42.335],[147.979,-42.331],[147.981,-42.327],[147.984,-42.325],[147.988,-42.324],[147.989,-42.322],[147.991,-42.317],[147.995,-42.312],[148.006,-42.315],[148.014,-42.315],[148.018,-42.315],[148.017,-42.318],[148.016,-42.324],[148.016,-42.327],[148.017,-42.329],[148.019,-42.336],[148.022,-42.341],[148.024,-42.344],[148.022,-42.347],[148.026,-42.349],[148.022,-42.352],[148.017,-42.355],[148.013,-42.359],[148.008,-42.367],[148.009,-42.373],[148.003,-42.377],[147.981,-42.405],[147.984,-42.41],[147.985,-42.415],[147.99,-42.416],[147.994,-42.421],[147.994,-42.426],[147.998,-42.434],[147.994,-42.437],[147.982,-42.438],[147.979,-42.442],[147.984,-42.44],[147.994,-42.438],[148.01,-42.44],[148.01,-42.448],[148.01,-42.453],[148.008,-42.459],[148.006,-42.463],[148.001,-42.468],[147.998,-42.475],[147.99,-42.489],[147.99,-42.501],[147.995,-42.494],[147.997,-42.501],[148.003,-42.505],[148.006,-42.507],[148.011,-42.51],[148.008,-42.512],[148.003,-42.516],[148.0,-42.517],[147.997,-42.519],[147.997,-42.523],[147.996,-42.525],[147.99,-42.525],[147.985,-42.521],[147.975,-42.517],[147.967,-42.523],[147.968,-42.529],[147.965,-42.53],[147.958,-42.532],[147.958,-42.535],[147.957,-42.537],[147.956,-42.539],[147.957,-42.542],[147.955,-42.545],[147.956,-42.548],[147.955,-42.55],[147.954,-42.551],[147.95,-42.553],[147.942,-42.548],[147.934,-42.55],[147.931,-42.545],[147.926,-42.537],[147.93,-42.531],[147.923,-42.525],[147.918,-42.52],[147.915,-42.515],[147.918,-42.51],[147.923,-42.505],[147.923,-42.5],[147.923,-42.497],[147.921,-42.5],[147.919,-42.503],[147.919,-42.508],[147.912,-42.511],[147.908,-42.509],[147.905,-42.507],[147.909,-42.511],[147.909,-42.514],[147.907,-42.516],[147.903,-42.517],[147.899,-42.521],[147.899,-42.524],[147.901,-42.525],[147.908,-42.529],[147.915,-42.534],[147.914,-42.542],[147.914,-42.548],[147.906,-42.547],[147.897,-42.546],[147.891,-42.546],[147.881,-42.552],[147.877,-42.553],[147.871,-42.557],[147.857,-42.559],[147.851,-42.559],[147.86,-42.559],[147.872,-42.559],[147.877,-42.556],[147.878,-42.559],[147.883,-42.567],[147.889,-42.567],[147.896,-42.569],[147.899,-42.566],[147.902,-42.566],[147.907,-42.569],[147.908,-42.574],[147.91,-42.578],[147.914,-42.583],[147.916,-42.586],[147.919,-42.59],[147.93,-42.593],[147.931,-42.596],[147.935,-42.602],[147.941,-42.605],[147.946,-42.61],[147.939,-42.615],[147.938,-42.62],[147.932,-42.633],[147.956,-42.651],[147.948,-42.651],[147.939,-42.647],[147.933,-42.644],[147.933,-42.648],[147.941,-42.654],[147.947,-42.654],[147.957,-42.653],[147.963,-42.669],[147.961,-42.678],[147.958,-42.683],[147.952,-42.687],[147.945,-42.692],[147.94,-42.706],[147.937,-42.709],[147.94,-42.711],[147.941,-42.707],[147.944,-42.713],[147.945,-42.725],[147.942,-42.729],[147.709,-42.694],[147.687,-42.683],[147.672,-42.674],[147.628,-42.682],[147.628,-42.676],[147.639,-42.661],[147.638,-42.655],[147.625,-42.648],[147.598,-42.565],[147.606,-42.566],[147.612,-42.569],[147.616,-42.569],[147.624,-42.571],[147.632,-42.57],[147.672,-42.518],[147.669,-42.51],[147.669,-42.502],[147.671,-42.496],[147.669,-42.487],[147.671,-42.481],[147.682,-42.476],[147.691,-42.467],[147.693,-42.459],[147.699,-42.454],[147.708,-42.455],[147.722,-42.449],[147.783,-42.346],[147.803,-42.349],[147.814,-42.35],[147.834,-42.343],[147.841,-42.343],[147.857,-42.328],[147.833,-42.328],[147.824,-42.322],[147.811,-42.317],[148.14,-41.807],[148.135,-41.773],[148.128,-41.749],[148.181,-41.73],[148.184,-41.719],[148.184,-41.714],[148.177,-41.709],[148.101,-41.653],[148.049,-41.709],[147.956,-41.734],[147.951,-41.746],[147.935,-41.757],[147.914,-41.758],[147.898,-41.755],[147.843,-41.765],[147.79,-41.719],[147.787,-41.697],[147.779,-41.688],[147.779,-41.677],[147.769,-41.671],[147.761,-41.666],[147.759,-41.658],[147.761,-41.653],[147.763,-41.646],[147.693,-41.484],[147.686,-41.471],[147.672,-41.461],[147.651,-41.443],[147.648,-41.425],[147.646,-41.399],[147.643,-41.378],[147.624,-41.362],[147.642,-41.348],[147.664,-41.349],[147.685,-41.35],[147.704,-41.352],[147.721,-41.349],[147.752,-41.338],[147.842,-41.333],[148.116,-41.081],[148.097,-41.041],[148.101,-41.031],[148.123,-41.021],[148.168,-40.889],[148.204,-40.843],[148.218,-40.846]]]]}},{"type":"Feature","properties":{"state":"Tasmania","state_code":"6","region_code":613,"region":"North West"},"geometry":{"type":"MultiPolygon","coordinates":[[[[146.397,-41.227],[146.4,-41.232],[146.398,-41.23],[146.396,-41.227],[146.397,-41.227]]],[[[146.391,-41.226],[146.393,-41.226],[146.39,-41.227],[146.391,-41.226]]],[[[146.379,-41.225],[146.377,-41.226],[146.375,-41.227],[146.376,-41.225],[146.379,-41.222],[146.379,-41.225]]],[[[146.564,-41.174],[146.569,-41.175],[146.566,-41.175],[146.564,-41.175],[146.564,-41.174]]],[[[146.573,-41.168],[146.572,-41.172],[146.571,-41.169],[146.573,-41.168]]],[[[146.125,-41.158],[146.126,-41.158],[146.128,-41.159],[146.125,-41.158]]],[[[146.555,-41.15],[146.556,-41.151],[146.554,-41.15],[146.555,-41.15]]],[[[146.139,-41.135],[146.139,-41.136],[146.138,-41.135],[146.139,-41.135]]],[[[145.068,-40.771],[145.083,-40.781],[145.103,-40.792],[145.076,-40.794],[145.062,-40.786],[145.045,-40.782],[145.041,-40.772],[145.042,-40.763],[145.044,-40.752],[145.054,-40.757],[145.064,-40.768],[145.068,-40.771]]],[[[144.924,-40.748],[144.925,-40.749],[144.923,-40.751],[144.911,-40.748],[144.922,-40.748],[144.924,-40.748]]],[[[144.871,-40.725],[144.875,-40.728],[144.871,-40.727],[144.871,-40.725]]],[[[144.833,-40.691],[144.837,-40.7],[144.831,-40.692],[144.833,-40.691]]],[[[144.727,-40.649],[144.737,-40.667],[144.745,-40.684],[144.739,-40.685],[144.739,-40.692],[144.745,-40.694],[144.766,-40.699],[144.767,-40.717],[144.77,-40.728],[144.769,-40.737],[144.767,-40.743],[144.77,-40.739],[144.778,-40.732],[144.779,-40.718],[144.794,-40.711],[144.808,-40.721],[144.81,-40.726],[144.812,-40.724],[144.829,-40.718],[144.84,-40.727],[144.841,-40.736],[144.838,-40.742],[144.838,-40.745],[144.842,-40.749],[144.843,-40.748],[144.841,-40.743],[144.852,-40.739],[144.863,-40.744],[144.871,-40.747],[144.886,-40.75],[144.908,-40.751],[144.919,-40.759],[144.918,-40.762],[144.92,-40.763],[144.922,-40.765],[144.926,-40.769],[144.931,-40.771],[144.931,-40.77],[144.924,-40.768],[144.928,-40.761],[144.933,-40.758],[144.944,-40.756],[144.948,-40.754],[144.964,-40.752],[144.971,-40.748],[144.977,-40.743],[144.982,-40.746],[144.985,-40.75],[144.991,-40.751],[144.999,-40.761],[144.997,-40.767],[145.001,-40.77],[145.0,-40.774],[145.006,-40.768],[145.009,-40.77],[145.016,-40.766],[145.007,-40.776],[145.011,-40.777],[145.024,-40.77],[145.018,-40.778],[145.021,-40.779],[145.022,-40.784],[145.021,-40.788],[145.028,-40.791],[145.032,-40.785],[145.036,-40.783],[145.049,-40.786],[145.051,-40.79],[145.058,-40.792],[145.062,-40.799],[145.065,-40.803],[145.065,-40.807],[145.07,-40.812],[145.068,-40.818],[145.075,-40.815],[145.077,-40.808],[145.087,-40.813],[145.089,-40.816],[145.09,-40.819],[145.087,-40.825],[145.09,-40.824],[145.094,-40.822],[145.098,-40.825],[145.101,-40.825],[145.1,-40.82],[145.096,-40.816],[145.104,-40.811],[145.108,-40.814],[145.111,-40.818],[145.114,-40.822],[145.111,-40.822],[145.113,-40.826],[145.111,-40.828],[145.114,-40.829],[145.112,-40.832],[145.118,-40.829],[145.119,-40.831],[145.121,-40.839],[145.11,-40.842],[145.102,-40.843],[145.093,-40.845],[145.091,-40.847],[145.095,-40.843],[145.105,-40.843],[145.12,-40.841],[145.125,-40.834],[145.127,-40.831],[145.129,-40.829],[145.133,-40.826],[145.132,-40.821],[145.134,-40.819],[145.139,-40.821],[145.145,-40.819],[145.154,-40.82],[145.156,-40.82],[145.161,-40.824],[145.164,-40.825],[145.164,-40.821],[145.166,-40.819],[145.164,-40.818],[145.161,-40.817],[145.156,-40.812],[145.141,-40.811],[145.137,-40.804],[145.118,-40.8],[145.111,-40.794],[145.183,-40.804],[145.241,-40.794],[145.251,-40.793],[145.24,-40.802],[145.219,-40.809],[145.221,-40.811],[145.232,-40.813],[145.244,-40.813],[145.259,-40.804],[145.267,-40.789],[145.264,-40.775],[145.269,-40.758],[145.268,-40.746],[145.26,-40.74],[145.254,-40.731],[145.252,-40.723],[145.256,-40.714],[145.263,-40.717],[145.269,-40.727],[145.283,-40.738],[145.293,-40.738],[145.297,-40.741],[145.299,-40.745],[145.296,-40.75],[145.3,-40.76],[145.307,-40.762],[145.308,-40.766],[145.306,-40.769],[145.302,-40.769],[145.301,-40.768],[145.298,-40.767],[145.298,-40.766],[145.291,-40.765],[145.283,-40.774],[145.273,-40.792],[145.27,-40.8],[145.267,-40.798],[145.268,-40.807],[145.275,-40.816],[145.284,-40.819],[145.28,-40.829],[145.286,-40.826],[145.293,-40.826],[145.29,-40.812],[145.28,-40.794],[145.293,-40.81],[145.307,-40.828],[145.309,-40.841],[145.303,-40.846],[145.289,-40.85],[145.299,-40.849],[145.311,-40.846],[145.312,-40.846],[145.316,-40.846],[145.323,-40.842],[145.349,-40.851],[145.357,-40.852],[145.361,-40.852],[145.365,-40.851],[145.369,-40.852],[145.372,-40.85],[145.374,-40.851],[145.377,-40.851],[145.381,-40.85],[145.386,-40.85],[145.392,-40.85],[145.393,-40.856],[145.395,-40.856],[145.397,-40.859],[145.395,-40.863],[145.398,-40.859],[145.399,-40.857],[145.402,-40.855],[145.404,-40.856],[145.405,-40.856],[145.408,-40.856],[145.411,-40.858],[145.412,-40.859],[145.415,-40.861],[145.418,-40.862],[145.421,-40.865],[145.438,-40.87],[145.445,-40.874],[145.443,-40.874],[145.445,-40.877],[145.445,-40.882],[145.447,-40.885],[145.442,-40.888],[145.434,-40.891],[145.433,-40.893],[145.439,-40.889],[145.447,-40.888],[145.448,-40.883],[145.447,-40.88],[145.447,-40.874],[145.47,-40.871],[145.486,-40.867],[145.49,-40.864],[145.496,-40.86],[145.502,-40.857],[145.501,-40.853],[145.505,-40.852],[145.509,-40.853],[145.511,-40.855],[145.513,-40.856],[145.516,-40.858],[145.513,-40.861],[145.512,-40.866],[145.514,-40.869],[145.517,-40.871],[145.519,-40.873],[145.521,-40.875],[145.522,-40.877],[145.523,-40.88],[145.519,-40.883],[145.525,-40.889],[145.53,-40.892],[145.537,-40.891],[145.536,-40.893],[145.541,-40.902],[145.546,-40.903],[145.545,-40.907],[145.557,-40.914],[145.566,-40.916],[145.576,-40.915],[145.584,-40.914],[145.584,-40.915],[145.587,-40.916],[145.588,-40.916],[145.588,-40.918],[145.59,-40.919],[145.591,-40.92],[145.593,-40.922],[145.595,-40.923],[145.596,-40.924],[145.601,-40.925],[145.603,-40.926],[145.606,-40.925],[145.607,-40.926],[145.612,-40.926],[145.614,-40.925],[145.618,-40.927],[145.62,-40.926],[145.621,-40.931],[145.625,-40.933],[145.631,-40.934],[145.633,-40.934],[145.635,-40.934],[145.637,-40.934],[145.643,-40.936],[145.645,-40.937],[145.651,-40.94],[145.659,-40.94],[145.663,-40.938],[145.665,-40.939],[145.669,-40.939],[145.671,-40.939],[145.675,-40.94],[145.679,-40.939],[145.682,-40.938],[145.687,-40.94],[145.69,-40.941],[145.693,-40.941],[145.697,-40.94],[145.699,-40.941],[145.703,-40.942],[145.707,-40.943],[145.711,-40.944],[145.714,-40.946],[145.718,-40.945],[145.723,-40.944],[145.727,-40.944],[145.731,-40.946],[145.732,-40.948],[145.733,-40.95],[145.733,-40.953],[145.732,-40.957],[145.727,-40.961],[145.725,-40.965],[145.726,-40.971],[145.729,-40.974],[145.73,-40.979],[145.74,-40.986],[145.729,-40.983],[145.723,-40.98],[145.717,-40.98],[145.705,-40.978],[145.701,-40.974],[145.7,-40.974],[145.704,-40.978],[145.709,-40.981],[145.718,-40.98],[145.723,-40.981],[145.728,-40.985],[145.738,-40.988],[145.749,-40.991],[145.762,-40.997],[145.777,-41.005],[145.78,-41.006],[145.782,-41.01],[145.784,-41.013],[145.785,-41.014],[145.786,-41.016],[145.791,-41.018],[145.797,-41.023],[145.802,-41.026],[145.807,-41.027],[145.809,-41.03],[145.816,-41.032],[145.827,-41.036],[145.839,-41.04],[145.838,-41.044],[145.837,-41.047],[145.831,-41.049],[145.834,-41.053],[145.837,-41.053],[145.836,-41.057],[145.837,-41.053],[145.835,-41.053],[145.83,-41.05],[145.838,-41.047],[145.839,-41.045],[145.84,-41.04],[145.846,-41.039],[145.86,-41.04],[145.871,-41.04],[145.875,-41.038],[145.877,-41.038],[145.88,-41.042],[145.883,-41.043],[145.885,-41.045],[145.89,-41.045],[145.895,-41.046],[145.901,-41.045],[145.904,-41.049],[145.911,-41.051],[145.909,-41.054],[145.914,-41.057],[145.917,-41.062],[145.924,-41.067],[145.924,-41.069],[145.922,-41.072],[145.923,-41.076],[145.923,-41.078],[145.923,-41.074],[145.925,-41.067],[145.944,-41.065],[145.955,-41.064],[145.958,-41.063],[145.961,-41.064],[145.965,-41.066],[145.968,-41.068],[145.973,-41.066],[145.974,-41.07],[145.982,-41.074],[145.984,-41.076],[145.976,-41.077],[145.973,-41.084],[145.975,-41.082],[145.982,-41.079],[145.986,-41.076],[145.989,-41.076],[145.993,-41.077],[146.0,-41.078],[146.003,-41.079],[146.005,-41.081],[146.01,-41.087],[146.017,-41.09],[146.02,-41.091],[146.025,-41.093],[146.028,-41.093],[146.035,-41.097],[146.042,-41.097],[146.045,-41.101],[146.051,-41.102],[146.059,-41.102],[146.064,-41.103],[146.066,-41.105],[146.069,-41.108],[146.07,-41.11],[146.075,-41.114],[146.081,-41.115],[146.086,-41.116],[146.092,-41.117],[146.097,-41.118],[146.11,-41.121],[146.119,-41.119],[146.123,-41.124],[146.127,-41.126],[146.127,-41.134],[146.132,-41.136],[146.137,-41.137],[146.14,-41.138],[146.147,-41.141],[146.155,-41.141],[146.161,-41.142],[146.167,-41.147],[146.166,-41.147],[146.168,-41.154],[146.163,-41.157],[146.157,-41.154],[146.153,-41.156],[146.155,-41.159],[146.151,-41.161],[146.146,-41.159],[146.143,-41.158],[146.135,-41.158],[146.135,-41.157],[146.132,-41.154],[146.129,-41.152],[146.129,-41.157],[146.13,-41.158],[146.129,-41.158],[146.127,-41.158],[146.121,-41.157],[146.124,-41.159],[146.122,-41.161],[146.123,-41.161],[146.126,-41.164],[146.131,-41.159],[146.135,-41.162],[146.14,-41.162],[146.145,-41.162],[146.144,-41.165],[146.144,-41.169],[146.146,-41.169],[146.147,-41.172],[146.15,-41.176],[146.155,-41.177],[146.15,-41.176],[146.148,-41.173],[146.148,-41.17],[146.145,-41.167],[146.145,-41.166],[146.146,-41.163],[146.15,-41.166],[146.154,-41.163],[146.158,-41.164],[146.155,-41.163],[146.158,-41.16],[146.161,-41.159],[146.163,-41.158],[146.17,-41.154],[146.169,-41.148],[146.171,-41.15],[146.182,-41.153],[146.196,-41.152],[146.201,-41.153],[146.205,-41.155],[146.218,-41.155],[146.222,-41.157],[146.235,-41.159],[146.25,-41.159],[146.25,-41.163],[146.249,-41.162],[146.249,-41.166],[146.249,-41.167],[146.247,-41.168],[146.245,-41.169],[146.248,-41.17],[146.246,-41.174],[146.246,-41.178],[146.249,-41.176],[146.249,-41.175],[146.25,-41.172],[146.251,-41.177],[146.25,-41.184],[146.252,-41.191],[146.25,-41.181],[146.253,-41.174],[146.254,-41.174],[146.253,-41.177],[146.255,-41.176],[146.254,-41.18],[146.255,-41.176],[146.252,-41.168],[146.252,-41.161],[146.253,-41.156],[146.261,-41.153],[146.27,-41.155],[146.272,-41.156],[146.278,-41.159],[146.296,-41.16],[146.308,-41.159],[146.311,-41.156],[146.313,-41.156],[146.315,-41.156],[146.319,-41.156],[146.322,-41.155],[146.326,-41.156],[146.331,-41.157],[146.332,-41.159],[146.331,-41.161],[146.33,-41.162],[146.33,-41.166],[146.327,-41.169],[146.321,-41.173],[146.322,-41.175],[146.322,-41.176],[146.321,-41.177],[146.318,-41.178],[146.317,-41.181],[146.322,-41.178],[146.323,-41.178],[146.322,-41.174],[146.327,-41.17],[146.33,-41.169],[146.332,-41.166],[146.331,-41.164],[146.336,-41.161],[146.344,-41.161],[146.35,-41.162],[146.353,-41.16],[146.356,-41.158],[146.358,-41.16],[146.359,-41.164],[146.366,-41.166],[146.364,-41.172],[146.363,-41.179],[146.365,-41.189],[146.367,-41.192],[146.365,-41.196],[146.362,-41.199],[146.357,-41.201],[146.353,-41.201],[146.349,-41.204],[146.353,-41.203],[146.356,-41.202],[146.354,-41.207],[146.352,-41.21],[146.348,-41.211],[146.35,-41.212],[146.348,-41.217],[146.351,-41.214],[146.354,-41.211],[146.36,-41.21],[146.363,-41.209],[146.365,-41.21],[146.366,-41.211],[146.367,-41.213],[146.366,-41.215],[146.365,-41.216],[146.363,-41.217],[146.366,-41.216],[146.368,-41.217],[146.365,-41.218],[146.364,-41.221],[146.362,-41.222],[146.361,-41.222],[146.364,-41.222],[146.365,-41.221],[146.367,-41.22],[146.369,-41.22],[146.37,-41.22],[146.371,-41.219],[146.372,-41.221],[146.372,-41.222],[146.373,-41.223],[146.372,-41.224],[146.371,-41.224],[146.37,-41.226],[146.369,-41.226],[146.369,-41.227],[146.368,-41.227],[146.371,-41.227],[146.373,-41.227],[146.373,-41.229],[146.374,-41.229],[146.375,-41.228],[146.378,-41.229],[146.381,-41.231],[146.383,-41.23],[146.385,-41.229],[146.383,-41.235],[146.387,-41.237],[146.389,-41.238],[146.386,-41.236],[146.385,-41.233],[146.385,-41.232],[146.386,-41.231],[146.387,-41.228],[146.389,-41.23],[146.39,-41.229],[146.392,-41.231],[146.388,-41.234],[146.391,-41.233],[146.394,-41.233],[146.393,-41.231],[146.392,-41.229],[146.392,-41.228],[146.396,-41.228],[146.397,-41.228],[146.398,-41.229],[146.397,-41.232],[146.4,-41.233],[146.4,-41.228],[146.396,-41.226],[146.386,-41.223],[146.379,-41.215],[146.375,-41.209],[146.371,-41.204],[146.366,-41.204],[146.363,-41.2],[146.365,-41.197],[146.367,-41.196],[146.369,-41.193],[146.37,-41.191],[146.366,-41.185],[146.367,-41.174],[146.37,-41.168],[146.374,-41.17],[146.383,-41.169],[146.394,-41.173],[146.404,-41.171],[146.414,-41.168],[146.45,-41.16],[146.478,-41.156],[146.485,-41.153],[146.524,-41.133],[146.529,-41.125],[146.536,-41.122],[146.544,-41.127],[146.543,-41.135],[146.544,-41.138],[146.543,-41.142],[146.544,-41.145],[146.545,-41.148],[146.544,-41.15],[146.544,-41.151],[146.541,-41.154],[146.543,-41.157],[146.548,-41.16],[146.552,-41.161],[146.557,-41.162],[146.56,-41.166],[146.559,-41.166],[146.56,-41.168],[146.559,-41.169],[146.561,-41.169],[146.56,-41.169],[146.56,-41.172],[146.556,-41.171],[146.552,-41.17],[146.55,-41.169],[146.548,-41.169],[146.545,-41.172],[146.542,-41.175],[146.541,-41.178],[146.541,-41.177],[146.545,-41.173],[146.557,-41.173],[146.566,-41.176],[146.569,-41.179],[146.57,-41.185],[146.57,-41.19],[146.564,-41.193],[146.564,-41.195],[146.563,-41.198],[146.565,-41.201],[146.568,-41.205],[146.568,-41.209],[146.571,-41.217],[146.573,-41.218],[146.573,-41.225],[146.565,-41.229],[146.564,-41.236],[146.563,-41.239],[146.567,-41.239],[146.572,-41.242],[146.566,-41.246],[146.566,-41.248],[146.57,-41.244],[146.577,-41.24],[146.576,-41.234],[146.569,-41.233],[146.579,-41.226],[146.584,-41.216],[146.583,-41.207],[146.587,-41.211],[146.59,-41.217],[146.596,-41.223],[146.595,-41.232],[146.597,-41.239],[146.596,-41.247],[146.596,-41.253],[146.604,-41.254],[146.606,-41.259],[146.596,-41.252],[146.599,-41.242],[146.599,-41.235],[146.609,-41.234],[146.602,-41.23],[146.602,-41.223],[146.601,-41.215],[146.607,-41.212],[146.609,-41.212],[146.603,-41.21],[146.597,-41.216],[146.591,-41.214],[146.593,-41.209],[146.59,-41.207],[146.588,-41.204],[146.578,-41.197],[146.582,-41.188],[146.582,-41.179],[146.59,-41.165],[146.603,-41.167],[146.603,-41.166],[146.595,-41.165],[146.607,-41.156],[146.603,-41.153],[146.598,-41.157],[146.588,-41.158],[146.576,-41.159],[146.566,-41.162],[146.565,-41.151],[146.564,-41.149],[146.565,-41.147],[146.601,-41.143],[146.633,-41.125],[146.637,-41.115],[146.646,-41.106],[146.647,-41.094],[146.661,-41.096],[146.704,-41.319],[146.583,-41.353],[146.589,-41.357],[146.59,-41.361],[146.498,-41.383],[146.502,-41.389],[146.488,-41.397],[146.48,-41.405],[146.472,-41.402],[146.467,-41.41],[146.468,-41.416],[146.467,-41.421],[146.462,-41.43],[146.468,-41.438],[146.464,-41.449],[146.453,-41.457],[146.453,-41.462],[146.452,-41.47],[146.456,-41.474],[146.458,-41.479],[146.458,-41.482],[146.467,-41.476],[146.479,-41.483],[146.489,-41.488],[146.496,-41.493],[146.491,-41.505],[146.477,-41.514],[146.45,-41.511],[146.417,-41.513],[146.182,-41.609],[145.849,-41.584],[145.842,-41.588],[145.833,-41.587],[145.825,-41.594],[145.809,-41.603],[145.797,-41.598],[145.789,-41.6],[145.785,-41.608],[145.782,-41.617],[145.78,-41.624],[145.771,-41.629],[145.749,-41.63],[145.741,-41.632],[145.71,-41.64],[145.687,-41.666],[145.092,-41.649],[145.082,-41.656],[145.063,-41.647],[145.07,-41.635],[145.079,-41.626],[145.075,-41.633],[145.068,-41.636],[145.056,-41.627],[145.049,-41.624],[145.038,-41.614],[145.048,-41.606],[145.049,-41.602],[145.048,-41.606],[145.038,-41.614],[145.004,-41.617],[144.991,-41.627],[144.968,-41.635],[144.954,-41.647],[144.932,-41.657],[144.925,-41.663],[144.922,-41.666],[144.92,-41.667],[144.918,-41.667],[144.919,-41.666],[144.917,-41.664],[144.916,-41.663],[144.917,-41.663],[144.915,-41.662],[144.913,-41.66],[144.91,-41.658],[144.908,-41.656],[144.908,-41.654],[144.909,-41.652],[144.905,-41.65],[144.905,-41.647],[144.905,-41.644],[144.904,-41.641],[144.901,-41.64],[144.899,-41.64],[144.898,-41.639],[144.899,-41.638],[144.9,-41.636],[144.903,-41.634],[144.902,-41.632],[144.905,-41.631],[144.905,-41.628],[144.905,-41.627],[144.905,-41.624],[144.904,-41.623],[144.902,-41.621],[144.901,-41.62],[144.901,-41.616],[144.899,-41.614],[144.899,-41.613],[144.898,-41.611],[144.897,-41.608],[144.895,-41.606],[144.894,-41.604],[144.892,-41.602],[144.892,-41.599],[144.891,-41.598],[144.891,-41.596],[144.889,-41.595],[144.889,-41.592],[144.888,-41.59],[144.885,-41.588],[144.887,-41.586],[144.885,-41.586],[144.887,-41.584],[144.884,-41.582],[144.881,-41.577],[144.877,-41.572],[144.874,-41.567],[144.871,-41.562],[144.867,-41.557],[144.864,-41.552],[144.86,-41.545],[144.854,-41.539],[144.85,-41.533],[144.845,-41.526],[144.837,-41.514],[144.838,-41.507],[144.828,-41.504],[144.823,-41.502],[144.821,-41.498],[144.819,-41.495],[144.814,-41.49],[144.812,-41.487],[144.811,-41.483],[144.808,-41.479],[144.805,-41.476],[144.804,-41.473],[144.8,-41.469],[144.798,-41.467],[144.796,-41.464],[144.793,-41.463],[144.794,-41.461],[144.794,-41.46],[144.792,-41.455],[144.788,-41.45],[144.781,-41.443],[144.764,-41.433],[144.76,-41.429],[144.759,-41.427],[144.757,-41.425],[144.755,-41.425],[144.752,-41.425],[144.749,-41.423],[144.746,-41.422],[144.746,-41.42],[144.749,-41.421],[144.75,-41.418],[144.751,-41.415],[144.754,-41.414],[144.756,-41.411],[144.758,-41.411],[144.78,-41.401],[144.785,-41.394],[144.78,-41.379],[144.782,-41.368],[144.774,-41.361],[144.769,-41.349],[144.768,-41.341],[144.761,-41.34],[144.755,-41.337],[144.751,-41.335],[144.748,-41.333],[144.745,-41.331],[144.742,-41.329],[144.741,-41.328],[144.74,-41.327],[144.739,-41.326],[144.739,-41.324],[144.739,-41.321],[144.736,-41.317],[144.74,-41.313],[144.737,-41.31],[144.737,-41.309],[144.734,-41.308],[144.734,-41.307],[144.732,-41.306],[144.728,-41.304],[144.725,-41.304],[144.725,-41.302],[144.723,-41.302],[144.721,-41.301],[144.72,-41.301],[144.719,-41.298],[144.719,-41.297],[144.718,-41.296],[144.719,-41.295],[144.72,-41.292],[144.72,-41.291],[144.72,-41.289],[144.721,-41.288],[144.721,-41.286],[144.718,-41.286],[144.716,-41.285],[144.715,-41.284],[144.713,-41.283],[144.712,-41.282],[144.713,-41.28],[144.716,-41.278],[144.711,-41.273],[144.707,-41.258],[144.704,-41.255],[144.698,-41.253],[144.696,-41.251],[144.695,-41.249],[144.689,-41.245],[144.687,-41.242],[144.687,-41.239],[144.684,-41.235],[144.687,-41.233],[144.689,-41.23],[144.686,-41.229],[144.686,-41.222],[144.691,-41.215],[144.694,-41.205],[144.693,-41.198],[144.691,-41.189],[144.689,-41.186],[144.682,-41.181],[144.682,-41.175],[144.678,-41.171],[144.677,-41.169],[144.676,-41.165],[144.674,-41.163],[144.673,-41.162],[144.674,-41.16],[144.674,-41.159],[144.676,-41.157],[144.677,-41.156],[144.68,-41.147],[144.679,-41.146],[144.682,-41.138],[144.68,-41.139],[144.67,-41.137],[144.672,-41.132],[144.67,-41.127],[144.668,-41.125],[144.668,-41.123],[144.667,-41.122],[144.665,-41.121],[144.668,-41.12],[144.672,-41.117],[144.676,-41.117],[144.674,-41.115],[144.677,-41.103],[144.676,-41.09],[144.676,-41.08],[144.671,-41.077],[144.666,-41.067],[144.662,-41.063],[144.66,-41.06],[144.659,-41.057],[144.661,-41.057],[144.663,-41.056],[144.664,-41.054],[144.666,-41.052],[144.669,-41.05],[144.671,-41.049],[144.676,-41.051],[144.68,-41.051],[144.68,-41.042],[144.686,-41.041],[144.701,-41.047],[144.715,-41.051],[144.729,-41.054],[144.747,-41.057],[144.76,-41.064],[144.767,-41.069],[144.767,-41.073],[144.776,-41.081],[144.779,-41.082],[144.78,-41.078],[144.771,-41.076],[144.779,-41.071],[144.782,-41.067],[144.789,-41.069],[144.791,-41.062],[144.796,-41.055],[144.798,-41.066],[144.794,-41.079],[144.791,-41.087],[144.796,-41.088],[144.791,-41.086],[144.796,-41.074],[144.8,-41.062],[144.794,-41.054],[144.794,-41.059],[144.791,-41.065],[144.786,-41.067],[144.78,-41.068],[144.774,-41.071],[144.768,-41.071],[144.763,-41.067],[144.757,-41.062],[144.745,-41.055],[144.729,-41.052],[144.718,-41.049],[144.704,-41.048],[144.693,-41.044],[144.687,-41.04],[144.679,-41.04],[144.681,-41.047],[144.676,-41.05],[144.672,-41.048],[144.669,-41.049],[144.666,-41.051],[144.662,-41.053],[144.657,-41.052],[144.655,-41.05],[144.654,-41.048],[144.652,-41.047],[144.649,-41.046],[144.648,-41.046],[144.647,-41.046],[144.645,-41.046],[144.641,-41.046],[144.64,-41.045],[144.639,-41.045],[144.639,-41.043],[144.639,-41.042],[144.637,-41.041],[144.637,-41.04],[144.633,-41.039],[144.632,-41.037],[144.633,-41.036],[144.631,-41.032],[144.628,-41.029],[144.625,-41.026],[144.621,-41.023],[144.619,-41.022],[144.617,-41.019],[144.615,-41.015],[144.613,-41.014],[144.614,-41.012],[144.611,-41.011],[144.608,-41.01],[144.608,-41.009],[144.609,-41.007],[144.612,-41.008],[144.615,-41.009],[144.62,-41.007],[144.624,-41.006],[144.626,-41.002],[144.632,-40.99],[144.629,-40.98],[144.631,-40.976],[144.633,-40.972],[144.634,-40.967],[144.631,-40.957],[144.629,-40.954],[144.627,-40.95],[144.624,-40.95],[144.623,-40.95],[144.623,-40.945],[144.615,-40.946],[144.613,-40.944],[144.613,-40.943],[144.613,-40.94],[144.613,-40.938],[144.613,-40.937],[144.613,-40.935],[144.617,-40.934],[144.619,-40.934],[144.621,-40.933],[144.624,-40.932],[144.626,-40.932],[144.629,-40.931],[144.627,-40.929],[144.628,-40.928],[144.63,-40.926],[144.63,-40.924],[144.632,-40.924],[144.632,-40.922],[144.633,-40.92],[144.637,-40.921],[144.64,-40.919],[144.642,-40.92],[144.649,-40.92],[144.65,-40.918],[144.649,-40.917],[144.652,-40.916],[144.652,-40.915],[144.657,-40.911],[144.654,-40.907],[144.653,-40.905],[144.651,-40.903],[144.65,-40.901],[144.65,-40.9],[144.653,-40.9],[144.655,-40.902],[144.658,-40.903],[144.664,-40.906],[144.672,-40.908],[144.684,-40.907],[144.698,-40.889],[144.705,-40.873],[144.7,-40.863],[144.702,-40.861],[144.713,-40.851],[144.713,-40.838],[144.708,-40.832],[144.705,-40.829],[144.701,-40.825],[144.703,-40.819],[144.702,-40.815],[144.698,-40.812],[144.698,-40.808],[144.699,-40.806],[144.703,-40.804],[144.7,-40.801],[144.701,-40.8],[144.702,-40.798],[144.703,-40.797],[144.704,-40.797],[144.706,-40.794],[144.705,-40.793],[144.704,-40.792],[144.703,-40.79],[144.704,-40.788],[144.701,-40.787],[144.699,-40.786],[144.698,-40.784],[144.698,-40.783],[144.699,-40.782],[144.701,-40.781],[144.708,-40.774],[144.71,-40.766],[144.709,-40.758],[144.704,-40.751],[144.695,-40.753],[144.691,-40.754],[144.688,-40.749],[144.686,-40.745],[144.685,-40.742],[144.685,-40.738],[144.685,-40.733],[144.686,-40.729],[144.686,-40.725],[144.682,-40.723],[144.683,-40.72],[144.679,-40.717],[144.682,-40.711],[144.685,-40.704],[144.69,-40.7],[144.696,-40.696],[144.691,-40.685],[144.687,-40.68],[144.685,-40.676],[144.692,-40.665],[144.703,-40.66],[144.715,-40.656],[144.721,-40.645],[144.727,-40.649]]],[[[144.681,-40.627],[144.692,-40.63],[144.687,-40.639],[144.68,-40.628],[144.681,-40.627]]],[[[144.93,-40.623],[144.929,-40.631],[144.936,-40.64],[144.935,-40.647],[144.944,-40.652],[144.955,-40.653],[144.962,-40.658],[144.966,-40.659],[144.966,-40.654],[144.96,-40.642],[144.952,-40.63],[144.961,-40.638],[144.974,-40.654],[144.989,-40.668],[145.007,-40.678],[145.026,-40.685],[145.039,-40.683],[145.048,-40.682],[145.045,-40.686],[145.054,-40.702],[145.068,-40.714],[145.056,-40.717],[145.042,-40.716],[145.047,-40.715],[145.044,-40.714],[145.038,-40.708],[145.033,-40.709],[145.031,-40.706],[145.012,-40.707],[145.005,-40.713],[144.998,-40.712],[144.994,-40.71],[144.985,-40.707],[144.964,-40.713],[144.953,-40.721],[144.946,-40.729],[144.935,-40.73],[144.918,-40.729],[144.909,-40.734],[144.904,-40.74],[144.893,-40.74],[144.882,-40.735],[144.876,-40.729],[144.87,-40.725],[144.869,-40.721],[144.875,-40.713],[144.874,-40.701],[144.872,-40.693],[144.872,-40.684],[144.876,-40.674],[144.892,-40.664],[144.899,-40.659],[144.905,-40.653],[144.911,-40.648],[144.915,-40.641],[144.918,-40.63],[144.925,-40.623],[144.93,-40.623]]],[[[144.78,-40.603],[144.775,-40.608],[144.775,-40.605],[144.78,-40.603]]],[[[144.72,-40.599],[144.723,-40.608],[144.716,-40.606],[144.717,-40.602],[144.72,-40.6],[144.72,-40.599]]],[[[144.928,-40.577],[144.934,-40.583],[144.936,-40.588],[144.937,-40.591],[144.936,-40.594],[144.94,-40.607],[144.943,-40.624],[144.929,-40.618],[144.923,-40.601],[144.924,-40.589],[144.923,-40.581],[144.928,-40.577]]],[[[144.685,-40.561],[144.682,-40.564],[144.685,-40.562],[144.685,-40.561]]],[[[144.785,-40.4],[144.788,-40.401],[144.79,-40.404],[144.79,-40.408],[144.79,-40.411],[144.792,-40.414],[144.792,-40.418],[144.792,-40.421],[144.788,-40.426],[144.789,-40.432],[144.79,-40.44],[144.789,-40.449],[144.79,-40.455],[144.79,-40.461],[144.79,-40.466],[144.789,-40.475],[144.793,-40.481],[144.789,-40.49],[144.79,-40.494],[144.789,-40.505],[144.788,-40.509],[144.787,-40.514],[144.785,-40.52],[144.78,-40.526],[144.775,-40.53],[144.774,-40.54],[144.773,-40.55],[144.775,-40.574],[144.773,-40.587],[144.76,-40.603],[144.754,-40.603],[144.745,-40.597],[144.736,-40.593],[144.735,-40.588],[144.734,-40.583],[144.732,-40.58],[144.726,-40.575],[144.725,-40.569],[144.73,-40.556],[144.733,-40.551],[144.73,-40.546],[144.729,-40.542],[144.727,-40.537],[144.723,-40.533],[144.724,-40.529],[144.722,-40.526],[144.721,-40.524],[144.721,-40.516],[144.712,-40.511],[144.71,-40.506],[144.717,-40.503],[144.717,-40.498],[144.715,-40.495],[144.712,-40.49],[144.712,-40.482],[144.722,-40.48],[144.724,-40.481],[144.728,-40.486],[144.736,-40.487],[144.742,-40.487],[144.755,-40.486],[144.759,-40.481],[144.762,-40.476],[144.765,-40.472],[144.77,-40.467],[144.771,-40.46],[144.769,-40.457],[144.766,-40.453],[144.766,-40.45],[144.766,-40.447],[144.767,-40.445],[144.768,-40.441],[144.77,-40.438],[144.771,-40.433],[144.773,-40.431],[144.775,-40.427],[144.776,-40.425],[144.78,-40.422],[144.784,-40.42],[144.783,-40.416],[144.785,-40.415],[144.785,-40.412],[144.785,-40.411],[144.783,-40.408],[144.784,-40.406],[144.784,-40.405],[144.784,-40.402],[144.785,-40.4]]],[[[144.892,-40.389],[144.898,-40.392],[144.903,-40.393],[144.911,-40.395],[144.917,-40.395],[144.923,-40.394],[144.929,-40.394],[144.931,-40.394],[144.935,-40.395],[144.94,-40.397],[144.949,-40.395],[144.953,-40.392],[144.956,-40.394],[144.959,-40.399],[144.962,-40.402],[144.962,-40.404],[144.958,-40.407],[144.957,-40.411],[144.962,-40.416],[144.964,-40.42],[144.969,-40.425],[144.965,-40.428],[144.961,-40.431],[144.957,-40.436],[144.948,-40.438],[144.952,-40.455],[144.952,-40.459],[144.945,-40.458],[144.94,-40.465],[144.936,-40.467],[144.931,-40.47],[144.928,-40.472],[144.92,-40.474],[144.918,-40.476],[144.914,-40.479],[144.905,-40.482],[144.898,-40.483],[144.891,-40.482],[144.88,-40.477],[144.865,-40.47],[144.843,-40.447],[144.836,-40.445],[144.836,-40.44],[144.839,-40.438],[144.841,-40.431],[144.848,-40.432],[144.879,-40.421],[144.885,-40.41],[144.876,-40.404],[144.877,-40.4],[144.882,-40.4],[144.881,-40.396],[144.879,-40.393],[144.883,-40.391],[144.888,-40.389],[144.892,-40.388],[144.892,-40.389]]],[[[144.657,-40.373],[144.657,-40.374],[144.656,-40.375],[144.657,-40.376],[144.656,-40.378],[144.655,-40.379],[144.654,-40.38],[144.654,-40.381],[144.653,-40.381],[144.653,-40.38],[144.653,-40.379],[144.654,-40.379],[144.654,-40.378],[144.654,-40.377],[144.655,-40.377],[144.655,-40.376],[144.655,-40.375],[144.654,-40.375],[144.654,-40.374],[144.655,-40.373],[144.655,-40.372],[144.656,-40.373],[144.657,-40.373]]],[[[144.161,-39.827],[144.163,-39.83],[144.16,-39.831],[144.161,-39.827]]],[[[143.83,-39.682],[143.834,-39.692],[143.83,-39.691],[143.828,-39.688],[143.827,-39.683],[143.83,-39.682]]],[[[143.827,-39.665],[143.837,-39.667],[143.826,-39.675],[143.822,-39.677],[143.819,-39.674],[143.82,-39.671],[143.825,-39.667],[143.827,-39.665]]],[[[143.95,-39.58],[143.956,-39.585],[143.961,-39.587],[143.97,-39.589],[143.975,-39.592],[143.98,-39.596],[143.992,-39.602],[144.003,-39.597],[144.007,-39.604],[144.025,-39.615],[144.047,-39.624],[144.069,-39.644],[144.098,-39.663],[144.106,-39.703],[144.102,-39.763],[144.11,-39.794],[144.124,-39.817],[144.119,-39.846],[144.108,-39.863],[144.109,-39.91],[144.122,-39.919],[144.136,-39.925],[144.138,-39.939],[144.136,-39.944],[144.134,-39.949],[144.134,-39.953],[144.133,-39.958],[144.131,-39.963],[144.132,-39.968],[144.133,-39.973],[144.13,-39.983],[144.126,-39.988],[144.128,-39.993],[144.124,-39.998],[144.12,-40.003],[144.116,-40.007],[144.117,-40.012],[144.116,-40.016],[144.115,-40.018],[144.108,-40.023],[144.101,-40.03],[144.102,-40.034],[144.102,-40.038],[144.106,-40.043],[144.104,-40.044],[144.102,-40.046],[144.096,-40.047],[144.095,-40.051],[144.091,-40.05],[144.08,-40.049],[144.063,-40.061],[144.064,-40.068],[144.06,-40.064],[144.048,-40.072],[144.048,-40.075],[144.037,-40.084],[144.029,-40.09],[144.027,-40.095],[144.02,-40.093],[144.011,-40.094],[144.004,-40.099],[143.988,-40.099],[143.979,-40.109],[143.978,-40.114],[143.97,-40.116],[143.968,-40.112],[143.954,-40.111],[143.935,-40.125],[143.923,-40.141],[143.929,-40.146],[143.929,-40.151],[143.927,-40.156],[143.924,-40.157],[143.92,-40.151],[143.916,-40.147],[143.915,-40.143],[143.911,-40.143],[143.907,-40.141],[143.903,-40.139],[143.902,-40.133],[143.905,-40.13],[143.905,-40.122],[143.894,-40.123],[143.89,-40.122],[143.886,-40.121],[143.882,-40.121],[143.88,-40.119],[143.877,-40.118],[143.875,-40.117],[143.876,-40.114],[143.875,-40.113],[143.875,-40.112],[143.875,-40.109],[143.874,-40.108],[143.876,-40.105],[143.875,-40.103],[143.876,-40.1],[143.876,-40.098],[143.873,-40.096],[143.87,-40.095],[143.87,-40.093],[143.869,-40.091],[143.869,-40.087],[143.87,-40.085],[143.87,-40.082],[143.869,-40.078],[143.869,-40.076],[143.867,-40.074],[143.863,-40.072],[143.866,-40.069],[143.863,-40.068],[143.86,-40.066],[143.858,-40.064],[143.859,-40.062],[143.865,-40.06],[143.872,-40.064],[143.88,-40.063],[143.889,-40.052],[143.888,-40.048],[143.887,-40.045],[143.885,-40.043],[143.885,-40.035],[143.886,-40.028],[143.887,-40.021],[143.889,-40.018],[143.89,-40.013],[143.892,-40.01],[143.887,-40.005],[143.886,-40.0],[143.889,-39.996],[143.887,-39.989],[143.887,-39.984],[143.885,-39.98],[143.884,-39.975],[143.875,-39.967],[143.868,-39.962],[143.86,-39.951],[143.856,-39.948],[143.852,-39.946],[143.847,-39.942],[143.843,-39.938],[143.841,-39.938],[143.839,-39.936],[143.841,-39.935],[143.838,-39.933],[143.839,-39.932],[143.84,-39.929],[143.84,-39.928],[143.845,-39.928],[143.845,-39.926],[143.841,-39.923],[143.838,-39.923],[143.835,-39.923],[143.834,-39.922],[143.834,-39.92],[143.834,-39.919],[143.834,-39.916],[143.836,-39.913],[143.839,-39.911],[143.838,-39.908],[143.838,-39.905],[143.835,-39.903],[143.841,-39.897],[143.845,-39.892],[143.846,-39.888],[143.843,-39.885],[143.844,-39.882],[143.845,-39.877],[143.847,-39.872],[143.852,-39.868],[143.855,-39.863],[143.86,-39.857],[143.854,-39.851],[143.859,-39.849],[143.867,-39.834],[143.864,-39.825],[143.862,-39.818],[143.859,-39.812],[143.861,-39.809],[143.863,-39.804],[143.863,-39.798],[143.862,-39.794],[143.859,-39.782],[143.855,-39.772],[143.853,-39.767],[143.851,-39.761],[143.849,-39.753],[143.852,-39.746],[143.853,-39.739],[143.851,-39.734],[143.847,-39.729],[143.845,-39.723],[143.846,-39.719],[143.847,-39.712],[143.857,-39.711],[143.874,-39.701],[143.9,-39.691],[143.922,-39.67],[143.933,-39.647],[143.932,-39.628],[143.932,-39.622],[143.928,-39.615],[143.925,-39.611],[143.927,-39.606],[143.925,-39.6],[143.924,-39.595],[143.929,-39.592],[143.936,-39.593],[143.939,-39.589],[143.94,-39.585],[143.945,-39.581],[143.95,-39.58]]]]}},{"type":"Feature","properties":{"state":"Tasmania","state_code":"6","region_code":614,"region":"West Coast"},"geometry":{"type":"MultiPolygon","coordinates":[[[[145.785,-43.223],[145.786,-43.226],[145.783,-43.223],[145.785,-43.223]]],[[[145.451,-42.386],[145.446,-42.389],[145.45,-42.386],[145.451,-42.386]]],[[[145.298,-42.187],[145.297,-42.191],[145.294,-42.19],[145.295,-42.185],[145.298,-42.187]]],[[[145.853,-41.583],[146.089,-42.288],[146.098,-42.295],[146.107,-42.308],[146.104,-42.318],[146.102,-42.326],[146.099,-42.333],[146.096,-42.341],[146.098,-42.347],[146.098,-42.353],[146.098,-42.358],[146.099,-42.367],[146.104,-42.372],[146.108,-42.378],[146.111,-42.385],[146.108,-42.391],[146.103,-42.399],[146.103,-42.406],[146.113,-42.407],[146.126,-42.406],[146.131,-42.409],[146.132,-42.414],[146.133,-42.417],[146.131,-42.42],[146.133,-42.424],[146.127,-42.429],[146.124,-42.435],[146.117,-42.44],[146.113,-42.444],[146.109,-42.451],[146.101,-42.458],[146.094,-42.467],[146.085,-42.475],[146.076,-42.48],[146.087,-42.483],[146.084,-42.488],[146.071,-42.513],[146.056,-42.525],[146.032,-42.547],[146.004,-42.58],[145.996,-42.607],[145.968,-42.639],[145.924,-42.682],[145.868,-42.702],[145.948,-42.904],[145.938,-42.904],[145.936,-42.919],[145.94,-42.93],[145.952,-42.939],[145.961,-42.95],[145.97,-42.955],[145.979,-42.967],[145.994,-42.982],[145.975,-43.034],[145.98,-43.069],[145.989,-43.098],[145.949,-43.141],[145.927,-43.157],[145.921,-43.167],[145.928,-43.178],[145.924,-43.19],[145.915,-43.187],[145.911,-43.188],[145.912,-43.189],[145.913,-43.199],[145.917,-43.205],[145.915,-43.218],[145.921,-43.221],[145.924,-43.23],[145.928,-43.239],[145.926,-43.248],[145.913,-43.248],[145.9,-43.259],[145.89,-43.263],[145.885,-43.261],[145.874,-43.258],[145.87,-43.264],[145.876,-43.27],[145.872,-43.272],[145.863,-43.273],[145.865,-43.278],[145.872,-43.286],[145.888,-43.285],[145.897,-43.282],[145.899,-43.276],[145.904,-43.27],[145.907,-43.265],[145.926,-43.273],[145.922,-43.279],[145.921,-43.283],[145.92,-43.288],[145.921,-43.295],[145.926,-43.3],[145.925,-43.302],[145.921,-43.302],[145.915,-43.301],[145.91,-43.3],[145.904,-43.3],[145.901,-43.3],[145.899,-43.301],[145.897,-43.303],[145.895,-43.306],[145.896,-43.309],[145.895,-43.312],[145.895,-43.314],[145.892,-43.314],[145.888,-43.312],[145.885,-43.312],[145.878,-43.311],[145.874,-43.313],[145.874,-43.316],[145.873,-43.32],[145.871,-43.322],[145.863,-43.318],[145.856,-43.313],[145.854,-43.309],[145.85,-43.307],[145.848,-43.31],[145.847,-43.314],[145.844,-43.313],[145.841,-43.313],[145.839,-43.312],[145.84,-43.31],[145.844,-43.31],[145.844,-43.307],[145.845,-43.304],[145.85,-43.305],[145.852,-43.303],[145.852,-43.297],[145.851,-43.293],[145.846,-43.292],[145.842,-43.294],[145.838,-43.292],[145.834,-43.288],[145.831,-43.288],[145.828,-43.284],[145.826,-43.281],[145.822,-43.282],[145.819,-43.28],[145.816,-43.277],[145.817,-43.27],[145.816,-43.264],[145.818,-43.255],[145.816,-43.249],[145.806,-43.249],[145.805,-43.245],[145.808,-43.242],[145.809,-43.236],[145.807,-43.228],[145.8,-43.224],[145.802,-43.217],[145.808,-43.209],[145.801,-43.207],[145.798,-43.204],[145.796,-43.203],[145.795,-43.201],[145.79,-43.2],[145.791,-43.197],[145.793,-43.193],[145.787,-43.189],[145.776,-43.189],[145.773,-43.189],[145.769,-43.186],[145.768,-43.192],[145.765,-43.194],[145.76,-43.191],[145.758,-43.188],[145.76,-43.184],[145.76,-43.18],[145.758,-43.177],[145.756,-43.173],[145.755,-43.17],[145.758,-43.168],[145.754,-43.163],[145.75,-43.158],[145.747,-43.156],[145.745,-43.156],[145.745,-43.153],[145.744,-43.15],[145.741,-43.146],[145.74,-43.144],[145.738,-43.143],[145.736,-43.141],[145.733,-43.139],[145.73,-43.139],[145.726,-43.139],[145.725,-43.138],[145.723,-43.136],[145.722,-43.134],[145.726,-43.13],[145.726,-43.125],[145.726,-43.123],[145.731,-43.12],[145.732,-43.119],[145.721,-43.11],[145.716,-43.108],[145.713,-43.112],[145.71,-43.115],[145.707,-43.117],[145.705,-43.119],[145.701,-43.12],[145.7,-43.116],[145.697,-43.118],[145.694,-43.117],[145.692,-43.113],[145.688,-43.11],[145.688,-43.107],[145.685,-43.103],[145.681,-43.103],[145.679,-43.103],[145.677,-43.102],[145.674,-43.106],[145.673,-43.102],[145.672,-43.1],[145.668,-43.098],[145.666,-43.097],[145.665,-43.094],[145.67,-43.095],[145.677,-43.091],[145.673,-43.086],[145.67,-43.081],[145.674,-43.078],[145.675,-43.073],[145.683,-43.068],[145.685,-43.069],[145.681,-43.051],[145.674,-43.053],[145.668,-43.049],[145.662,-43.045],[145.655,-43.047],[145.648,-43.049],[145.647,-43.042],[145.641,-43.042],[145.64,-43.035],[145.639,-43.03],[145.643,-43.025],[145.636,-43.024],[145.631,-43.02],[145.625,-43.018],[145.62,-43.015],[145.614,-43.011],[145.611,-43.008],[145.609,-43.003],[145.606,-43.002],[145.606,-43.0],[145.605,-42.997],[145.607,-42.992],[145.6,-42.99],[145.6,-42.986],[145.596,-42.983],[145.593,-42.98],[145.591,-42.973],[145.579,-42.972],[145.568,-42.971],[145.56,-42.972],[145.554,-42.975],[145.55,-42.976],[145.54,-42.978],[145.532,-42.983],[145.518,-42.981],[145.509,-42.985],[145.502,-42.987],[145.5,-42.989],[145.496,-42.991],[145.495,-42.991],[145.495,-42.989],[145.497,-42.987],[145.5,-42.986],[145.5,-42.984],[145.5,-42.982],[145.5,-42.98],[145.501,-42.979],[145.503,-42.976],[145.497,-42.976],[145.497,-42.974],[145.494,-42.974],[145.496,-42.972],[145.496,-42.97],[145.495,-42.968],[145.497,-42.964],[145.497,-42.963],[145.496,-42.961],[145.497,-42.959],[145.494,-42.959],[145.492,-42.957],[145.495,-42.955],[145.496,-42.953],[145.496,-42.952],[145.5,-42.951],[145.5,-42.949],[145.498,-42.949],[145.495,-42.948],[145.493,-42.947],[145.494,-42.943],[145.494,-42.941],[145.494,-42.94],[145.491,-42.937],[145.49,-42.934],[145.489,-42.931],[145.488,-42.931],[145.484,-42.931],[145.482,-42.931],[145.483,-42.928],[145.483,-42.924],[145.482,-42.92],[145.484,-42.917],[145.486,-42.915],[145.483,-42.916],[145.476,-42.914],[145.474,-42.91],[145.471,-42.905],[145.458,-42.903],[145.455,-42.9],[145.453,-42.898],[145.453,-42.894],[145.453,-42.892],[145.45,-42.89],[145.448,-42.886],[145.446,-42.885],[145.444,-42.883],[145.443,-42.878],[145.441,-42.877],[145.44,-42.876],[145.439,-42.875],[145.437,-42.874],[145.436,-42.872],[145.437,-42.87],[145.439,-42.869],[145.441,-42.868],[145.438,-42.867],[145.438,-42.865],[145.436,-42.86],[145.435,-42.858],[145.435,-42.856],[145.436,-42.854],[145.433,-42.852],[145.43,-42.85],[145.429,-42.848],[145.429,-42.846],[145.426,-42.842],[145.426,-42.839],[145.422,-42.837],[145.422,-42.835],[145.425,-42.828],[145.424,-42.826],[145.423,-42.823],[145.421,-42.819],[145.422,-42.814],[145.422,-42.813],[145.42,-42.81],[145.419,-42.808],[145.418,-42.805],[145.418,-42.801],[145.414,-42.797],[145.411,-42.792],[145.412,-42.789],[145.409,-42.786],[145.408,-42.782],[145.409,-42.781],[145.407,-42.779],[145.405,-42.776],[145.402,-42.778],[145.4,-42.776],[145.397,-42.776],[145.393,-42.775],[145.39,-42.771],[145.385,-42.772],[145.384,-42.767],[145.383,-42.762],[145.381,-42.759],[145.381,-42.756],[145.38,-42.753],[145.381,-42.748],[145.385,-42.746],[145.387,-42.743],[145.391,-42.742],[145.388,-42.74],[145.389,-42.737],[145.391,-42.736],[145.397,-42.737],[145.393,-42.734],[145.393,-42.726],[145.394,-42.722],[145.387,-42.727],[145.383,-42.728],[145.383,-42.722],[145.381,-42.721],[145.379,-42.718],[145.378,-42.712],[145.377,-42.709],[145.377,-42.705],[145.375,-42.699],[145.373,-42.694],[145.366,-42.69],[145.367,-42.685],[145.366,-42.678],[145.365,-42.67],[145.366,-42.667],[145.366,-42.661],[145.361,-42.655],[145.341,-42.654],[145.337,-42.654],[145.334,-42.657],[145.333,-42.648],[145.331,-42.64],[145.335,-42.632],[145.324,-42.629],[145.314,-42.623],[145.293,-42.622],[145.287,-42.629],[145.285,-42.632],[145.28,-42.628],[145.274,-42.63],[145.271,-42.628],[145.269,-42.626],[145.268,-42.623],[145.265,-42.621],[145.263,-42.62],[145.263,-42.617],[145.263,-42.614],[145.265,-42.613],[145.273,-42.613],[145.282,-42.613],[145.286,-42.61],[145.295,-42.602],[145.297,-42.6],[145.301,-42.599],[145.297,-42.596],[145.296,-42.594],[145.299,-42.593],[145.302,-42.587],[145.302,-42.584],[145.302,-42.581],[145.3,-42.578],[145.3,-42.575],[145.304,-42.572],[145.296,-42.568],[145.288,-42.569],[145.28,-42.564],[145.278,-42.561],[145.275,-42.555],[145.279,-42.552],[145.275,-42.55],[145.273,-42.545],[145.272,-42.541],[145.269,-42.538],[145.267,-42.53],[145.261,-42.526],[145.254,-42.524],[145.254,-42.52],[145.26,-42.511],[145.258,-42.498],[145.253,-42.493],[145.253,-42.487],[145.247,-42.487],[145.247,-42.482],[145.241,-42.48],[145.239,-42.474],[145.237,-42.47],[145.242,-42.467],[145.246,-42.461],[145.248,-42.454],[145.253,-42.451],[145.253,-42.447],[145.254,-42.444],[145.251,-42.441],[145.244,-42.435],[145.243,-42.432],[145.242,-42.425],[145.24,-42.421],[145.236,-42.416],[145.237,-42.414],[145.238,-42.411],[145.244,-42.406],[145.236,-42.403],[145.234,-42.399],[145.237,-42.391],[145.236,-42.395],[145.225,-42.387],[145.227,-42.38],[145.227,-42.37],[145.22,-42.368],[145.216,-42.366],[145.218,-42.364],[145.22,-42.362],[145.222,-42.355],[145.219,-42.351],[145.215,-42.349],[145.213,-42.347],[145.212,-42.343],[145.211,-42.34],[145.207,-42.337],[145.203,-42.334],[145.201,-42.332],[145.197,-42.328],[145.197,-42.325],[145.197,-42.322],[145.196,-42.319],[145.196,-42.313],[145.196,-42.312],[145.203,-42.307],[145.211,-42.301],[145.211,-42.295],[145.21,-42.289],[145.211,-42.287],[145.213,-42.283],[145.212,-42.274],[145.208,-42.266],[145.207,-42.262],[145.205,-42.258],[145.205,-42.254],[145.202,-42.251],[145.2,-42.25],[145.197,-42.247],[145.195,-42.245],[145.189,-42.242],[145.19,-42.241],[145.19,-42.236],[145.19,-42.233],[145.192,-42.231],[145.192,-42.226],[145.187,-42.222],[145.188,-42.217],[145.191,-42.215],[145.189,-42.209],[145.185,-42.208],[145.182,-42.209],[145.176,-42.209],[145.174,-42.21],[145.175,-42.208],[145.174,-42.205],[145.171,-42.203],[145.17,-42.201],[145.167,-42.198],[145.166,-42.198],[145.167,-42.197],[145.168,-42.196],[145.17,-42.197],[145.173,-42.197],[145.175,-42.196],[145.176,-42.194],[145.179,-42.193],[145.182,-42.194],[145.184,-42.195],[145.186,-42.195],[145.188,-42.195],[145.192,-42.197],[145.198,-42.198],[145.2,-42.203],[145.209,-42.207],[145.209,-42.21],[145.213,-42.211],[145.215,-42.219],[145.222,-42.227],[145.223,-42.232],[145.22,-42.239],[145.229,-42.243],[145.233,-42.249],[145.235,-42.259],[145.253,-42.267],[145.254,-42.279],[145.264,-42.291],[145.274,-42.284],[145.283,-42.282],[145.292,-42.294],[145.301,-42.296],[145.311,-42.292],[145.317,-42.288],[145.312,-42.298],[145.31,-42.31],[145.31,-42.32],[145.325,-42.328],[145.332,-42.338],[145.339,-42.345],[145.34,-42.339],[145.346,-42.342],[145.353,-42.344],[145.358,-42.349],[145.362,-42.352],[145.367,-42.355],[145.371,-42.355],[145.374,-42.358],[145.379,-42.361],[145.384,-42.366],[145.39,-42.372],[145.407,-42.372],[145.415,-42.372],[145.42,-42.378],[145.427,-42.382],[145.431,-42.383],[145.436,-42.389],[145.441,-42.399],[145.453,-42.404],[145.451,-42.413],[145.448,-42.421],[145.447,-42.436],[145.451,-42.446],[145.455,-42.451],[145.459,-42.458],[145.46,-42.468],[145.464,-42.478],[145.466,-42.489],[145.463,-42.497],[145.465,-42.508],[145.467,-42.519],[145.478,-42.526],[145.48,-42.519],[145.478,-42.507],[145.473,-42.497],[145.477,-42.486],[145.48,-42.477],[145.475,-42.469],[145.471,-42.453],[145.466,-42.443],[145.472,-42.44],[145.461,-42.44],[145.454,-42.438],[145.47,-42.431],[145.492,-42.422],[145.504,-42.435],[145.522,-42.445],[145.541,-42.444],[145.587,-42.45],[145.603,-42.448],[145.616,-42.444],[145.619,-42.442],[145.653,-42.437],[145.674,-42.459],[145.673,-42.488],[145.672,-42.51],[145.672,-42.534],[145.669,-42.541],[145.671,-42.555],[145.68,-42.566],[145.691,-42.57],[145.708,-42.579],[145.718,-42.59],[145.731,-42.583],[145.737,-42.59],[145.708,-42.578],[145.673,-42.562],[145.674,-42.547],[145.673,-42.537],[145.671,-42.524],[145.677,-42.496],[145.675,-42.473],[145.668,-42.442],[145.635,-42.44],[145.611,-42.435],[145.607,-42.451],[145.586,-42.449],[145.566,-42.44],[145.542,-42.44],[145.528,-42.445],[145.516,-42.437],[145.518,-42.43],[145.525,-42.422],[145.527,-42.414],[145.534,-42.404],[145.534,-42.397],[145.534,-42.391],[145.539,-42.389],[145.543,-42.383],[145.543,-42.374],[145.55,-42.367],[145.554,-42.358],[145.545,-42.352],[145.542,-42.353],[145.537,-42.361],[145.53,-42.372],[145.512,-42.373],[145.502,-42.365],[145.521,-42.368],[145.526,-42.36],[145.519,-42.35],[145.514,-42.342],[145.517,-42.34],[145.511,-42.335],[145.5,-42.333],[145.497,-42.328],[145.494,-42.322],[145.494,-42.325],[145.494,-42.328],[145.496,-42.334],[145.491,-42.337],[145.499,-42.339],[145.496,-42.343],[145.489,-42.342],[145.489,-42.343],[145.484,-42.347],[145.485,-42.351],[145.487,-42.357],[145.487,-42.363],[145.48,-42.356],[145.468,-42.346],[145.465,-42.334],[145.464,-42.324],[145.449,-42.319],[145.44,-42.315],[145.43,-42.308],[145.427,-42.297],[145.42,-42.289],[145.407,-42.282],[145.4,-42.278],[145.394,-42.271],[145.39,-42.264],[145.383,-42.259],[145.373,-42.25],[145.368,-42.252],[145.366,-42.24],[145.361,-42.234],[145.371,-42.227],[145.364,-42.21],[145.372,-42.203],[145.358,-42.202],[145.351,-42.21],[145.356,-42.194],[145.391,-42.194],[145.419,-42.197],[145.434,-42.189],[145.451,-42.199],[145.471,-42.193],[145.485,-42.187],[145.493,-42.179],[145.479,-42.185],[145.47,-42.196],[145.447,-42.195],[145.43,-42.189],[145.401,-42.195],[145.358,-42.192],[145.358,-42.176],[145.347,-42.169],[145.335,-42.169],[145.329,-42.166],[145.329,-42.159],[145.334,-42.155],[145.334,-42.153],[145.331,-42.153],[145.322,-42.156],[145.32,-42.154],[145.314,-42.154],[145.312,-42.152],[145.311,-42.152],[145.31,-42.15],[145.305,-42.15],[145.31,-42.153],[145.315,-42.158],[145.315,-42.159],[145.313,-42.163],[145.316,-42.169],[145.311,-42.175],[145.304,-42.18],[145.302,-42.179],[145.297,-42.179],[145.292,-42.182],[145.286,-42.184],[145.277,-42.193],[145.269,-42.201],[145.283,-42.211],[145.288,-42.204],[145.29,-42.197],[145.289,-42.208],[145.286,-42.217],[145.285,-42.23],[145.265,-42.231],[145.254,-42.223],[145.227,-42.221],[145.238,-42.203],[145.259,-42.175],[145.261,-42.162],[145.263,-42.149],[145.265,-42.137],[145.265,-42.127],[145.264,-42.116],[145.263,-42.105],[145.261,-42.095],[145.259,-42.085],[145.256,-42.073],[145.25,-42.049],[145.251,-42.023],[145.263,-42.023],[145.245,-42.029],[145.247,-42.05],[145.238,-42.029],[145.227,-42.008],[145.219,-41.994],[145.199,-41.96],[145.196,-41.95],[145.199,-41.952],[145.2,-41.94],[145.197,-41.947],[145.189,-41.944],[145.185,-41.941],[145.181,-41.938],[145.18,-41.936],[145.174,-41.929],[145.168,-41.927],[145.164,-41.926],[145.161,-41.925],[145.158,-41.923],[145.155,-41.922],[145.154,-41.92],[145.153,-41.917],[145.153,-41.915],[145.149,-41.913],[145.146,-41.913],[145.143,-41.911],[145.14,-41.911],[145.139,-41.91],[145.138,-41.908],[145.133,-41.906],[145.132,-41.904],[145.129,-41.902],[145.127,-41.902],[145.125,-41.901],[145.124,-41.899],[145.124,-41.898],[145.122,-41.895],[145.121,-41.894],[145.121,-41.891],[145.118,-41.888],[145.115,-41.886],[145.112,-41.886],[145.113,-41.883],[145.109,-41.881],[145.107,-41.878],[145.105,-41.878],[145.103,-41.876],[145.101,-41.874],[145.099,-41.873],[145.095,-41.872],[145.092,-41.87],[145.09,-41.869],[145.086,-41.867],[145.084,-41.864],[145.082,-41.863],[145.08,-41.861],[145.078,-41.859],[145.076,-41.857],[145.073,-41.855],[145.072,-41.855],[145.072,-41.853],[145.07,-41.851],[145.07,-41.848],[145.069,-41.845],[145.069,-41.843],[145.068,-41.84],[145.068,-41.836],[145.062,-41.833],[145.056,-41.825],[145.052,-41.822],[145.048,-41.821],[145.045,-41.82],[145.044,-41.818],[145.042,-41.816],[145.039,-41.813],[145.035,-41.814],[145.03,-41.813],[145.028,-41.813],[145.027,-41.81],[145.032,-41.809],[145.031,-41.805],[145.024,-41.805],[145.021,-41.8],[145.018,-41.799],[145.021,-41.797],[145.016,-41.796],[145.016,-41.794],[145.012,-41.79],[145.012,-41.788],[145.011,-41.786],[145.008,-41.785],[145.006,-41.779],[145.005,-41.775],[145.005,-41.769],[145.007,-41.768],[145.001,-41.765],[144.996,-41.763],[144.996,-41.758],[144.997,-41.757],[144.992,-41.746],[144.983,-41.742],[144.982,-41.736],[144.974,-41.733],[144.971,-41.729],[144.96,-41.72],[144.947,-41.718],[144.943,-41.72],[144.941,-41.721],[144.94,-41.723],[144.937,-41.724],[144.932,-41.722],[144.93,-41.721],[144.927,-41.721],[144.927,-41.718],[144.923,-41.717],[144.922,-41.715],[144.92,-41.713],[144.918,-41.71],[144.919,-41.706],[144.917,-41.702],[144.916,-41.699],[144.915,-41.696],[144.912,-41.694],[144.912,-41.69],[144.911,-41.688],[144.913,-41.684],[144.92,-41.681],[144.926,-41.677],[144.928,-41.671],[144.934,-41.674],[144.941,-41.678],[144.932,-41.673],[144.927,-41.672],[144.93,-41.662],[144.951,-41.651],[144.98,-41.629],[145.009,-41.618],[145.046,-41.623],[145.058,-41.627],[145.064,-41.64],[145.068,-41.651],[145.087,-41.656],[145.102,-41.654],[145.09,-41.651],[145.69,-41.666],[145.711,-41.638],[145.741,-41.631],[145.749,-41.63],[145.771,-41.63],[145.78,-41.624],[145.782,-41.617],[145.785,-41.608],[145.789,-41.601],[145.798,-41.598],[145.809,-41.603],[145.825,-41.594],[145.834,-41.587],[145.842,-41.588],[145.849,-41.584],[145.853,-41.583]]]]}},{"type":"Feature","properties":{"state":"Northern Territory","state_code":"7","region_code":710,"region":"Darwin"},"geometry":{"type":"MultiPolygon","coordinates":[[[[131.055,-12.162],[131.206,-12.241],[131.222,-12.281],[131.244,-12.224],[131.304,-12.414],[131.369,-12.476],[131.38,-12.587],[131.296,-12.691],[131.275,-12.765],[131.236,-12.786],[131.204,-12.858],[130.889,-12.703],[130.892,-12.633],[130.956,-12.624],[130.889,-12.557],[130.896,-12.53],[130.945,-12.55],[130.938,-12.476],[130.895,-12.465],[130.853,-12.441],[130.85,-12.446],[130.851,-12.453],[130.838,-12.464],[130.83,-12.46],[130.827,-12.461],[130.822,-12.46],[130.823,-12.462],[130.818,-12.459],[130.816,-12.454],[130.82,-12.453],[130.819,-12.452],[130.822,-12.45],[130.827,-12.449],[130.834,-12.435],[130.835,-12.425],[130.82,-12.415],[130.848,-12.396],[130.847,-12.388],[130.843,-12.384],[130.842,-12.379],[130.846,-12.379],[130.85,-12.376],[130.854,-12.374],[130.909,-12.337],[130.99,-12.349],[131.051,-12.349],[131.029,-12.307],[131.003,-12.162],[131.055,-12.162]]],[[[131.047,-12.094],[131.066,-12.121],[131.041,-12.13],[131.013,-12.111],[131.052,-12.104],[131.04,-12.095],[131.047,-12.094]]]]}},{"type":"Feature","properties":{"state":"Northern Territory","state_code":"7","region_code":715,"region":"Lasseter"},"geometry":{"type":"MultiPolygon","coordinates":[[[[129.001,-25.661],[134.285,-25.019],[132.415,-25.999],[129.001,-25.661]]]]}},{"type":"Feature","properties":{"state":"Northern Territory","state_code":"7","region_code":716,"region":"MacDonnell"},"geometry":{"type":"MultiPolygon","coordinates":[[[[130.635,-17.945],[130.625,-18.333],[130.631,-18.341],[133.071,-21.077],[137.681,-21.929],[133.607,-24.501],[130.635,-17.945]]]]}},{"type":"Feature","properties":{"state":"Northern Territory","state_code":"7","region_code":711,"region":"Barkly"},"geometry":{"type":"MultiPolygon","coordinates":[[[[135.076,-16.517],[136.49,-21.978],[132.184,-20.393],[135.076,-16.517]]]]}},{"type":"Feature","properties":{"state":"Northern Territory","state_code":"7","region_code":713,"region":"Litchfield Kakadu Arnhem"},"geometry":{"type":"MultiPolygon","coordinates":[[[[136.515,-13.7],[136.5,-13.783],[136.512,-13.699],[136.515,-13.7]]],[[[136.226,-13.663],[136.275,-13.701],[136.274,-13.77],[136.248,-13.85],[136.206,-13.818],[136.158,-13.777],[136.106,-13.814],[136.161,-13.751],[136.191,-13.671],[136.226,-13.663]]],[[[136.726,-13.651],[136.71,-13.716],[136.733,-13.778],[136.772,-13.842],[136.812,-13.854],[136.818,-13.854],[136.843,-13.809],[136.873,-13.756],[136.836,-13.91],[136.803,-14.041],[136.741,-14.074],[136.716,-14.143],[136.78,-14.177],[136.843,-14.184],[136.921,-14.151],[136.941,-14.213],[136.947,-14.28],[136.909,-14.286],[136.854,-14.279],[136.804,-14.29],[136.677,-14.298],[136.539,-14.252],[136.325,-14.213],[136.42,-14.053],[136.421,-13.86],[136.465,-13.834],[136.567,-13.813],[136.617,-13.762],[136.596,-13.685],[136.631,-13.72],[136.689,-13.661],[136.726,-13.651]]],[[[136.117,-13.36],[136.205,-13.452],[136.144,-13.482],[136.147,-13.551],[136.138,-13.498],[136.126,-13.389],[136.117,-13.36]]],[[[130.462,-12.631],[130.461,-12.638],[130.455,-12.629],[130.461,-12.629],[130.462,-12.631]]],[[[130.517,-12.581],[130.525,-12.688],[130.49,-12.582],[130.517,-12.581]]],[[[136.71,-12.205],[136.701,-12.23],[136.699,-12.211],[136.71,-12.205]]],[[[134.883,-12.064],[134.923,-12.105],[134.923,-12.11],[134.9,-12.14],[134.883,-12.064]]],[[[136.314,-11.975],[136.241,-12.044],[136.147,-12.07],[136.142,-12.044],[136.183,-12.026],[136.216,-12.035],[136.278,-11.982],[136.314,-11.975]]],[[[136.499,-11.801],[136.465,-11.895],[136.47,-11.832],[136.499,-11.801]]],[[[135.881,-11.76],[135.889,-11.856],[135.72,-12.003],[135.565,-12.071],[135.564,-12.03],[135.561,-12.027],[135.563,-12.021],[135.595,-11.955],[135.754,-11.923],[135.879,-11.813],[135.881,-11.76]]],[[[136.624,-11.74],[136.522,-11.787],[136.567,-11.771],[136.612,-11.743],[136.624,-11.74]]],[[[133.41,-11.586],[133.446,-11.619],[133.385,-11.64],[133.387,-11.642],[133.39,-11.645],[133.392,-11.65],[133.395,-11.652],[133.392,-11.672],[133.41,-11.586]]],[[[136.362,-11.552],[136.318,-11.618],[136.258,-11.63],[136.228,-11.66],[136.166,-11.694],[136.169,-11.655],[136.211,-11.644],[136.246,-11.597],[136.288,-11.606],[136.298,-11.589],[136.339,-11.582],[136.362,-11.552]]],[[[132.157,-11.541],[132.156,-11.542],[132.155,-11.541],[132.155,-11.54],[132.157,-11.541]]],[[[136.473,-11.475],[136.405,-11.548],[136.381,-11.541],[136.446,-11.495],[136.473,-11.475]]],[[[133.472,-11.47],[133.385,-11.54],[133.467,-11.466],[133.472,-11.47]]],[[[130.354,-11.34],[130.378,-11.483],[130.462,-11.627],[130.615,-11.735],[130.639,-11.752],[130.64,-11.754],[130.641,-11.755],[130.641,-11.757],[130.641,-11.759],[130.641,-11.761],[130.64,-11.763],[130.639,-11.765],[130.637,-11.766],[130.57,-11.818],[130.396,-11.801],[130.221,-11.798],[130.025,-11.798],[130.072,-11.76],[130.135,-11.704],[130.22,-11.707],[130.223,-11.67],[130.268,-11.696],[130.197,-11.613],[130.221,-11.51],[130.24,-11.523],[130.168,-11.464],[130.249,-11.401],[130.345,-11.327],[130.354,-11.34]]],[[[136.683,-11.231],[136.683,-11.232],[136.682,-11.232],[136.682,-11.231],[136.683,-11.231]]],[[[130.398,-11.165],[130.558,-11.269],[130.558,-11.359],[130.653,-11.344],[130.669,-11.415],[130.671,-11.416],[130.673,-11.417],[130.674,-11.418],[130.675,-11.421],[130.677,-11.423],[130.678,-11.425],[130.679,-11.426],[130.681,-11.427],[130.695,-11.46],[130.806,-11.509],[130.705,-11.422],[130.836,-11.358],[130.986,-11.341],[131.113,-11.259],[131.207,-11.334],[131.211,-11.23],[131.297,-11.202],[131.327,-11.267],[131.403,-11.284],[131.448,-11.316],[131.495,-11.383],[131.514,-11.472],[131.463,-11.586],[131.38,-11.585],[131.308,-11.706],[131.201,-11.772],[131.043,-11.882],[130.915,-11.899],[130.766,-11.827],[130.669,-11.761],[130.532,-11.681],[130.455,-11.522],[130.419,-11.412],[130.412,-11.409],[130.39,-11.343],[130.363,-11.248],[130.398,-11.165]]],[[[132.336,-11.12],[132.38,-11.277],[132.422,-11.25],[132.498,-11.269],[132.511,-11.319],[132.622,-11.412],[132.756,-11.492],[132.857,-11.413],[132.888,-11.356],[132.946,-11.372],[133.017,-11.455],[133.094,-11.593],[133.249,-11.733],[133.322,-11.725],[133.369,-11.759],[133.44,-11.776],[133.536,-11.78],[133.521,-11.857],[133.607,-11.817],[133.676,-11.783],[133.865,-11.754],[133.902,-11.806],[133.832,-11.858],[133.894,-11.914],[133.996,-11.878],[134.072,-11.925],[134.145,-11.932],[134.182,-12.017],[134.201,-12.069],[134.284,-11.984],[134.478,-12.072],[134.69,-11.962],[134.769,-12.005],[134.866,-12.132],[135.04,-12.243],[135.155,-12.249],[135.173,-12.235],[135.244,-12.228],[135.281,-12.222],[135.304,-12.136],[135.415,-12.091],[135.538,-12.065],[135.657,-12.038],[135.902,-11.956],[135.828,-12.005],[135.746,-12.083],[135.652,-12.198],[135.77,-12.271],[135.838,-12.188],[135.884,-12.161],[135.924,-12.162],[135.965,-12.139],[136.035,-12.067],[135.993,-12.141],[135.955,-12.258],[136.063,-12.249],[136.009,-12.3],[135.967,-12.412],[136.02,-12.492],[136.096,-12.457],[136.195,-12.468],[136.314,-12.356],[136.379,-12.25],[136.229,-12.214],[136.168,-12.178],[136.212,-12.133],[136.322,-12.051],[136.371,-12.026],[136.408,-11.971],[136.483,-11.952],[136.567,-11.896],[136.509,-11.955],[136.454,-12.001],[136.495,-12.03],[136.519,-11.989],[136.585,-12.124],[136.645,-12.263],[136.736,-12.275],[136.748,-12.217],[136.731,-12.225],[136.72,-12.209],[136.711,-12.199],[136.687,-12.194],[136.708,-12.187],[136.835,-12.212],[136.892,-12.249],[136.893,-12.248],[136.896,-12.248],[136.928,-12.304],[136.873,-12.381],[136.976,-12.348],[136.892,-12.405],[136.764,-12.537],[136.732,-12.477],[136.747,-12.531],[136.677,-12.594],[136.763,-12.573],[136.697,-12.701],[136.611,-12.752],[136.582,-12.804],[136.528,-12.763],[136.472,-12.774],[136.506,-12.854],[136.575,-12.925],[136.638,-12.964],[136.632,-12.997],[136.586,-13.012],[136.562,-12.984],[136.521,-12.977],[136.49,-12.997],[136.567,-13.058],[136.48,-13.182],[136.429,-13.232],[136.339,-13.271],[136.37,-13.167],[136.361,-13.054],[136.296,-13.109],[136.271,-13.159],[136.214,-13.155],[136.196,-13.248],[136.151,-13.245],[136.119,-13.145],[136.062,-13.261],[136.019,-13.221],[135.962,-13.288],[135.901,-13.372],[134.851,-13.112],[132.367,-13.759],[132.341,-13.727],[132.323,-13.672],[132.219,-13.603],[132.116,-13.578],[132.024,-13.503],[131.968,-13.397],[131.907,-13.229],[131.304,-13.399],[130.912,-13.504],[130.812,-13.527],[130.212,-13.231],[130.133,-13.176],[130.138,-12.985],[130.212,-12.947],[130.335,-12.893],[130.35,-12.681],[130.413,-12.659],[130.501,-12.665],[130.534,-12.74],[130.549,-12.709],[130.571,-12.74],[130.631,-12.742],[130.617,-12.709],[130.708,-12.722],[130.665,-12.702],[130.602,-12.672],[130.585,-12.639],[130.628,-12.611],[130.597,-12.599],[130.575,-12.543],[130.59,-12.453],[130.615,-12.39],[130.765,-12.437],[130.754,-12.492],[130.731,-12.581],[130.779,-12.615],[130.808,-12.556],[130.861,-12.589],[130.876,-12.635],[131.054,-12.816],[131.213,-12.803],[131.254,-12.77],[131.273,-12.709],[131.356,-12.637],[131.382,-12.512],[131.341,-12.444],[131.272,-12.333],[131.269,-12.107],[131.314,-12.133],[131.551,-12.278],[131.767,-12.27],[132.004,-12.289],[132.218,-12.198],[132.36,-12.205],[132.554,-12.088],[132.646,-11.874],[132.597,-11.768],[132.501,-11.65],[132.543,-11.577],[132.523,-11.47],[132.356,-11.443],[132.225,-11.464],[132.144,-11.519],[132.059,-11.502],[132.023,-11.427],[131.984,-11.382],[131.923,-11.346],[131.85,-11.301],[131.78,-11.293],[131.852,-11.281],[131.851,-11.215],[131.887,-11.186],[131.928,-11.258],[131.972,-11.201],[131.978,-11.131],[132.053,-11.196],[132.082,-11.201],[132.107,-11.254],[132.107,-11.314],[132.14,-11.305],[132.164,-11.405],[132.199,-11.381],[132.226,-11.322],[132.185,-11.247],[132.142,-11.155],[132.227,-11.184],[132.284,-11.274],[132.266,-11.176],[132.336,-11.12]]],[[[136.762,-11.027],[136.72,-11.171],[136.683,-11.218],[136.68,-11.247],[136.626,-11.313],[136.563,-11.408],[136.489,-11.459],[136.497,-11.404],[136.556,-11.343],[136.607,-11.246],[136.696,-11.179],[136.703,-11.119],[136.73,-11.09],[136.746,-11.046],[136.762,-11.027]]],[[[132.596,-10.972],[132.605,-11.141],[132.582,-11.153],[132.613,-11.224],[132.588,-11.344],[132.506,-11.209],[132.507,-11.129],[132.514,-11.054],[132.596,-10.972]]]]}},{"type":"Feature","properties":{"state":"Northern Territory","state_code":"7","region_code":714,"region":"Katherine Daly"},"geometry":{"type":"MultiPolygon","coordinates":[[[[136.766,-15.641],[136.804,-15.685],[136.746,-15.75],[136.735,-15.659],[136.766,-15.641]]],[[[137.002,-15.592],[137.079,-15.655],[137.103,-15.781],[137.0,-15.794],[136.97,-15.719],[136.936,-15.715],[136.946,-15.658],[136.978,-15.636],[137.002,-15.592]]],[[[136.59,-15.517],[136.6,-15.596],[136.497,-15.644],[136.571,-15.519],[136.59,-15.517]]],[[[136.882,-15.515],[136.872,-15.61],[136.851,-15.628],[136.861,-15.525],[136.882,-15.515]]],[[[135.881,-14.421],[135.88,-14.423],[135.882,-14.418],[135.882,-14.419],[135.881,-14.421]]],[[[134.971,-12.99],[135.956,-13.448],[135.86,-13.44],[135.863,-13.563],[135.891,-13.67],[135.936,-13.746],[136.037,-13.656],[136.02,-13.753],[135.951,-13.952],[135.89,-14.121],[135.794,-14.226],[135.749,-14.276],[135.747,-14.277],[135.745,-14.278],[135.744,-14.279],[135.742,-14.28],[135.729,-14.283],[135.727,-14.283],[135.725,-14.283],[135.668,-14.399],[135.589,-14.488],[135.518,-14.626],[135.436,-14.711],[135.422,-14.882],[135.572,-15.036],[135.738,-15.114],[135.988,-15.289],[136.17,-15.395],[136.306,-15.582],[136.401,-15.628],[136.547,-15.728],[136.636,-15.688],[136.723,-15.697],[136.661,-15.79],[136.694,-15.894],[136.785,-15.903],[136.893,-15.925],[136.912,-15.901],[136.999,-15.875],[137.227,-16.007],[137.353,-16.115],[137.441,-16.143],[137.601,-16.185],[137.839,-16.384],[135.776,-16.793],[130.63,-18.342],[130.626,-18.334],[130.624,-18.333],[129.0,-15.609],[129.11,-14.962],[129.185,-14.997],[129.175,-15.168],[129.216,-15.153],[129.258,-15.046],[129.264,-15.032],[129.236,-14.912],[129.255,-14.847],[129.367,-14.901],[129.49,-14.955],[129.604,-15.109],[129.683,-15.145],[129.621,-14.999],[129.547,-14.88],[129.566,-14.843],[129.577,-14.798],[129.758,-14.845],[129.847,-14.831],[129.859,-14.784],[129.758,-14.825],[129.775,-14.783],[129.637,-14.705],[129.637,-14.611],[129.767,-14.554],[129.664,-14.581],[129.519,-14.543],[129.522,-14.466],[129.463,-14.45],[129.443,-14.478],[129.364,-14.423],[129.418,-14.28],[129.473,-14.176],[129.487,-14.063],[129.535,-14.079],[129.598,-14.083],[129.696,-14.02],[129.717,-13.875],[129.828,-13.58],[129.893,-13.443],[129.93,-13.529],[130.059,-13.499],[130.744,-13.335],[130.887,-13.522],[131.272,-13.375],[131.882,-13.187],[131.956,-13.346],[132.022,-13.47],[132.102,-13.563],[132.206,-13.597],[132.307,-13.648],[132.326,-13.715],[132.356,-13.751],[132.421,-13.402],[134.971,-12.99]]]]}},{"type":"Feature","properties":{"state":"Australian Capital Territory","state_code":"8","region_code":810,"region":"Canberra"},"geometry":{"type":"MultiPolygon","coordinates":[[[[149.128,-35.126],[149.189,-35.166],[149.234,-35.221],[149.28,-35.271],[149.351,-35.296],[149.392,-35.329],[149.365,-35.347],[149.357,-35.35],[149.336,-35.34],[149.293,-35.334],[149.261,-35.331],[149.243,-35.336],[149.204,-35.348],[149.144,-35.424],[149.153,-35.434],[149.149,-35.444],[149.138,-35.463],[149.151,-35.5],[149.113,-35.586],[149.108,-35.584],[149.096,-35.668],[149.096,-35.746],[149.095,-35.829],[149.054,-35.914],[148.962,-35.897],[148.907,-35.832],[148.888,-35.734],[148.819,-35.719],[148.797,-35.671],[148.775,-35.611],[148.768,-35.523],[148.786,-35.429],[148.797,-35.346],[149.123,-35.125],[149.128,-35.126]]]]}}]}